labelset,cell_label,cell_fullname,n_cells,source,source_label,cell_count,partitioned,source_label_total,purity,coverage
L2,Endo_artery,Artery endothelial,11267,celltype_GarciaAlonso2021,Endothelial SEMA3G,299,523,324,0.5717,0.9228
L2,Endo_artery,Artery endothelial,11267,celltype_GarciaAlonso2021,Endothelial ACKR1,224,523,5413,0.4283,0.0414
L2,Endo_artery,Artery endothelial,11267,celltype_GarciaAlonso2022,Endothelial,946,947,6280,0.9989,0.1506
L2,Endo_artery,Artery endothelial,11267,celltype_GarciaAlonso2022,Epithelial,1,947,9596,0.0011,0.0001
L2,Endo_artery,Artery endothelial,11267,celltype_HECA,Arterial,659,745,815,0.8846,0.8086
L2,Endo_artery,Artery endothelial,11267,celltype_HECA,Venous,86,745,6662,0.1154,0.0129
L2,Endo_artery,Artery endothelial,11267,celltype_Lardenois2026,Endothelial,27,27,179,1.0,0.1508
L2,Endo_artery,Artery endothelial,11267,celltype_Lorenzi2025,Endothelial,1016,1016,7907,1.0,0.1285
L2,Endo_artery,Artery endothelial,11267,celltype_OvarySanger2026,Endo_Art,1812,2636,2153,0.6874,0.8416
L2,Endo_artery,Artery endothelial,11267,celltype_OvarySanger2026,Endo_Art_LY6H+_angiogenic,506,2636,588,0.192,0.8605
L2,Endo_artery,Artery endothelial,11267,celltype_OvarySanger2026,Endo_Cap,206,2636,7359,0.0781,0.028
L2,Endo_artery,Artery endothelial,11267,celltype_OvarySanger2026,Endo_Art_HEY2+_notch,79,2636,80,0.03,0.9875
L2,Endo_artery,Artery endothelial,11267,celltype_OvarySanger2026,Endo_Cap_LY6H+_angiogenic,25,2636,1048,0.0095,0.0239
L2,Endo_artery,Artery endothelial,11267,celltype_OvarySanger2026,Endo_Cycling,6,2636,359,0.0023,0.0167
L2,Endo_artery,Artery endothelial,11267,celltype_OvarySanger2026,Endo_Ven,1,2636,788,0.0004,0.0013
L2,Endo_artery,Artery endothelial,11267,celltype_OvarySanger2026,PV_SMC_Arterial,1,2636,31802,0.0004,0.0
L2,Endo_artery,Artery endothelial,11267,celltype_Ulrich2022,blood vessel endothelial cell,322,322,3418,1.0,0.0942
L2,Endo_artery,Artery endothelial,11267,celltype_Ulrich2024,Artery,1039,1313,1128,0.7913,0.9211
L2,Endo_artery,Artery endothelial,11267,celltype_Ulrich2024,aPCV,134,1313,2402,0.1021,0.0558
L2,Endo_artery,Artery endothelial,11267,celltype_Ulrich2024,Tip,75,1313,290,0.0571,0.2586
L2,Endo_artery,Artery endothelial,11267,celltype_Ulrich2024,Capillary,20,1313,1656,0.0152,0.0121
L2,Endo_artery,Artery endothelial,11267,celltype_Ulrich2024,tPCV,18,1313,3680,0.0137,0.0049
L2,Endo_artery,Artery endothelial,11267,celltype_Ulrich2024,EndoMT,8,1313,125,0.0061,0.064
L2,Endo_artery,Artery endothelial,11267,celltype_Ulrich2024,HEV,5,1313,616,0.0038,0.0081
L2,Endo_artery,Artery endothelial,11267,celltype_Ulrich2024,PCV,5,1313,3751,0.0038,0.0013
L2,Endo_artery,Artery endothelial,11267,celltype_Ulrich2024,HMGB2-Prolif,3,1313,1402,0.0023,0.0021
L2,Endo_artery,Artery endothelial,11267,celltype_Ulrich2024,MUC16+_Gland_sec,2,1313,1447,0.0015,0.0014
L2,Endo_artery,Artery endothelial,11267,celltype_Ulrich2024,Fibrocytes,1,1313,46,0.0008,0.0217
L2,Endo_artery,Artery endothelial,11267,celltype_Ulrich2024,Gland-sec-progenitor-A,1,1313,4403,0.0008,0.0002
L2,Endo_artery,Artery endothelial,11267,celltype_Ulrich2024,Myoepithelial,1,1313,110,0.0008,0.0091
L2,Endo_artery,Artery endothelial,11267,celltype_Ulrich2024,Tissue-resident-vascular-progenitor,1,1313,203,0.0008,0.0049
L2,Endo_artery,Artery endothelial,11267,celltype_Weigert2025,endothelial cell,766,771,4780,0.9935,0.1603
L2,Endo_artery,Artery endothelial,11267,celltype_Weigert2025,ciliated epithelial cell,2,771,5184,0.0026,0.0004
L2,Endo_artery,Artery endothelial,11267,celltype_Weigert2025,endothelial cell of lymphatic vessel,2,771,2789,0.0026,0.0007
L2,Endo_artery,Artery endothelial,11267,celltype_Weigert2025,stromal cell,1,771,51072,0.0013,0.0
L3,Endo_cap,Capillary endothelial,21199,celltype_GarciaAlonso2021,Endothelial ACKR1,366,367,5413,0.9973,0.0676
L3,Endo_cap,Capillary endothelial,21199,celltype_GarciaAlonso2021,Endothelial SEMA3G,1,367,324,0.0027,0.0031
L3,Endo_cap,Capillary endothelial,21199,celltype_GarciaAlonso2022,Endothelial,2751,2751,6280,1.0,0.4381
L3,Endo_cap,Capillary endothelial,21199,celltype_HECA,Venous,437,471,6662,0.9278,0.0656
L3,Endo_cap,Capillary endothelial,21199,celltype_HECA,Arterial,33,471,815,0.0701,0.0405
L3,Endo_cap,Capillary endothelial,21199,celltype_HECA,Lymphatic,1,471,101,0.0021,0.0099
L3,Endo_cap,Capillary endothelial,21199,celltype_Lardenois2026,Endothelial,107,107,179,1.0,0.5978
L3,Endo_cap,Capillary endothelial,21199,celltype_Lorenzi2025,Endothelial,2142,2143,7907,0.9995,0.2709
L3,Endo_cap,Capillary endothelial,21199,celltype_Lorenzi2025,Preputial Lamina Epi,1,2143,2666,0.0005,0.0004
L3,Endo_cap,Capillary endothelial,21199,celltype_OvarySanger2026,Endo_Cap,5398,6034,7359,0.8946,0.7335
L3,Endo_cap,Capillary endothelial,21199,celltype_OvarySanger2026,Endo_Art,237,6034,2153,0.0393,0.1101
L3,Endo_cap,Capillary endothelial,21199,celltype_OvarySanger2026,Endo_Cap_LY6H+_angiogenic,206,6034,1048,0.0341,0.1966
L3,Endo_cap,Capillary endothelial,21199,celltype_OvarySanger2026,Endo_Cycling,89,6034,359,0.0147,0.2479
L3,Endo_cap,Capillary endothelial,21199,celltype_OvarySanger2026,Endo_Ven,50,6034,788,0.0083,0.0635
L3,Endo_cap,Capillary endothelial,21199,celltype_OvarySanger2026,Endo_Art_LY6H+_angiogenic,43,6034,588,0.0071,0.0731
L3,Endo_cap,Capillary endothelial,21199,celltype_OvarySanger2026,Endo_Cap_CA2+_angiogenic,5,6034,7,0.0008,0.7143
L3,Endo_cap,Capillary endothelial,21199,celltype_OvarySanger2026,Endo_Cap_VCAN+_activated,3,6034,175,0.0005,0.0171
L3,Endo_cap,Capillary endothelial,21199,celltype_OvarySanger2026,PV_SMC_Arterial,2,6034,31802,0.0003,0.0001
L3,Endo_cap,Capillary endothelial,21199,celltype_OvarySanger2026,Endo_Lymph,1,6034,601,0.0002,0.0017
L3,Endo_cap,Capillary endothelial,21199,celltype_Ulrich2022,blood vessel endothelial cell,132,133,3418,0.9925,0.0386
L3,Endo_cap,Capillary endothelial,21199,celltype_Ulrich2022,endothelial cell of lymphatic vessel,1,133,2093,0.0075,0.0005
L3,Endo_cap,Capillary endothelial,21199,celltype_Ulrich2024,aPCV,1236,1613,2402,0.7663,0.5146
L3,Endo_cap,Capillary endothelial,21199,celltype_Ulrich2024,PCV,203,1613,3751,0.1259,0.0541
L3,Endo_cap,Capillary endothelial,21199,celltype_Ulrich2024,tPCV,95,1613,3680,0.0589,0.0258
L3,Endo_cap,Capillary endothelial,21199,celltype_Ulrich2024,Tip,33,1613,290,0.0205,0.1138
L3,Endo_cap,Capillary endothelial,21199,celltype_Ulrich2024,Capillary,18,1613,1656,0.0112,0.0109
L3,Endo_cap,Capillary endothelial,21199,celltype_Ulrich2024,HEV,14,1613,616,0.0087,0.0227
L3,Endo_cap,Capillary endothelial,21199,celltype_Ulrich2024,Artery,8,1613,1128,0.005,0.0071
L3,Endo_cap,Capillary endothelial,21199,celltype_Ulrich2024,EndoMT,3,1613,125,0.0019,0.024
L3,Endo_cap,Capillary endothelial,21199,celltype_Ulrich2024,HMGB2-Prolif,3,1613,1402,0.0019,0.0021
L3,Endo_cap,Capillary endothelial,21199,celltype_Weigert2025,endothelial cell,1029,1029,4780,1.0,0.2153
L3,Endo_cap_cycl,Capillary endothelial cycling,5081,celltype_GarciaAlonso2021,Endothelial ACKR1,183,184,5413,0.9946,0.0338
L3,Endo_cap_cycl,Capillary endothelial cycling,5081,celltype_GarciaAlonso2021,Endothelial SEMA3G,1,184,324,0.0054,0.0031
L3,Endo_cap_cycl,Capillary endothelial cycling,5081,celltype_GarciaAlonso2022,Endothelial,606,606,6280,1.0,0.0965
L3,Endo_cap_cycl,Capillary endothelial cycling,5081,celltype_HECA,Venous,691,716,6662,0.9651,0.1037
L3,Endo_cap_cycl,Capillary endothelial cycling,5081,celltype_HECA,Arterial,25,716,815,0.0349,0.0307
L3,Endo_cap_cycl,Capillary endothelial cycling,5081,celltype_Lardenois2026,Endothelial,26,26,179,1.0,0.1453
L3,Endo_cap_cycl,Capillary endothelial cycling,5081,celltype_Lorenzi2025,Endothelial,596,596,7907,1.0,0.0754
L3,Endo_cap_cycl,Capillary endothelial cycling,5081,celltype_OvarySanger2026,Endo_Cycling,230,260,359,0.8846,0.6407
L3,Endo_cap_cycl,Capillary endothelial cycling,5081,celltype_OvarySanger2026,Endo_Cap,25,260,7359,0.0962,0.0034
L3,Endo_cap_cycl,Capillary endothelial cycling,5081,celltype_OvarySanger2026,Endo_Cap_LY6H+_angiogenic,3,260,1048,0.0115,0.0029
L3,Endo_cap_cycl,Capillary endothelial cycling,5081,celltype_OvarySanger2026,Endo_Art_HEY2+_notch,1,260,80,0.0038,0.0125
L3,Endo_cap_cycl,Capillary endothelial cycling,5081,celltype_OvarySanger2026,Endo_Ven,1,260,788,0.0038,0.0013
L3,Endo_cap_cycl,Capillary endothelial cycling,5081,celltype_Ulrich2022,endothelial cell of lymphatic vessel,1,1,2093,1.0,0.0005
L3,Endo_cap_cycl,Capillary endothelial cycling,5081,celltype_Ulrich2024,HMGB2-Prolif,120,203,1402,0.5911,0.0856
L3,Endo_cap_cycl,Capillary endothelial cycling,5081,celltype_Ulrich2024,Gland-sec-progenitor-A,21,203,4403,0.1034,0.0048
L3,Endo_cap_cycl,Capillary endothelial cycling,5081,celltype_Ulrich2024,HEV,18,203,616,0.0887,0.0292
L3,Endo_cap_cycl,Capillary endothelial cycling,5081,celltype_Ulrich2024,Tip,14,203,290,0.069,0.0483
L3,Endo_cap_cycl,Capillary endothelial cycling,5081,celltype_Ulrich2024,aPCV,14,203,2402,0.069,0.0058
L3,Endo_cap_cycl,Capillary endothelial cycling,5081,celltype_Ulrich2024,Capillary,6,203,1656,0.0296,0.0036
L3,Endo_cap_cycl,Capillary endothelial cycling,5081,celltype_Ulrich2024,PCV,6,203,3751,0.0296,0.0016
L3,Endo_cap_cycl,Capillary endothelial cycling,5081,celltype_Ulrich2024,tPCV,2,203,3680,0.0099,0.0005
L3,Endo_cap_cycl,Capillary endothelial cycling,5081,celltype_Ulrich2024,Sox9-Glandular,1,203,2917,0.0049,0.0003
L3,Endo_cap_cycl,Capillary endothelial cycling,5081,celltype_Ulrich2024,eS-proliferative,1,203,1386,0.0049,0.0007
L3,Endo_cap_cycl,Capillary endothelial cycling,5081,celltype_Weigert2025,endothelial cell,2,4,4780,0.5,0.0004
L3,Endo_cap_cycl,Capillary endothelial cycling,5081,celltype_Weigert2025,endothelial cell of lymphatic vessel,2,4,2789,0.5,0.0007
L3,Endo_cap_kidney,Capillary likely from kidney,548,celltype_GarciaAlonso2022,Endothelial,316,316,6280,1.0,0.0503
L3,Endo_cap_kidney,Capillary likely from kidney,548,celltype_Lardenois2026,Endothelial,2,2,179,1.0,0.0112
L3,Endo_cap_kidney,Capillary likely from kidney,548,celltype_Lorenzi2025,Endothelial,184,184,7907,1.0,0.0233
L3,Endo_cap_kidney,Capillary likely from kidney,548,celltype_OvarySanger2026,Endo_Cap,5,6,7359,0.8333,0.0007
L3,Endo_cap_kidney,Capillary likely from kidney,548,celltype_OvarySanger2026,Endo_Cycling,1,6,359,0.1667,0.0028
L3,Endo_cap_tip,Angiogenic tip endothelial,3614,celltype_GarciaAlonso2021,Endothelial ACKR1,43,45,5413,0.9556,0.0079
L3,Endo_cap_tip,Angiogenic tip endothelial,3614,celltype_GarciaAlonso2021,Endothelial SEMA3G,2,45,324,0.0444,0.0062
L3,Endo_cap_tip,Angiogenic tip endothelial,3614,celltype_GarciaAlonso2022,Endothelial,264,264,6280,1.0,0.042
L3,Endo_cap_tip,Angiogenic tip endothelial,3614,celltype_HECA,Venous,200,205,6662,0.9756,0.03
L3,Endo_cap_tip,Angiogenic tip endothelial,3614,celltype_HECA,Arterial,5,205,815,0.0244,0.0061
L3,Endo_cap_tip,Angiogenic tip endothelial,3614,celltype_Lardenois2026,Endothelial,8,8,179,1.0,0.0447
L3,Endo_cap_tip,Angiogenic tip endothelial,3614,celltype_Lorenzi2025,Endothelial,365,365,7907,1.0,0.0462
L3,Endo_cap_tip,Angiogenic tip endothelial,3614,celltype_OvarySanger2026,Endo_Cap_LY6H+_angiogenic,804,1167,1048,0.6889,0.7672
L3,Endo_cap_tip,Angiogenic tip endothelial,3614,celltype_OvarySanger2026,Endo_Cap,268,1167,7359,0.2296,0.0364
L3,Endo_cap_tip,Angiogenic tip endothelial,3614,celltype_OvarySanger2026,Endo_Art,47,1167,2153,0.0403,0.0218
L3,Endo_cap_tip,Angiogenic tip endothelial,3614,celltype_OvarySanger2026,Endo_Art_LY6H+_angiogenic,31,1167,588,0.0266,0.0527
L3,Endo_cap_tip,Angiogenic tip endothelial,3614,celltype_OvarySanger2026,Endo_Cycling,15,1167,359,0.0129,0.0418
L3,Endo_cap_tip,Angiogenic tip endothelial,3614,celltype_OvarySanger2026,Endo_Cap_CA2+_angiogenic,1,1167,7,0.0009,0.1429
L3,Endo_cap_tip,Angiogenic tip endothelial,3614,celltype_OvarySanger2026,Endo_Ven,1,1167,788,0.0009,0.0013
L3,Endo_cap_tip,Angiogenic tip endothelial,3614,celltype_Ulrich2022,blood vessel endothelial cell,2,2,3418,1.0,0.0006
L3,Endo_cap_tip,Angiogenic tip endothelial,3614,celltype_Ulrich2024,aPCV,40,72,2402,0.5556,0.0167
L3,Endo_cap_tip,Angiogenic tip endothelial,3614,celltype_Ulrich2024,Tip,21,72,290,0.2917,0.0724
L3,Endo_cap_tip,Angiogenic tip endothelial,3614,celltype_Ulrich2024,HEV,7,72,616,0.0972,0.0114
L3,Endo_cap_tip,Angiogenic tip endothelial,3614,celltype_Ulrich2024,Artery,1,72,1128,0.0139,0.0009
L3,Endo_cap_tip,Angiogenic tip endothelial,3614,celltype_Ulrich2024,Capillary,1,72,1656,0.0139,0.0006
L3,Endo_cap_tip,Angiogenic tip endothelial,3614,celltype_Ulrich2024,PCV,1,72,3751,0.0139,0.0003
L3,Endo_cap_tip,Angiogenic tip endothelial,3614,celltype_Ulrich2024,tPCV,1,72,3680,0.0139,0.0003
L3,Endo_cap_tip,Angiogenic tip endothelial,3614,celltype_Weigert2025,endothelial cell,1,1,4780,1.0,0.0002
L2,Endo_lymp,Lymphatic endothelial,10375,celltype_GarciaAlonso2021,Other,25,25,2101,1.0,0.0119
L2,Endo_lymp,Lymphatic endothelial,10375,celltype_GarciaAlonso2022,Endothelial,457,457,6280,1.0,0.0728
L2,Endo_lymp,Lymphatic endothelial,10375,celltype_HECA,Lymphatic,99,99,101,1.0,0.9802
L2,Endo_lymp,Lymphatic endothelial,10375,celltype_Lardenois2026,Endothelial,6,6,179,1.0,0.0335
L2,Endo_lymp,Lymphatic endothelial,10375,celltype_Lorenzi2025,Endothelial Lymphatic,506,528,509,0.9583,0.9941
L2,Endo_lymp,Lymphatic endothelial,10375,celltype_Lorenzi2025,Endothelial,22,528,7907,0.0417,0.0028
L2,Endo_lymp,Lymphatic endothelial,10375,celltype_OvarySanger2026,Endo_Lymph,598,605,601,0.9884,0.995
L2,Endo_lymp,Lymphatic endothelial,10375,celltype_OvarySanger2026,Endo_Cycling,6,605,359,0.0099,0.0167
L2,Endo_lymp,Lymphatic endothelial,10375,celltype_OvarySanger2026,Endo_Cap,1,605,7359,0.0017,0.0001
L2,Endo_lymp,Lymphatic endothelial,10375,celltype_Ulrich2022,endothelial cell of lymphatic vessel,2086,2087,2093,0.9995,0.9967
L2,Endo_lymp,Lymphatic endothelial,10375,celltype_Ulrich2022,blood vessel endothelial cell,1,2087,3418,0.0005,0.0003
L2,Endo_lymp,Lymphatic endothelial,10375,celltype_Ulrich2024,L_Endo,487,504,487,0.9663,1.0
L2,Endo_lymp,Lymphatic endothelial,10375,celltype_Ulrich2024,HMGB2-Prolif,9,504,1402,0.0179,0.0064
L2,Endo_lymp,Lymphatic endothelial,10375,celltype_Ulrich2024,MUC16+_Gland_sec,4,504,1447,0.0079,0.0028
L2,Endo_lymp,Lymphatic endothelial,10375,celltype_Ulrich2024,PCV,3,504,3751,0.006,0.0008
L2,Endo_lymp,Lymphatic endothelial,10375,celltype_Ulrich2024,eS-proliferative,1,504,1386,0.002,0.0007
L2,Endo_lymp,Lymphatic endothelial,10375,celltype_Weigert2025,endothelial cell of lymphatic vessel,2781,2782,2789,0.9996,0.9971
L2,Endo_lymp,Lymphatic endothelial,10375,celltype_Weigert2025,stromal cell,1,2782,51072,0.0004,0.0
L4,Endo_ven_apcv,Activated post-capillary venous endothelial,4851,celltype_GarciaAlonso2021,Endothelial ACKR1,276,277,5413,0.9964,0.051
L4,Endo_ven_apcv,Activated post-capillary venous endothelial,4851,celltype_GarciaAlonso2021,Endothelial SEMA3G,1,277,324,0.0036,0.0031
L4,Endo_ven_apcv,Activated post-capillary venous endothelial,4851,celltype_HECA,Venous,263,266,6662,0.9887,0.0395
L4,Endo_ven_apcv,Activated post-capillary venous endothelial,4851,celltype_HECA,Arterial,3,266,815,0.0113,0.0037
L4,Endo_ven_apcv,Activated post-capillary venous endothelial,4851,celltype_OvarySanger2026,Endo_Cap,19,21,7359,0.9048,0.0026
L4,Endo_ven_apcv,Activated post-capillary venous endothelial,4851,celltype_OvarySanger2026,Endo_Art,1,21,2153,0.0476,0.0005
L4,Endo_ven_apcv,Activated post-capillary venous endothelial,4851,celltype_OvarySanger2026,Endo_Art_LY6H+_angiogenic,1,21,588,0.0476,0.0017
L4,Endo_ven_apcv,Activated post-capillary venous endothelial,4851,celltype_Ulrich2022,blood vessel endothelial cell,396,396,3418,1.0,0.1159
L4,Endo_ven_apcv,Activated post-capillary venous endothelial,4851,celltype_Ulrich2024,Capillary,197,332,1656,0.5934,0.119
L4,Endo_ven_apcv,Activated post-capillary venous endothelial,4851,celltype_Ulrich2024,tPCV,73,332,3680,0.2199,0.0198
L4,Endo_ven_apcv,Activated post-capillary venous endothelial,4851,celltype_Ulrich2024,aPCV,37,332,2402,0.1114,0.0154
L4,Endo_ven_apcv,Activated post-capillary venous endothelial,4851,celltype_Ulrich2024,Artery,8,332,1128,0.0241,0.0071
L4,Endo_ven_apcv,Activated post-capillary venous endothelial,4851,celltype_Ulrich2024,HEV,7,332,616,0.0211,0.0114
L4,Endo_ven_apcv,Activated post-capillary venous endothelial,4851,celltype_Ulrich2024,PCV,5,332,3751,0.0151,0.0013
L4,Endo_ven_apcv,Activated post-capillary venous endothelial,4851,celltype_Ulrich2024,EndoMT,4,332,125,0.012,0.032
L4,Endo_ven_apcv,Activated post-capillary venous endothelial,4851,celltype_Ulrich2024,MUC16+_Gland_sec,1,332,1447,0.003,0.0007
L4,Endo_ven_apcv,Activated post-capillary venous endothelial,4851,celltype_Weigert2025,endothelial cell,1168,1168,4780,1.0,0.2444
L3,Endo_ven_hev,High endothelial venule,11495,celltype_GarciaAlonso2021,Endothelial ACKR1,890,895,5413,0.9944,0.1644
L3,Endo_ven_hev,High endothelial venule,11495,celltype_GarciaAlonso2021,Endothelial SEMA3G,5,895,324,0.0056,0.0154
L3,Endo_ven_hev,High endothelial venule,11495,celltype_HECA,Venous,3055,3069,6662,0.9954,0.4586
L3,Endo_ven_hev,High endothelial venule,11495,celltype_HECA,Arterial,13,3069,815,0.0042,0.016
L3,Endo_ven_hev,High endothelial venule,11495,celltype_HECA,Lymphatic,1,3069,101,0.0003,0.0099
L3,Endo_ven_hev,High endothelial venule,11495,celltype_OvarySanger2026,Endo_Cap,237,252,7359,0.9405,0.0322
L3,Endo_ven_hev,High endothelial venule,11495,celltype_OvarySanger2026,Endo_Ven,7,252,788,0.0278,0.0089
L3,Endo_ven_hev,High endothelial venule,11495,celltype_OvarySanger2026,Endo_Cap_LY6H+_angiogenic,3,252,1048,0.0119,0.0029
L3,Endo_ven_hev,High endothelial venule,11495,celltype_OvarySanger2026,Endo_Art,2,252,2153,0.0079,0.0009
L3,Endo_ven_hev,High endothelial venule,11495,celltype_OvarySanger2026,Endo_Cap_VCAN+_activated,2,252,175,0.0079,0.0114
L3,Endo_ven_hev,High endothelial venule,11495,celltype_OvarySanger2026,Endo_Art_LY6H+_angiogenic,1,252,588,0.004,0.0017
L3,Endo_ven_hev,High endothelial venule,11495,celltype_Ulrich2022,blood vessel endothelial cell,7,7,3418,1.0,0.002
L3,Endo_ven_hev,High endothelial venule,11495,celltype_Ulrich2024,PCV,368,1234,3751,0.2982,0.0981
L3,Endo_ven_hev,High endothelial venule,11495,celltype_Ulrich2024,HEV,353,1234,616,0.2861,0.5731
L3,Endo_ven_hev,High endothelial venule,11495,celltype_Ulrich2024,tPCV,179,1234,3680,0.1451,0.0486
L3,Endo_ven_hev,High endothelial venule,11495,celltype_Ulrich2024,Capillary,134,1234,1656,0.1086,0.0809
L3,Endo_ven_hev,High endothelial venule,11495,celltype_Ulrich2024,aPCV,102,1234,2402,0.0827,0.0425
L3,Endo_ven_hev,High endothelial venule,11495,celltype_Ulrich2024,Tip,77,1234,290,0.0624,0.2655
L3,Endo_ven_hev,High endothelial venule,11495,celltype_Ulrich2024,EndoMT,10,1234,125,0.0081,0.08
L3,Endo_ven_hev,High endothelial venule,11495,celltype_Ulrich2024,Artery,6,1234,1128,0.0049,0.0053
L3,Endo_ven_hev,High endothelial venule,11495,celltype_Ulrich2024,HMGB2-Prolif,5,1234,1402,0.0041,0.0036
L3,Endo_ven_hev,High endothelial venule,11495,celltype_Weigert2025,endothelial cell,18,19,4780,0.9474,0.0038
L3,Endo_ven_hev,High endothelial venule,11495,celltype_Weigert2025,endothelial cell of lymphatic vessel,1,19,2789,0.0526,0.0004
L4,Endo_ven_pcv,Post-capillary venous endothelial,13904,celltype_GarciaAlonso2021,Endothelial ACKR1,1327,1327,5413,1.0,0.2452
L4,Endo_ven_pcv,Post-capillary venous endothelial,13904,celltype_GarciaAlonso2022,Endothelial,673,673,6280,1.0,0.1072
L4,Endo_ven_pcv,Post-capillary venous endothelial,13904,celltype_HECA,Venous,378,378,6662,1.0,0.0567
L4,Endo_ven_pcv,Post-capillary venous endothelial,13904,celltype_Lardenois2026,Endothelial,2,2,179,1.0,0.0112
L4,Endo_ven_pcv,Post-capillary venous endothelial,13904,celltype_Lorenzi2025,Endothelial,1396,1397,7907,0.9993,0.1766
L4,Endo_ven_pcv,Post-capillary venous endothelial,13904,celltype_Lorenzi2025,Endothelial Lymphatic,1,1397,509,0.0007,0.002
L4,Endo_ven_pcv,Post-capillary venous endothelial,13904,celltype_OvarySanger2026,Endo_Ven,668,1510,788,0.4424,0.8477
L4,Endo_ven_pcv,Post-capillary venous endothelial,13904,celltype_OvarySanger2026,Endo_Cap,658,1510,7359,0.4358,0.0894
L4,Endo_ven_pcv,Post-capillary venous endothelial,13904,celltype_OvarySanger2026,Endo_Cap_VCAN+_activated,168,1510,175,0.1113,0.96
L4,Endo_ven_pcv,Post-capillary venous endothelial,13904,celltype_OvarySanger2026,Endo_Cycling,7,1510,359,0.0046,0.0195
L4,Endo_ven_pcv,Post-capillary venous endothelial,13904,celltype_OvarySanger2026,Endo_Cap_LY6H+_angiogenic,4,1510,1048,0.0026,0.0038
L4,Endo_ven_pcv,Post-capillary venous endothelial,13904,celltype_OvarySanger2026,PV_SMC_Arterial,2,1510,31802,0.0013,0.0001
L4,Endo_ven_pcv,Post-capillary venous endothelial,13904,celltype_OvarySanger2026,Endo_Art,2,1510,2153,0.0013,0.0009
L4,Endo_ven_pcv,Post-capillary venous endothelial,13904,celltype_OvarySanger2026,Endo_Cap_CA2+_angiogenic,1,1510,7,0.0007,0.1429
L4,Endo_ven_pcv,Post-capillary venous endothelial,13904,celltype_Ulrich2022,blood vessel endothelial cell,213,214,3418,0.9953,0.0623
L4,Endo_ven_pcv,Post-capillary venous endothelial,13904,celltype_Ulrich2022,endothelial cell of lymphatic vessel,1,214,2093,0.0047,0.0005
L4,Endo_ven_pcv,Post-capillary venous endothelial,13904,celltype_Ulrich2024,PCV,2378,3119,3751,0.7624,0.634
L4,Endo_ven_pcv,Post-capillary venous endothelial,13904,celltype_Ulrich2024,tPCV,466,3119,3680,0.1494,0.1266
L4,Endo_ven_pcv,Post-capillary venous endothelial,13904,celltype_Ulrich2024,aPCV,178,3119,2402,0.0571,0.0741
L4,Endo_ven_pcv,Post-capillary venous endothelial,13904,celltype_Ulrich2024,Capillary,47,3119,1656,0.0151,0.0284
L4,Endo_ven_pcv,Post-capillary venous endothelial,13904,celltype_Ulrich2024,HEV,26,3119,616,0.0083,0.0422
L4,Endo_ven_pcv,Post-capillary venous endothelial,13904,celltype_Ulrich2024,EndoMT,11,3119,125,0.0035,0.088
L4,Endo_ven_pcv,Post-capillary venous endothelial,13904,celltype_Ulrich2024,HMGB2-Prolif,10,3119,1402,0.0032,0.0071
L4,Endo_ven_pcv,Post-capillary venous endothelial,13904,celltype_Ulrich2024,Artery,1,3119,1128,0.0003,0.0009
L4,Endo_ven_pcv,Post-capillary venous endothelial,13904,celltype_Ulrich2024,MUC16+_Gland_sec,1,3119,1447,0.0003,0.0007
L4,Endo_ven_pcv,Post-capillary venous endothelial,13904,celltype_Ulrich2024,Gland-sec-progenitor-A,1,3119,4403,0.0003,0.0002
L4,Endo_ven_pcv,Post-capillary venous endothelial,13904,celltype_Weigert2025,endothelial cell,586,588,4780,0.9966,0.1226
L4,Endo_ven_pcv,Post-capillary venous endothelial,13904,celltype_Weigert2025,endothelial cell of lymphatic vessel,2,588,2789,0.0034,0.0007
L4,Endo_ven_tpcv,Transitional post-capillary venous endothelial,16892,celltype_GarciaAlonso2021,Endothelial ACKR1,1827,1842,5413,0.9919,0.3375
L4,Endo_ven_tpcv,Transitional post-capillary venous endothelial,16892,celltype_GarciaAlonso2021,Endothelial SEMA3G,15,1842,324,0.0081,0.0463
L4,Endo_ven_tpcv,Transitional post-capillary venous endothelial,16892,celltype_HECA,Venous,982,1052,6662,0.9335,0.1474
L4,Endo_ven_tpcv,Transitional post-capillary venous endothelial,16892,celltype_HECA,Arterial,70,1052,815,0.0665,0.0859
L4,Endo_ven_tpcv,Transitional post-capillary venous endothelial,16892,celltype_OvarySanger2026,Endo_Cap,187,303,7359,0.6172,0.0254
L4,Endo_ven_tpcv,Transitional post-capillary venous endothelial,16892,celltype_OvarySanger2026,Endo_Ven,58,303,788,0.1914,0.0736
L4,Endo_ven_tpcv,Transitional post-capillary venous endothelial,16892,celltype_OvarySanger2026,Endo_Art,50,303,2153,0.165,0.0232
L4,Endo_ven_tpcv,Transitional post-capillary venous endothelial,16892,celltype_OvarySanger2026,Endo_Art_LY6H+_angiogenic,6,303,588,0.0198,0.0102
L4,Endo_ven_tpcv,Transitional post-capillary venous endothelial,16892,celltype_OvarySanger2026,Endo_Cap_VCAN+_activated,2,303,175,0.0066,0.0114
L4,Endo_ven_tpcv,Transitional post-capillary venous endothelial,16892,celltype_Ulrich2022,blood vessel endothelial cell,2342,2346,3418,0.9983,0.6852
L4,Endo_ven_tpcv,Transitional post-capillary venous endothelial,16892,celltype_Ulrich2022,endothelial cell of lymphatic vessel,4,2346,2093,0.0017,0.0019
L4,Endo_ven_tpcv,Transitional post-capillary venous endothelial,16892,celltype_Ulrich2024,tPCV,2826,5570,3680,0.5074,0.7679
L4,Endo_ven_tpcv,Transitional post-capillary venous endothelial,16892,celltype_Ulrich2024,Capillary,1227,5570,1656,0.2203,0.7409
L4,Endo_ven_tpcv,Transitional post-capillary venous endothelial,16892,celltype_Ulrich2024,PCV,722,5570,3751,0.1296,0.1925
L4,Endo_ven_tpcv,Transitional post-capillary venous endothelial,16892,celltype_Ulrich2024,aPCV,577,5570,2402,0.1036,0.2402
L4,Endo_ven_tpcv,Transitional post-capillary venous endothelial,16892,celltype_Ulrich2024,EndoMT,73,5570,125,0.0131,0.584
L4,Endo_ven_tpcv,Transitional post-capillary venous endothelial,16892,celltype_Ulrich2024,Artery,64,5570,1128,0.0115,0.0567
L4,Endo_ven_tpcv,Transitional post-capillary venous endothelial,16892,celltype_Ulrich2024,HEV,45,5570,616,0.0081,0.0731
L4,Endo_ven_tpcv,Transitional post-capillary venous endothelial,16892,celltype_Ulrich2024,Tip,21,5570,290,0.0038,0.0724
L4,Endo_ven_tpcv,Transitional post-capillary venous endothelial,16892,celltype_Ulrich2024,Tissue-resident-vascular-progenitor,6,5570,203,0.0011,0.0296
L4,Endo_ven_tpcv,Transitional post-capillary venous endothelial,16892,celltype_Ulrich2024,Gland-sec-progenitor-A,3,5570,4403,0.0005,0.0007
L4,Endo_ven_tpcv,Transitional post-capillary venous endothelial,16892,celltype_Ulrich2024,HMGB2-Prolif,3,5570,1402,0.0005,0.0021
L4,Endo_ven_tpcv,Transitional post-capillary venous endothelial,16892,celltype_Ulrich2024,MUC16+_Gland_sec,2,5570,1447,0.0004,0.0014
L4,Endo_ven_tpcv,Transitional post-capillary venous endothelial,16892,celltype_Ulrich2024,dS2,1,5570,23111,0.0002,0.0
L4,Endo_ven_tpcv,Transitional post-capillary venous endothelial,16892,celltype_Weigert2025,endothelial cell,1196,1198,4780,0.9983,0.2502
L4,Endo_ven_tpcv,Transitional post-capillary venous endothelial,16892,celltype_Weigert2025,endothelial cell of lymphatic vessel,1,1198,2789,0.0008,0.0004
L4,Endo_ven_tpcv,Transitional post-capillary venous endothelial,16892,celltype_Weigert2025,fallopian tube secretory epithelial cell,1,1198,3364,0.0008,0.0003
L4,Endothelial of endometrial capillary APCDD1+,Endothelial of endometrial capillary APCDD1+,7258,celltype_GarciaAlonso2021,Endothelial ACKR1,265,265,5413,1.0,0.049
L4,Endothelial of endometrial capillary APCDD1+,Endothelial of endometrial capillary APCDD1+,7258,celltype_GarciaAlonso2022,Endothelial,263,263,6280,1.0,0.0419
L4,Endothelial of endometrial capillary APCDD1+,Endothelial of endometrial capillary APCDD1+,7258,celltype_HECA,Venous,570,577,6662,0.9879,0.0856
L4,Endothelial of endometrial capillary APCDD1+,Endothelial of endometrial capillary APCDD1+,7258,celltype_HECA,Arterial,7,577,815,0.0121,0.0086
L4,Endothelial of endometrial capillary APCDD1+,Endothelial of endometrial capillary APCDD1+,7258,celltype_Lorenzi2025,Endothelial,2174,2174,7907,1.0,0.2749
L4,Endothelial of endometrial capillary APCDD1+,Endothelial of endometrial capillary APCDD1+,7258,celltype_OvarySanger2026,Endo_Cap,353,365,7359,0.9671,0.048
L4,Endothelial of endometrial capillary APCDD1+,Endothelial of endometrial capillary APCDD1+,7258,celltype_OvarySanger2026,Endo_Cycling,5,365,359,0.0137,0.0139
L4,Endothelial of endometrial capillary APCDD1+,Endothelial of endometrial capillary APCDD1+,7258,celltype_OvarySanger2026,Endo_Cap_LY6H+_angiogenic,3,365,1048,0.0082,0.0029
L4,Endothelial of endometrial capillary APCDD1+,Endothelial of endometrial capillary APCDD1+,7258,celltype_OvarySanger2026,Endo_Art,2,365,2153,0.0055,0.0009
L4,Endothelial of endometrial capillary APCDD1+,Endothelial of endometrial capillary APCDD1+,7258,celltype_OvarySanger2026,Endo_Ven,2,365,788,0.0055,0.0025
L4,Endothelial of endometrial capillary APCDD1+,Endothelial of endometrial capillary APCDD1+,7258,celltype_Ulrich2024,HEV,141,349,616,0.404,0.2289
L4,Endothelial of endometrial capillary APCDD1+,Endothelial of endometrial capillary APCDD1+,7258,celltype_Ulrich2024,aPCV,83,349,2402,0.2378,0.0346
L4,Endothelial of endometrial capillary APCDD1+,Endothelial of endometrial capillary APCDD1+,7258,celltype_Ulrich2024,PCV,60,349,3751,0.1719,0.016
L4,Endothelial of endometrial capillary APCDD1+,Endothelial of endometrial capillary APCDD1+,7258,celltype_Ulrich2024,Tip,49,349,290,0.1404,0.169
L4,Endothelial of endometrial capillary APCDD1+,Endothelial of endometrial capillary APCDD1+,7258,celltype_Ulrich2024,tPCV,10,349,3680,0.0287,0.0027
L4,Endothelial of endometrial capillary APCDD1+,Endothelial of endometrial capillary APCDD1+,7258,celltype_Ulrich2024,Capillary,5,349,1656,0.0143,0.003
L4,Endothelial of endometrial capillary APCDD1+,Endothelial of endometrial capillary APCDD1+,7258,celltype_Ulrich2024,EndoMT,1,349,125,0.0029,0.008
L4,Endothelial of endometrial capillary APCDD1+,Endothelial of endometrial capillary APCDD1+,7258,celltype_Weigert2025,endothelial cell,2,2,4780,1.0,0.0004
L4,Epi_EndoCil_Cyc,Endometrial ciliated epithelial cycling,1975,celltype_GarciaAlonso2021,Ciliated,141,141,1814,1.0,0.0777
L4,Epi_EndoCil_Cyc,Endometrial ciliated epithelial cycling,1975,celltype_HECA,Ciliated,182,282,2408,0.6454,0.0756
L4,Epi_EndoCil_Cyc,Endometrial ciliated epithelial cycling,1975,celltype_HECA,preCiliated,100,282,293,0.3546,0.3413
L4,Epi_EndoCil_Cyc,Endometrial ciliated epithelial cycling,1975,celltype_Ulrich2024,Ciliated,794,981,3321,0.8094,0.2391
L4,Epi_EndoCil_Cyc,Endometrial ciliated epithelial cycling,1975,celltype_Ulrich2024,Gland-sec-progenitor-B,134,981,1161,0.1366,0.1154
L4,Epi_EndoCil_Cyc,Endometrial ciliated epithelial cycling,1975,celltype_Ulrich2024,Lumenal,20,981,2673,0.0204,0.0075
L4,Epi_EndoCil_Cyc,Endometrial ciliated epithelial cycling,1975,celltype_Ulrich2024,Gland-sec-progenitor-A,14,981,4403,0.0143,0.0032
L4,Epi_EndoCil_Cyc,Endometrial ciliated epithelial cycling,1975,celltype_Ulrich2024,HMGB2-Prolif,12,981,1402,0.0122,0.0086
L4,Epi_EndoCil_Cyc,Endometrial ciliated epithelial cycling,1975,celltype_Ulrich2024,Sox9-Glandular,5,981,2917,0.0051,0.0017
L4,Epi_EndoCil_Cyc,Endometrial ciliated epithelial cycling,1975,celltype_Ulrich2024,uSMC,2,981,7719,0.002,0.0003
L4,Epi_EndoCil_Diff,Endometrial ciliated epithelial of differentiated,8903,celltype_GarciaAlonso2021,Ciliated,1584,1589,1814,0.9969,0.8732
L4,Epi_EndoCil_Diff,Endometrial ciliated epithelial of differentiated,8903,celltype_GarciaAlonso2021,Glandular,2,1589,10071,0.0013,0.0002
L4,Epi_EndoCil_Diff,Endometrial ciliated epithelial of differentiated,8903,celltype_GarciaAlonso2021,Lumenal,1,1589,11402,0.0006,0.0001
L4,Epi_EndoCil_Diff,Endometrial ciliated epithelial of differentiated,8903,celltype_GarciaAlonso2021,Other,1,1589,2101,0.0006,0.0005
L4,Epi_EndoCil_Diff,Endometrial ciliated epithelial of differentiated,8903,celltype_GarciaAlonso2021,SOX9,1,1589,2584,0.0006,0.0004
L4,Epi_EndoCil_Diff,Endometrial ciliated epithelial of differentiated,8903,celltype_HECA,Ciliated,2156,2169,2408,0.994,0.8953
L4,Epi_EndoCil_Diff,Endometrial ciliated epithelial of differentiated,8903,celltype_HECA,SOX9_luminal,5,2169,1936,0.0023,0.0026
L4,Epi_EndoCil_Diff,Endometrial ciliated epithelial of differentiated,8903,celltype_HECA,preGlandular,2,2169,4238,0.0009,0.0005
L4,Epi_EndoCil_Diff,Endometrial ciliated epithelial of differentiated,8903,celltype_HECA,Glandular,1,2169,8324,0.0005,0.0001
L4,Epi_EndoCil_Diff,Endometrial ciliated epithelial of differentiated,8903,celltype_HECA,KRT5,1,2169,7,0.0005,0.1429
L4,Epi_EndoCil_Diff,Endometrial ciliated epithelial of differentiated,8903,celltype_HECA,Luminal,1,2169,9381,0.0005,0.0001
L4,Epi_EndoCil_Diff,Endometrial ciliated epithelial of differentiated,8903,celltype_HECA,SOX9_functionalis_I,1,2169,244,0.0005,0.0041
L4,Epi_EndoCil_Diff,Endometrial ciliated epithelial of differentiated,8903,celltype_HECA,preCiliated,1,2169,293,0.0005,0.0034
L4,Epi_EndoCil_Diff,Endometrial ciliated epithelial of differentiated,8903,celltype_HECA,preLuminal,1,2169,1505,0.0005,0.0007
L4,Epi_EndoCil_Diff,Endometrial ciliated epithelial of differentiated,8903,celltype_Ulrich2024,Ciliated,2350,2388,3321,0.9841,0.7076
L4,Epi_EndoCil_Diff,Endometrial ciliated epithelial of differentiated,8903,celltype_Ulrich2024,Gland-sec-progenitor-B,19,2388,1161,0.008,0.0164
L4,Epi_EndoCil_Diff,Endometrial ciliated epithelial of differentiated,8903,celltype_Ulrich2024,NK-cells,11,2388,4506,0.0046,0.0024
L4,Epi_EndoCil_Diff,Endometrial ciliated epithelial of differentiated,8903,celltype_Ulrich2024,Gland-sec-progenitor-A,3,2388,4403,0.0013,0.0007
L4,Epi_EndoCil_Diff,Endometrial ciliated epithelial of differentiated,8903,celltype_Ulrich2024,MUC16+_Gland_sec,2,2388,1447,0.0008,0.0014
L4,Epi_EndoCil_Diff,Endometrial ciliated epithelial of differentiated,8903,celltype_Ulrich2024,TMEM-CD4,1,2388,1103,0.0004,0.0009
L4,Epi_EndoCil_Diff,Endometrial ciliated epithelial of differentiated,8903,celltype_Ulrich2024,TMEM-CD8,1,2388,1575,0.0004,0.0006
L4,Epi_EndoCil_Diff,Endometrial ciliated epithelial of differentiated,8903,celltype_Ulrich2024,dS2,1,2388,23111,0.0004,0.0
L4,Epi_EndoCil_eProf,Endometrial ciliated epithelial of early proliferative,1014,celltype_GarciaAlonso2021,Ciliated,64,78,1814,0.8205,0.0353
L4,Epi_EndoCil_eProf,Endometrial ciliated epithelial of early proliferative,1014,celltype_GarciaAlonso2021,SOX9,9,78,2584,0.1154,0.0035
L4,Epi_EndoCil_eProf,Endometrial ciliated epithelial of early proliferative,1014,celltype_GarciaAlonso2021,Lumenal,5,78,11402,0.0641,0.0004
L4,Epi_EndoCil_eProf,Endometrial ciliated epithelial of early proliferative,1014,celltype_HECA,preCiliated,192,294,293,0.6531,0.6553
L4,Epi_EndoCil_eProf,Endometrial ciliated epithelial of early proliferative,1014,celltype_HECA,SOX9_luminal,43,294,1936,0.1463,0.0222
L4,Epi_EndoCil_eProf,Endometrial ciliated epithelial of early proliferative,1014,celltype_HECA,SOX9_functionalis_II,22,294,7639,0.0748,0.0029
L4,Epi_EndoCil_eProf,Endometrial ciliated epithelial of early proliferative,1014,celltype_HECA,Ciliated,21,294,2408,0.0714,0.0087
L4,Epi_EndoCil_eProf,Endometrial ciliated epithelial of early proliferative,1014,celltype_HECA,SOX9_functionalis_I,10,294,244,0.034,0.041
L4,Epi_EndoCil_eProf,Endometrial ciliated epithelial of early proliferative,1014,celltype_HECA,Cycling,4,294,2210,0.0136,0.0018
L4,Epi_EndoCil_eProf,Endometrial ciliated epithelial of early proliferative,1014,celltype_HECA,Immune_Lymphoid,1,294,17740,0.0034,0.0001
L4,Epi_EndoCil_eProf,Endometrial ciliated epithelial of early proliferative,1014,celltype_HECA,Luminal,1,294,9381,0.0034,0.0001
L4,Epi_EndoCil_eProf,Endometrial ciliated epithelial of early proliferative,1014,celltype_Ulrich2024,Ciliated,69,91,3321,0.7582,0.0208
L4,Epi_EndoCil_eProf,Endometrial ciliated epithelial of early proliferative,1014,celltype_Ulrich2024,Gland-sec-progenitor-B,9,91,1161,0.0989,0.0078
L4,Epi_EndoCil_eProf,Endometrial ciliated epithelial of early proliferative,1014,celltype_Ulrich2024,HMGB2-Prolif,4,91,1402,0.044,0.0029
L4,Epi_EndoCil_eProf,Endometrial ciliated epithelial of early proliferative,1014,celltype_Ulrich2024,Sox9-Glandular,4,91,2917,0.044,0.0014
L4,Epi_EndoCil_eProf,Endometrial ciliated epithelial of early proliferative,1014,celltype_Ulrich2024,Gland-sec-progenitor-A,2,91,4403,0.022,0.0005
L4,Epi_EndoCil_eProf,Endometrial ciliated epithelial of early proliferative,1014,celltype_Ulrich2024,Lumenal,2,91,2673,0.022,0.0007
L4,Epi_EndoCil_eProf,Endometrial ciliated epithelial of early proliferative,1014,celltype_Ulrich2024,Res-Mem-T,1,91,58,0.011,0.0172
L4,Epi_EndoGlandBas,Endometrial basalis glandular epithelial,748,celltype_GarciaAlonso2021,SOX9,3,3,2584,1.0,0.0012
L4,Epi_EndoGlandBas,Endometrial basalis glandular epithelial,748,celltype_HECA,SOX9_basalis,332,593,344,0.5599,0.9651
L4,Epi_EndoGlandBas,Endometrial basalis glandular epithelial,748,celltype_HECA,SOX9_functionalis_II,240,593,7639,0.4047,0.0314
L4,Epi_EndoGlandBas,Endometrial basalis glandular epithelial,748,celltype_HECA,Cycling,6,593,2210,0.0101,0.0027
L4,Epi_EndoGlandBas,Endometrial basalis glandular epithelial,748,celltype_HECA,eHormones,6,593,395,0.0101,0.0152
L4,Epi_EndoGlandBas,Endometrial basalis glandular epithelial,748,celltype_HECA,preGlandular,5,593,4238,0.0084,0.0012
L4,Epi_EndoGlandBas,Endometrial basalis glandular epithelial,748,celltype_HECA,SOX9_luminal,2,593,1936,0.0034,0.001
L4,Epi_EndoGlandBas,Endometrial basalis glandular epithelial,748,celltype_HECA,Luminal,1,593,9381,0.0017,0.0001
L4,Epi_EndoGlandBas,Endometrial basalis glandular epithelial,748,celltype_HECA,Glandular,1,593,8324,0.0017,0.0001
L4,Epi_EndoGlandBas,Endometrial basalis glandular epithelial,748,celltype_Ulrich2024,Sox9-Glandular,5,7,2917,0.7143,0.0017
L4,Epi_EndoGlandBas,Endometrial basalis glandular epithelial,748,celltype_Ulrich2024,Gland-sec-progenitor-A,2,7,4403,0.2857,0.0005
L4,Epi_EndoGlandBas_WIF1,Endometrial basalis glandular epithelial of WIF1+,1694,celltype_GarciaAlonso2021,SOX9,3,6,2584,0.5,0.0012
L4,Epi_EndoGlandBas_WIF1,Endometrial basalis glandular epithelial of WIF1+,1694,celltype_GarciaAlonso2021,Glandular,2,6,10071,0.3333,0.0002
L4,Epi_EndoGlandBas_WIF1,Endometrial basalis glandular epithelial of WIF1+,1694,celltype_GarciaAlonso2021,Lumenal,1,6,11402,0.1667,0.0001
L4,Epi_EndoGlandBas_WIF1,Endometrial basalis glandular epithelial of WIF1+,1694,celltype_HECA,eHormones,6,13,395,0.4615,0.0152
L4,Epi_EndoGlandBas_WIF1,Endometrial basalis glandular epithelial of WIF1+,1694,celltype_HECA,preLuminal,3,13,1505,0.2308,0.002
L4,Epi_EndoGlandBas_WIF1,Endometrial basalis glandular epithelial of WIF1+,1694,celltype_HECA,SOX9_luminal,2,13,1936,0.1538,0.001
L4,Epi_EndoGlandBas_WIF1,Endometrial basalis glandular epithelial of WIF1+,1694,celltype_HECA,Glandular,1,13,8324,0.0769,0.0001
L4,Epi_EndoGlandBas_WIF1,Endometrial basalis glandular epithelial of WIF1+,1694,celltype_HECA,preGlandular,1,13,4238,0.0769,0.0002
L4,Epi_EndoGlandBas_WIF1,Endometrial basalis glandular epithelial of WIF1+,1694,celltype_Ulrich2024,MUC16+_Gland_sec,10,23,1447,0.4348,0.0069
L4,Epi_EndoGlandBas_WIF1,Endometrial basalis glandular epithelial of WIF1+,1694,celltype_Ulrich2024,Gland-sec-progenitor-A,6,23,4403,0.2609,0.0014
L4,Epi_EndoGlandBas_WIF1,Endometrial basalis glandular epithelial of WIF1+,1694,celltype_Ulrich2024,Sox9-Glandular,5,23,2917,0.2174,0.0017
L4,Epi_EndoGlandBas_WIF1,Endometrial basalis glandular epithelial of WIF1+,1694,celltype_Ulrich2024,Lumenal,2,23,2673,0.087,0.0007
L4,Epi_EndoGlandFun_Menstr,Endometrial functionalis glandular epithelial of menstrual phase,4248,celltype_HECA,Glandular,1,3,8324,0.3333,0.0001
L4,Epi_EndoGlandFun_Menstr,Endometrial functionalis glandular epithelial of menstrual phase,4248,celltype_HECA,SOX9_functionalis_II,1,3,7639,0.3333,0.0001
L4,Epi_EndoGlandFun_Menstr,Endometrial functionalis glandular epithelial of menstrual phase,4248,celltype_HECA,SOX9_luminal,1,3,1936,0.3333,0.0005
L4,Epi_EndoGlandFun_Menstr,Endometrial functionalis glandular epithelial of menstrual phase,4248,celltype_Ulrich2024,Lumenal,17,33,2673,0.5152,0.0064
L4,Epi_EndoGlandFun_Menstr,Endometrial functionalis glandular epithelial of menstrual phase,4248,celltype_Ulrich2024,Gland-sec-progenitor-A,7,33,4403,0.2121,0.0016
L4,Epi_EndoGlandFun_Menstr,Endometrial functionalis glandular epithelial of menstrual phase,4248,celltype_Ulrich2024,MUC16+_Gland_sec,7,33,1447,0.2121,0.0048
L4,Epi_EndoGlandFun_Menstr,Endometrial functionalis glandular epithelial of menstrual phase,4248,celltype_Ulrich2024,Gland-sec-progenitor-B,2,33,1161,0.0606,0.0017
L4,Epi_EndoGlandFun_Prof,Endometrial functionalis glandular epithelial of proliferative phase,23099,celltype_GarciaAlonso2021,SOX9,690,731,2584,0.9439,0.267
L4,Epi_EndoGlandFun_Prof,Endometrial functionalis glandular epithelial of proliferative phase,23099,celltype_GarciaAlonso2021,Lumenal,31,731,11402,0.0424,0.0027
L4,Epi_EndoGlandFun_Prof,Endometrial functionalis glandular epithelial of proliferative phase,23099,celltype_GarciaAlonso2021,Glandular,10,731,10071,0.0137,0.001
L4,Epi_EndoGlandFun_Prof,Endometrial functionalis glandular epithelial of proliferative phase,23099,celltype_HECA,SOX9_functionalis_II,6132,6570,7639,0.9333,0.8027
L4,Epi_EndoGlandFun_Prof,Endometrial functionalis glandular epithelial of proliferative phase,23099,celltype_HECA,SOX9_functionalis_I,128,6570,244,0.0195,0.5246
L4,Epi_EndoGlandFun_Prof,Endometrial functionalis glandular epithelial of proliferative phase,23099,celltype_HECA,SOX9_luminal,110,6570,1936,0.0167,0.0568
L4,Epi_EndoGlandFun_Prof,Endometrial functionalis glandular epithelial of proliferative phase,23099,celltype_HECA,Cycling,65,6570,2210,0.0099,0.0294
L4,Epi_EndoGlandFun_Prof,Endometrial functionalis glandular epithelial of proliferative phase,23099,celltype_HECA,eHormones,61,6570,395,0.0093,0.1544
L4,Epi_EndoGlandFun_Prof,Endometrial functionalis glandular epithelial of proliferative phase,23099,celltype_HECA,preGlandular,31,6570,4238,0.0047,0.0073
L4,Epi_EndoGlandFun_Prof,Endometrial functionalis glandular epithelial of proliferative phase,23099,celltype_HECA,preLuminal,15,6570,1505,0.0023,0.01
L4,Epi_EndoGlandFun_Prof,Endometrial functionalis glandular epithelial of proliferative phase,23099,celltype_HECA,SOX9_basalis,12,6570,344,0.0018,0.0349
L4,Epi_EndoGlandFun_Prof,Endometrial functionalis glandular epithelial of proliferative phase,23099,celltype_HECA,Luminal,9,6570,9381,0.0014,0.001
L4,Epi_EndoGlandFun_Prof,Endometrial functionalis glandular epithelial of proliferative phase,23099,celltype_HECA,Glandular,5,6570,8324,0.0008,0.0006
L4,Epi_EndoGlandFun_Prof,Endometrial functionalis glandular epithelial of proliferative phase,23099,celltype_HECA,Ciliated,2,6570,2408,0.0003,0.0008
L4,Epi_EndoGlandFun_Prof,Endometrial functionalis glandular epithelial of proliferative phase,23099,celltype_Ulrich2024,Sox9-Glandular,1167,2000,2917,0.5835,0.4001
L4,Epi_EndoGlandFun_Prof,Endometrial functionalis glandular epithelial of proliferative phase,23099,celltype_Ulrich2024,Gland-sec-progenitor-A,463,2000,4403,0.2315,0.1052
L4,Epi_EndoGlandFun_Prof,Endometrial functionalis glandular epithelial of proliferative phase,23099,celltype_Ulrich2024,Lumenal,163,2000,2673,0.0815,0.061
L4,Epi_EndoGlandFun_Prof,Endometrial functionalis glandular epithelial of proliferative phase,23099,celltype_Ulrich2024,MUC16+_Gland_sec,149,2000,1447,0.0745,0.103
L4,Epi_EndoGlandFun_Prof,Endometrial functionalis glandular epithelial of proliferative phase,23099,celltype_Ulrich2024,Gland-sec-progenitor-B,20,2000,1161,0.01,0.0172
L4,Epi_EndoGlandFun_Prof,Endometrial functionalis glandular epithelial of proliferative phase,23099,celltype_Ulrich2024,HMGB2-Prolif,19,2000,1402,0.0095,0.0136
L4,Epi_EndoGlandFun_Prof,Endometrial functionalis glandular epithelial of proliferative phase,23099,celltype_Ulrich2024,tPCV,7,2000,3680,0.0035,0.0019
L4,Epi_EndoGlandFun_Prof,Endometrial functionalis glandular epithelial of proliferative phase,23099,celltype_Ulrich2024,Ciliated,5,2000,3321,0.0025,0.0015
L4,Epi_EndoGlandFun_Prof,Endometrial functionalis glandular epithelial of proliferative phase,23099,celltype_Ulrich2024,Res-Mem-T,3,2000,58,0.0015,0.0517
L4,Epi_EndoGlandFun_Prof,Endometrial functionalis glandular epithelial of proliferative phase,23099,celltype_Ulrich2024,EndoMT,2,2000,125,0.001,0.016
L4,Epi_EndoGlandFun_Prof,Endometrial functionalis glandular epithelial of proliferative phase,23099,celltype_Ulrich2024,Myoepithelial,2,2000,110,0.001,0.0182
L4,Epi_EndoGlandFun_Prof_Cyc,Endometrial functionalis glandular epithelial of proliferative phase cycling,12815,celltype_GarciaAlonso2021,SOX9,685,847,2584,0.8087,0.2651
L4,Epi_EndoGlandFun_Prof_Cyc,Endometrial functionalis glandular epithelial of proliferative phase cycling,12815,celltype_GarciaAlonso2021,Lumenal,154,847,11402,0.1818,0.0135
L4,Epi_EndoGlandFun_Prof_Cyc,Endometrial functionalis glandular epithelial of proliferative phase cycling,12815,celltype_GarciaAlonso2021,Other,5,847,2101,0.0059,0.0024
L4,Epi_EndoGlandFun_Prof_Cyc,Endometrial functionalis glandular epithelial of proliferative phase cycling,12815,celltype_GarciaAlonso2021,Ciliated,1,847,1814,0.0012,0.0006
L4,Epi_EndoGlandFun_Prof_Cyc,Endometrial functionalis glandular epithelial of proliferative phase cycling,12815,celltype_GarciaAlonso2021,Glandular,1,847,10071,0.0012,0.0001
L4,Epi_EndoGlandFun_Prof_Cyc,Endometrial functionalis glandular epithelial of proliferative phase cycling,12815,celltype_GarciaAlonso2021,eS,1,847,12569,0.0012,0.0001
L4,Epi_EndoGlandFun_Prof_Cyc,Endometrial functionalis glandular epithelial of proliferative phase cycling,12815,celltype_HECA,Cycling,2070,3532,2210,0.5861,0.9367
L4,Epi_EndoGlandFun_Prof_Cyc,Endometrial functionalis glandular epithelial of proliferative phase cycling,12815,celltype_HECA,SOX9_functionalis_II,1037,3532,7639,0.2936,0.1358
L4,Epi_EndoGlandFun_Prof_Cyc,Endometrial functionalis glandular epithelial of proliferative phase cycling,12815,celltype_HECA,SOX9_luminal,272,3532,1936,0.077,0.1405
L4,Epi_EndoGlandFun_Prof_Cyc,Endometrial functionalis glandular epithelial of proliferative phase cycling,12815,celltype_HECA,SOX9_functionalis_I,46,3532,244,0.013,0.1885
L4,Epi_EndoGlandFun_Prof_Cyc,Endometrial functionalis glandular epithelial of proliferative phase cycling,12815,celltype_HECA,preGlandular,44,3532,4238,0.0125,0.0104
L4,Epi_EndoGlandFun_Prof_Cyc,Endometrial functionalis glandular epithelial of proliferative phase cycling,12815,celltype_HECA,Luminal,29,3532,9381,0.0082,0.0031
L4,Epi_EndoGlandFun_Prof_Cyc,Endometrial functionalis glandular epithelial of proliferative phase cycling,12815,celltype_HECA,preLuminal,12,3532,1505,0.0034,0.008
L4,Epi_EndoGlandFun_Prof_Cyc,Endometrial functionalis glandular epithelial of proliferative phase cycling,12815,celltype_HECA,eHormones,10,3532,395,0.0028,0.0253
L4,Epi_EndoGlandFun_Prof_Cyc,Endometrial functionalis glandular epithelial of proliferative phase cycling,12815,celltype_HECA,MUC5B,6,3532,204,0.0017,0.0294
L4,Epi_EndoGlandFun_Prof_Cyc,Endometrial functionalis glandular epithelial of proliferative phase cycling,12815,celltype_HECA,Ciliated,5,3532,2408,0.0014,0.0021
L4,Epi_EndoGlandFun_Prof_Cyc,Endometrial functionalis glandular epithelial of proliferative phase cycling,12815,celltype_HECA,Glandular_secretory,1,3532,7429,0.0003,0.0001
L4,Epi_EndoGlandFun_Prof_Cyc,Endometrial functionalis glandular epithelial of proliferative phase cycling,12815,celltype_Ulrich2024,HMGB2-Prolif,821,1139,1402,0.7208,0.5856
L4,Epi_EndoGlandFun_Prof_Cyc,Endometrial functionalis glandular epithelial of proliferative phase cycling,12815,celltype_Ulrich2024,Gland-sec-progenitor-A,130,1139,4403,0.1141,0.0295
L4,Epi_EndoGlandFun_Prof_Cyc,Endometrial functionalis glandular epithelial of proliferative phase cycling,12815,celltype_Ulrich2024,Lumenal,87,1139,2673,0.0764,0.0325
L4,Epi_EndoGlandFun_Prof_Cyc,Endometrial functionalis glandular epithelial of proliferative phase cycling,12815,celltype_Ulrich2024,Sox9-Glandular,80,1139,2917,0.0702,0.0274
L4,Epi_EndoGlandFun_Prof_Cyc,Endometrial functionalis glandular epithelial of proliferative phase cycling,12815,celltype_Ulrich2024,Gland-sec-progenitor-B,9,1139,1161,0.0079,0.0078
L4,Epi_EndoGlandFun_Prof_Cyc,Endometrial functionalis glandular epithelial of proliferative phase cycling,12815,celltype_Ulrich2024,MUC16+_Gland_sec,5,1139,1447,0.0044,0.0035
L4,Epi_EndoGlandFun_Prof_Cyc,Endometrial functionalis glandular epithelial of proliferative phase cycling,12815,celltype_Ulrich2024,tPCV,3,1139,3680,0.0026,0.0008
L4,Epi_EndoGlandFun_Prof_Cyc,Endometrial functionalis glandular epithelial of proliferative phase cycling,12815,celltype_Ulrich2024,EndoMT,2,1139,125,0.0018,0.016
L4,Epi_EndoGlandFun_Prof_Cyc,Endometrial functionalis glandular epithelial of proliferative phase cycling,12815,celltype_Ulrich2024,Myoepithelial,1,1139,110,0.0009,0.0091
L4,Epi_EndoGlandFun_Prof_Cyc,Endometrial functionalis glandular epithelial of proliferative phase cycling,12815,celltype_Ulrich2024,eS-proliferative,1,1139,1386,0.0009,0.0007
L4,Epi_EndoGlandFun_emSec,Endometrial functionalis glandular epithelial of early-mid secretory phase,18366,celltype_GarciaAlonso2021,Glandular,3891,4547,10071,0.8557,0.3864
L4,Epi_EndoGlandFun_emSec,Endometrial functionalis glandular epithelial of early-mid secretory phase,18366,celltype_GarciaAlonso2021,Lumenal,621,4547,11402,0.1366,0.0545
L4,Epi_EndoGlandFun_emSec,Endometrial functionalis glandular epithelial of early-mid secretory phase,18366,celltype_GarciaAlonso2021,SOX9,16,4547,2584,0.0035,0.0062
L4,Epi_EndoGlandFun_emSec,Endometrial functionalis glandular epithelial of early-mid secretory phase,18366,celltype_GarciaAlonso2021,Ciliated,6,4547,1814,0.0013,0.0033
L4,Epi_EndoGlandFun_emSec,Endometrial functionalis glandular epithelial of early-mid secretory phase,18366,celltype_GarciaAlonso2021,Lymphoid,6,4547,1281,0.0013,0.0047
L4,Epi_EndoGlandFun_emSec,Endometrial functionalis glandular epithelial of early-mid secretory phase,18366,celltype_GarciaAlonso2021,Other,4,4547,2101,0.0009,0.0019
L4,Epi_EndoGlandFun_emSec,Endometrial functionalis glandular epithelial of early-mid secretory phase,18366,celltype_GarciaAlonso2021,dS,2,4547,21021,0.0004,0.0001
L4,Epi_EndoGlandFun_emSec,Endometrial functionalis glandular epithelial of early-mid secretory phase,18366,celltype_GarciaAlonso2021,PV MYH11,1,4547,2977,0.0002,0.0003
L4,Epi_EndoGlandFun_emSec,Endometrial functionalis glandular epithelial of early-mid secretory phase,18366,celltype_HECA,Glandular,5466,5878,8324,0.9299,0.6567
L4,Epi_EndoGlandFun_emSec,Endometrial functionalis glandular epithelial of early-mid secretory phase,18366,celltype_HECA,Luminal,127,5878,9381,0.0216,0.0135
L4,Epi_EndoGlandFun_emSec,Endometrial functionalis glandular epithelial of early-mid secretory phase,18366,celltype_HECA,Glandular_secretory,92,5878,7429,0.0157,0.0124
L4,Epi_EndoGlandFun_emSec,Endometrial functionalis glandular epithelial of early-mid secretory phase,18366,celltype_HECA,preGlandular,90,5878,4238,0.0153,0.0212
L4,Epi_EndoGlandFun_emSec,Endometrial functionalis glandular epithelial of early-mid secretory phase,18366,celltype_HECA,preLuminal,67,5878,1505,0.0114,0.0445
L4,Epi_EndoGlandFun_emSec,Endometrial functionalis glandular epithelial of early-mid secretory phase,18366,celltype_HECA,Ciliated,18,5878,2408,0.0031,0.0075
L4,Epi_EndoGlandFun_emSec,Endometrial functionalis glandular epithelial of early-mid secretory phase,18366,celltype_HECA,eHormones,7,5878,395,0.0012,0.0177
L4,Epi_EndoGlandFun_emSec,Endometrial functionalis glandular epithelial of early-mid secretory phase,18366,celltype_HECA,SOX9_functionalis_II,6,5878,7639,0.001,0.0008
L4,Epi_EndoGlandFun_emSec,Endometrial functionalis glandular epithelial of early-mid secretory phase,18366,celltype_HECA,SOX9_luminal,2,5878,1936,0.0003,0.001
L4,Epi_EndoGlandFun_emSec,Endometrial functionalis glandular epithelial of early-mid secretory phase,18366,celltype_HECA,Glandular_secretory_FGF7,1,5878,682,0.0002,0.0015
L4,Epi_EndoGlandFun_emSec,Endometrial functionalis glandular epithelial of early-mid secretory phase,18366,celltype_HECA,KRT5,1,5878,7,0.0002,0.1429
L4,Epi_EndoGlandFun_emSec,Endometrial functionalis glandular epithelial of early-mid secretory phase,18366,celltype_HECA,SOX9_functionalis_I,1,5878,244,0.0002,0.0041
L4,Epi_EndoGlandFun_emSec,Endometrial functionalis glandular epithelial of early-mid secretory phase,18366,celltype_Ulrich2024,Gland-sec-progenitor-A,803,1963,4403,0.4091,0.1824
L4,Epi_EndoGlandFun_emSec,Endometrial functionalis glandular epithelial of early-mid secretory phase,18366,celltype_Ulrich2024,Sox9-Glandular,790,1963,2917,0.4024,0.2708
L4,Epi_EndoGlandFun_emSec,Endometrial functionalis glandular epithelial of early-mid secretory phase,18366,celltype_Ulrich2024,MUC16+_Gland_sec,195,1963,1447,0.0993,0.1348
L4,Epi_EndoGlandFun_emSec,Endometrial functionalis glandular epithelial of early-mid secretory phase,18366,celltype_Ulrich2024,Gland-sec-progenitor-B,85,1963,1161,0.0433,0.0732
L4,Epi_EndoGlandFun_emSec,Endometrial functionalis glandular epithelial of early-mid secretory phase,18366,celltype_Ulrich2024,Lumenal,67,1963,2673,0.0341,0.0251
L4,Epi_EndoGlandFun_emSec,Endometrial functionalis glandular epithelial of early-mid secretory phase,18366,celltype_Ulrich2024,Res-Mem-T,8,1963,58,0.0041,0.1379
L4,Epi_EndoGlandFun_emSec,Endometrial functionalis glandular epithelial of early-mid secretory phase,18366,celltype_Ulrich2024,Myoepithelial,5,1963,110,0.0025,0.0455
L4,Epi_EndoGlandFun_emSec,Endometrial functionalis glandular epithelial of early-mid secretory phase,18366,celltype_Ulrich2024,HMGB2-Prolif,4,1963,1402,0.002,0.0029
L4,Epi_EndoGlandFun_emSec,Endometrial functionalis glandular epithelial of early-mid secretory phase,18366,celltype_Ulrich2024,Ciliated,2,1963,3321,0.001,0.0006
L4,Epi_EndoGlandFun_emSec,Endometrial functionalis glandular epithelial of early-mid secretory phase,18366,celltype_Ulrich2024,Mast,2,1963,569,0.001,0.0035
L4,Epi_EndoGlandFun_emSec,Endometrial functionalis glandular epithelial of early-mid secretory phase,18366,celltype_Ulrich2024,NK-cells,1,1963,4506,0.0005,0.0002
L4,Epi_EndoGlandFun_emSec,Endometrial functionalis glandular epithelial of early-mid secretory phase,18366,celltype_Ulrich2024,TMEM-CD8,1,1963,1575,0.0005,0.0006
L4,Epi_EndoGlandFun_lProf,Endometrial functionalis glandular epithelial of late proliferative/early secretory phase,11900,celltype_GarciaAlonso2021,SOX9,802,906,2584,0.8852,0.3104
L4,Epi_EndoGlandFun_lProf,Endometrial functionalis glandular epithelial of late proliferative/early secretory phase,11900,celltype_GarciaAlonso2021,Glandular,58,906,10071,0.064,0.0058
L4,Epi_EndoGlandFun_lProf,Endometrial functionalis glandular epithelial of late proliferative/early secretory phase,11900,celltype_GarciaAlonso2021,Lumenal,45,906,11402,0.0497,0.0039
L4,Epi_EndoGlandFun_lProf,Endometrial functionalis glandular epithelial of late proliferative/early secretory phase,11900,celltype_GarciaAlonso2021,Lymphoid,1,906,1281,0.0011,0.0008
L4,Epi_EndoGlandFun_lProf,Endometrial functionalis glandular epithelial of late proliferative/early secretory phase,11900,celltype_HECA,preGlandular,3500,3939,4238,0.8886,0.8259
L4,Epi_EndoGlandFun_lProf,Endometrial functionalis glandular epithelial of late proliferative/early secretory phase,11900,celltype_HECA,Glandular,235,3939,8324,0.0597,0.0282
L4,Epi_EndoGlandFun_lProf,Endometrial functionalis glandular epithelial of late proliferative/early secretory phase,11900,celltype_HECA,SOX9_functionalis_II,77,3939,7639,0.0195,0.0101
L4,Epi_EndoGlandFun_lProf,Endometrial functionalis glandular epithelial of late proliferative/early secretory phase,11900,celltype_HECA,Cycling,48,3939,2210,0.0122,0.0217
L4,Epi_EndoGlandFun_lProf,Endometrial functionalis glandular epithelial of late proliferative/early secretory phase,11900,celltype_HECA,preLuminal,47,3939,1505,0.0119,0.0312
L4,Epi_EndoGlandFun_lProf,Endometrial functionalis glandular epithelial of late proliferative/early secretory phase,11900,celltype_HECA,eHormones,12,3939,395,0.003,0.0304
L4,Epi_EndoGlandFun_lProf,Endometrial functionalis glandular epithelial of late proliferative/early secretory phase,11900,celltype_HECA,SOX9_functionalis_I,7,3939,244,0.0018,0.0287
L4,Epi_EndoGlandFun_lProf,Endometrial functionalis glandular epithelial of late proliferative/early secretory phase,11900,celltype_HECA,SOX9_luminal,7,3939,1936,0.0018,0.0036
L4,Epi_EndoGlandFun_lProf,Endometrial functionalis glandular epithelial of late proliferative/early secretory phase,11900,celltype_HECA,Luminal,4,3939,9381,0.001,0.0004
L4,Epi_EndoGlandFun_lProf,Endometrial functionalis glandular epithelial of late proliferative/early secretory phase,11900,celltype_HECA,Ciliated,1,3939,2408,0.0003,0.0004
L4,Epi_EndoGlandFun_lProf,Endometrial functionalis glandular epithelial of late proliferative/early secretory phase,11900,celltype_HECA,Glandular_secretory,1,3939,7429,0.0003,0.0001
L4,Epi_EndoGlandFun_lProf,Endometrial functionalis glandular epithelial of late proliferative/early secretory phase,11900,celltype_Ulrich2024,Sox9-Glandular,287,404,2917,0.7104,0.0984
L4,Epi_EndoGlandFun_lProf,Endometrial functionalis glandular epithelial of late proliferative/early secretory phase,11900,celltype_Ulrich2024,Gland-sec-progenitor-A,52,404,4403,0.1287,0.0118
L4,Epi_EndoGlandFun_lProf,Endometrial functionalis glandular epithelial of late proliferative/early secretory phase,11900,celltype_Ulrich2024,HMGB2-Prolif,35,404,1402,0.0866,0.025
L4,Epi_EndoGlandFun_lProf,Endometrial functionalis glandular epithelial of late proliferative/early secretory phase,11900,celltype_Ulrich2024,MUC16+_Gland_sec,24,404,1447,0.0594,0.0166
L4,Epi_EndoGlandFun_lProf,Endometrial functionalis glandular epithelial of late proliferative/early secretory phase,11900,celltype_Ulrich2024,Lumenal,5,404,2673,0.0124,0.0019
L4,Epi_EndoGlandFun_lProf,Endometrial functionalis glandular epithelial of late proliferative/early secretory phase,11900,celltype_Ulrich2024,Gland-sec-progenitor-B,1,404,1161,0.0025,0.0009
L4,Epi_EndoGlandFun_lSec,Endometrial functionalis glandular epithelial of late secretory phase,1467,celltype_GarciaAlonso2021,Other,500,520,2101,0.9615,0.238
L4,Epi_EndoGlandFun_lSec,Endometrial functionalis glandular epithelial of late secretory phase,1467,celltype_GarciaAlonso2021,Glandular,19,520,10071,0.0365,0.0019
L4,Epi_EndoGlandFun_lSec,Endometrial functionalis glandular epithelial of late secretory phase,1467,celltype_GarciaAlonso2021,uSMC,1,520,3915,0.0019,0.0003
L4,Epi_EndoGlandFun_lSec,Endometrial functionalis glandular epithelial of late secretory phase,1467,celltype_HECA,Glandular_secretory_FGF7,646,689,682,0.9376,0.9472
L4,Epi_EndoGlandFun_lSec,Endometrial functionalis glandular epithelial of late secretory phase,1467,celltype_HECA,Glandular_secretory,39,689,7429,0.0566,0.0052
L4,Epi_EndoGlandFun_lSec,Endometrial functionalis glandular epithelial of late secretory phase,1467,celltype_HECA,Glandular,2,689,8324,0.0029,0.0002
L4,Epi_EndoGlandFun_lSec,Endometrial functionalis glandular epithelial of late secretory phase,1467,celltype_HECA,eHormones,2,689,395,0.0029,0.0051
L4,Epi_EndoGlandFun_lSec,Endometrial functionalis glandular epithelial of late secretory phase,1467,celltype_Ulrich2024,Gland-sec-progenitor-A,57,108,4403,0.5278,0.0129
L4,Epi_EndoGlandFun_lSec,Endometrial functionalis glandular epithelial of late secretory phase,1467,celltype_Ulrich2024,Lumenal,23,108,2673,0.213,0.0086
L4,Epi_EndoGlandFun_lSec,Endometrial functionalis glandular epithelial of late secretory phase,1467,celltype_Ulrich2024,Gland-sec-progenitor-B,15,108,1161,0.1389,0.0129
L4,Epi_EndoGlandFun_lSec,Endometrial functionalis glandular epithelial of late secretory phase,1467,celltype_Ulrich2024,HMGB2-Prolif,8,108,1402,0.0741,0.0057
L4,Epi_EndoGlandFun_lSec,Endometrial functionalis glandular epithelial of late secretory phase,1467,celltype_Ulrich2024,Sox9-Glandular,4,108,2917,0.037,0.0014
L4,Epi_EndoGlandFun_lSec,Endometrial functionalis glandular epithelial of late secretory phase,1467,celltype_Ulrich2024,MUC16+_Gland_sec,1,108,1447,0.0093,0.0007
L4,Epi_EndoGlandFun_mSec,Endometrial functionalis glandular epithelial of mid secretory phase,25233,celltype_GarciaAlonso2021,Glandular,5394,5614,10071,0.9608,0.5356
L4,Epi_EndoGlandFun_mSec,Endometrial functionalis glandular epithelial of mid secretory phase,25233,celltype_GarciaAlonso2021,Lumenal,197,5614,11402,0.0351,0.0173
L4,Epi_EndoGlandFun_mSec,Endometrial functionalis glandular epithelial of mid secretory phase,25233,celltype_GarciaAlonso2021,Other,10,5614,2101,0.0018,0.0048
L4,Epi_EndoGlandFun_mSec,Endometrial functionalis glandular epithelial of mid secretory phase,25233,celltype_GarciaAlonso2021,SOX9,5,5614,2584,0.0009,0.0019
L4,Epi_EndoGlandFun_mSec,Endometrial functionalis glandular epithelial of mid secretory phase,25233,celltype_GarciaAlonso2021,Ciliated,4,5614,1814,0.0007,0.0022
L4,Epi_EndoGlandFun_mSec,Endometrial functionalis glandular epithelial of mid secretory phase,25233,celltype_GarciaAlonso2021,dS,2,5614,21021,0.0004,0.0001
L4,Epi_EndoGlandFun_mSec,Endometrial functionalis glandular epithelial of mid secretory phase,25233,celltype_GarciaAlonso2021,Lymphoid,1,5614,1281,0.0002,0.0008
L4,Epi_EndoGlandFun_mSec,Endometrial functionalis glandular epithelial of mid secretory phase,25233,celltype_GarciaAlonso2021,Myeloid,1,5614,561,0.0002,0.0018
L4,Epi_EndoGlandFun_mSec,Endometrial functionalis glandular epithelial of mid secretory phase,25233,celltype_HECA,Glandular_secretory,7253,9510,7429,0.7627,0.9763
L4,Epi_EndoGlandFun_mSec,Endometrial functionalis glandular epithelial of mid secretory phase,25233,celltype_HECA,Glandular,2004,9510,8324,0.2107,0.2407
L4,Epi_EndoGlandFun_mSec,Endometrial functionalis glandular epithelial of mid secretory phase,25233,celltype_HECA,eHormones,98,9510,395,0.0103,0.2481
L4,Epi_EndoGlandFun_mSec,Endometrial functionalis glandular epithelial of mid secretory phase,25233,celltype_HECA,Luminal,90,9510,9381,0.0095,0.0096
L4,Epi_EndoGlandFun_mSec,Endometrial functionalis glandular epithelial of mid secretory phase,25233,celltype_HECA,Glandular_secretory_FGF7,35,9510,682,0.0037,0.0513
L4,Epi_EndoGlandFun_mSec,Endometrial functionalis glandular epithelial of mid secretory phase,25233,celltype_HECA,SOX9_functionalis_II,9,9510,7639,0.0009,0.0012
L4,Epi_EndoGlandFun_mSec,Endometrial functionalis glandular epithelial of mid secretory phase,25233,celltype_HECA,Ciliated,7,9510,2408,0.0007,0.0029
L4,Epi_EndoGlandFun_mSec,Endometrial functionalis glandular epithelial of mid secretory phase,25233,celltype_HECA,SOX9_luminal,4,9510,1936,0.0004,0.0021
L4,Epi_EndoGlandFun_mSec,Endometrial functionalis glandular epithelial of mid secretory phase,25233,celltype_HECA,preGlandular,4,9510,4238,0.0004,0.0009
L4,Epi_EndoGlandFun_mSec,Endometrial functionalis glandular epithelial of mid secretory phase,25233,celltype_HECA,preLuminal,3,9510,1505,0.0003,0.002
L4,Epi_EndoGlandFun_mSec,Endometrial functionalis glandular epithelial of mid secretory phase,25233,celltype_HECA,SOX9_functionalis_I,2,9510,244,0.0002,0.0082
L4,Epi_EndoGlandFun_mSec,Endometrial functionalis glandular epithelial of mid secretory phase,25233,celltype_HECA,KRT5,1,9510,7,0.0001,0.1429
L4,Epi_EndoGlandFun_mSec,Endometrial functionalis glandular epithelial of mid secretory phase,25233,celltype_Ulrich2024,Gland-sec-progenitor-A,2065,4463,4403,0.4627,0.469
L4,Epi_EndoGlandFun_mSec,Endometrial functionalis glandular epithelial of mid secretory phase,25233,celltype_Ulrich2024,Gland-sec-progenitor-B,815,4463,1161,0.1826,0.702
L4,Epi_EndoGlandFun_mSec,Endometrial functionalis glandular epithelial of mid secretory phase,25233,celltype_Ulrich2024,MUC16+_Gland_sec,659,4463,1447,0.1477,0.4554
L4,Epi_EndoGlandFun_mSec,Endometrial functionalis glandular epithelial of mid secretory phase,25233,celltype_Ulrich2024,Lumenal,427,4463,2673,0.0957,0.1597
L4,Epi_EndoGlandFun_mSec,Endometrial functionalis glandular epithelial of mid secretory phase,25233,celltype_Ulrich2024,Sox9-Glandular,320,4463,2917,0.0717,0.1097
L4,Epi_EndoGlandFun_mSec,Endometrial functionalis glandular epithelial of mid secretory phase,25233,celltype_Ulrich2024,HMGB2-Prolif,125,4463,1402,0.028,0.0892
L4,Epi_EndoGlandFun_mSec,Endometrial functionalis glandular epithelial of mid secretory phase,25233,celltype_Ulrich2024,Ciliated,23,4463,3321,0.0052,0.0069
L4,Epi_EndoGlandFun_mSec,Endometrial functionalis glandular epithelial of mid secretory phase,25233,celltype_Ulrich2024,Res-Mem-T,20,4463,58,0.0045,0.3448
L4,Epi_EndoGlandFun_mSec,Endometrial functionalis glandular epithelial of mid secretory phase,25233,celltype_Ulrich2024,Myoepithelial,8,4463,110,0.0018,0.0727
L4,Epi_EndoGlandFun_mSec,Endometrial functionalis glandular epithelial of mid secretory phase,25233,celltype_Ulrich2024,Fibrocytes,1,4463,46,0.0002,0.0217
L4,Epi_EndoGlandLum_Prof,Endometrial luminal glandular epithelial of of proliferative phase,9672,celltype_GarciaAlonso2021,Lumenal,1539,2199,11402,0.6999,0.135
L4,Epi_EndoGlandLum_Prof,Endometrial luminal glandular epithelial of of proliferative phase,9672,celltype_GarciaAlonso2021,SOX9,354,2199,2584,0.161,0.137
L4,Epi_EndoGlandLum_Prof,Endometrial luminal glandular epithelial of of proliferative phase,9672,celltype_GarciaAlonso2021,Glandular,299,2199,10071,0.136,0.0297
L4,Epi_EndoGlandLum_Prof,Endometrial luminal glandular epithelial of of proliferative phase,9672,celltype_GarciaAlonso2021,dS,4,2199,21021,0.0018,0.0002
L4,Epi_EndoGlandLum_Prof,Endometrial luminal glandular epithelial of of proliferative phase,9672,celltype_GarciaAlonso2021,Other,2,2199,2101,0.0009,0.001
L4,Epi_EndoGlandLum_Prof,Endometrial luminal glandular epithelial of of proliferative phase,9672,celltype_GarciaAlonso2021,Ciliated,1,2199,1814,0.0005,0.0006
L4,Epi_EndoGlandLum_Prof,Endometrial luminal glandular epithelial of of proliferative phase,9672,celltype_HECA,SOX9_luminal,1441,3484,1936,0.4136,0.7443
L4,Epi_EndoGlandLum_Prof,Endometrial luminal glandular epithelial of of proliferative phase,9672,celltype_HECA,preLuminal,1032,3484,1505,0.2962,0.6857
L4,Epi_EndoGlandLum_Prof,Endometrial luminal glandular epithelial of of proliferative phase,9672,celltype_HECA,preGlandular,542,3484,4238,0.1556,0.1279
L4,Epi_EndoGlandLum_Prof,Endometrial luminal glandular epithelial of of proliferative phase,9672,celltype_HECA,Glandular,140,3484,8324,0.0402,0.0168
L4,Epi_EndoGlandLum_Prof,Endometrial luminal glandular epithelial of of proliferative phase,9672,celltype_HECA,eHormones,109,3484,395,0.0313,0.2759
L4,Epi_EndoGlandLum_Prof,Endometrial luminal glandular epithelial of of proliferative phase,9672,celltype_HECA,SOX9_functionalis_II,92,3484,7639,0.0264,0.012
L4,Epi_EndoGlandLum_Prof,Endometrial luminal glandular epithelial of of proliferative phase,9672,celltype_HECA,Luminal,65,3484,9381,0.0187,0.0069
L4,Epi_EndoGlandLum_Prof,Endometrial luminal glandular epithelial of of proliferative phase,9672,celltype_HECA,SOX9_functionalis_I,46,3484,244,0.0132,0.1885
L4,Epi_EndoGlandLum_Prof,Endometrial luminal glandular epithelial of of proliferative phase,9672,celltype_HECA,Cycling,11,3484,2210,0.0032,0.005
L4,Epi_EndoGlandLum_Prof,Endometrial luminal glandular epithelial of of proliferative phase,9672,celltype_HECA,Ciliated,5,3484,2408,0.0014,0.0021
L4,Epi_EndoGlandLum_Prof,Endometrial luminal glandular epithelial of of proliferative phase,9672,celltype_HECA,Glandular_secretory,1,3484,7429,0.0003,0.0001
L4,Epi_EndoGlandLum_Prof,Endometrial luminal glandular epithelial of of proliferative phase,9672,celltype_Ulrich2024,Lumenal,374,933,2673,0.4009,0.1399
L4,Epi_EndoGlandLum_Prof,Endometrial luminal glandular epithelial of of proliferative phase,9672,celltype_Ulrich2024,Sox9-Glandular,217,933,2917,0.2326,0.0744
L4,Epi_EndoGlandLum_Prof,Endometrial luminal glandular epithelial of of proliferative phase,9672,celltype_Ulrich2024,Gland-sec-progenitor-A,114,933,4403,0.1222,0.0259
L4,Epi_EndoGlandLum_Prof,Endometrial luminal glandular epithelial of of proliferative phase,9672,celltype_Ulrich2024,HMGB2-Prolif,113,933,1402,0.1211,0.0806
L4,Epi_EndoGlandLum_Prof,Endometrial luminal glandular epithelial of of proliferative phase,9672,celltype_Ulrich2024,MUC16+_Gland_sec,89,933,1447,0.0954,0.0615
L4,Epi_EndoGlandLum_Prof,Endometrial luminal glandular epithelial of of proliferative phase,9672,celltype_Ulrich2024,Fibrocytes,7,933,46,0.0075,0.1522
L4,Epi_EndoGlandLum_Prof,Endometrial luminal glandular epithelial of of proliferative phase,9672,celltype_Ulrich2024,Tissue-resident-vascular-progenitor,7,933,203,0.0075,0.0345
L4,Epi_EndoGlandLum_Prof,Endometrial luminal glandular epithelial of of proliferative phase,9672,celltype_Ulrich2024,dS2,4,933,23111,0.0043,0.0002
L4,Epi_EndoGlandLum_Prof,Endometrial luminal glandular epithelial of of proliferative phase,9672,celltype_Ulrich2024,PV-MYH11_CDKN1A+,3,933,10659,0.0032,0.0003
L4,Epi_EndoGlandLum_Prof,Endometrial luminal glandular epithelial of of proliferative phase,9672,celltype_Ulrich2024,Gland-sec-progenitor-B,2,933,1161,0.0021,0.0017
L4,Epi_EndoGlandLum_Prof,Endometrial luminal glandular epithelial of of proliferative phase,9672,celltype_Ulrich2024,Myoepithelial,2,933,110,0.0021,0.0182
L4,Epi_EndoGlandLum_Prof,Endometrial luminal glandular epithelial of of proliferative phase,9672,celltype_Ulrich2024,RUNX3+_Fibroblast,1,933,23,0.0011,0.0435
L4,Epi_EndoGlandLum_eSec,Endometrial luminal glandular epithelial of of early secretory,24,celltype_HECA,eHormones,9,9,395,1.0,0.0228
L4,Epi_EndoGlandLum_mSec,Endometrial luminal glandular epithelial of of secretory phase,12046,celltype_GarciaAlonso2021,Lumenal,8782,9207,11402,0.9538,0.7702
L4,Epi_EndoGlandLum_mSec,Endometrial luminal glandular epithelial of of secretory phase,12046,celltype_GarciaAlonso2021,Glandular,380,9207,10071,0.0413,0.0377
L4,Epi_EndoGlandLum_mSec,Endometrial luminal glandular epithelial of of secretory phase,12046,celltype_GarciaAlonso2021,Lymphoid,15,9207,1281,0.0016,0.0117
L4,Epi_EndoGlandLum_mSec,Endometrial luminal glandular epithelial of of secretory phase,12046,celltype_GarciaAlonso2021,Ciliated,12,9207,1814,0.0013,0.0066
L4,Epi_EndoGlandLum_mSec,Endometrial luminal glandular epithelial of of secretory phase,12046,celltype_GarciaAlonso2021,SOX9,9,9207,2584,0.001,0.0035
L4,Epi_EndoGlandLum_mSec,Endometrial luminal glandular epithelial of of secretory phase,12046,celltype_GarciaAlonso2021,uSMC,3,9207,3915,0.0003,0.0008
L4,Epi_EndoGlandLum_mSec,Endometrial luminal glandular epithelial of of secretory phase,12046,celltype_GarciaAlonso2021,Endothelial ACKR1,2,9207,5413,0.0002,0.0004
L4,Epi_EndoGlandLum_mSec,Endometrial luminal glandular epithelial of of secretory phase,12046,celltype_GarciaAlonso2021,Other,2,9207,2101,0.0002,0.001
L4,Epi_EndoGlandLum_mSec,Endometrial luminal glandular epithelial of of secretory phase,12046,celltype_GarciaAlonso2021,dS,2,9207,21021,0.0002,0.0001
L4,Epi_EndoGlandLum_mSec,Endometrial luminal glandular epithelial of of secretory phase,12046,celltype_HECA,Luminal,9046,9965,9381,0.9078,0.9643
L4,Epi_EndoGlandLum_mSec,Endometrial luminal glandular epithelial of of secretory phase,12046,celltype_HECA,Glandular,458,9965,8324,0.046,0.055
L4,Epi_EndoGlandLum_mSec,Endometrial luminal glandular epithelial of of secretory phase,12046,celltype_HECA,preLuminal,320,9965,1505,0.0321,0.2126
L4,Epi_EndoGlandLum_mSec,Endometrial luminal glandular epithelial of of secretory phase,12046,celltype_HECA,Glandular_secretory,34,9965,7429,0.0034,0.0046
L4,Epi_EndoGlandLum_mSec,Endometrial luminal glandular epithelial of of secretory phase,12046,celltype_HECA,SOX9_luminal,31,9965,1936,0.0031,0.016
L4,Epi_EndoGlandLum_mSec,Endometrial luminal glandular epithelial of of secretory phase,12046,celltype_HECA,eHormones,28,9965,395,0.0028,0.0709
L4,Epi_EndoGlandLum_mSec,Endometrial luminal glandular epithelial of of secretory phase,12046,celltype_HECA,SOX9_functionalis_II,14,9965,7639,0.0014,0.0018
L4,Epi_EndoGlandLum_mSec,Endometrial luminal glandular epithelial of of secretory phase,12046,celltype_HECA,preGlandular,14,9965,4238,0.0014,0.0033
L4,Epi_EndoGlandLum_mSec,Endometrial luminal glandular epithelial of of secretory phase,12046,celltype_HECA,Ciliated,11,9965,2408,0.0011,0.0046
L4,Epi_EndoGlandLum_mSec,Endometrial luminal glandular epithelial of of secretory phase,12046,celltype_HECA,Cycling,4,9965,2210,0.0004,0.0018
L4,Epi_EndoGlandLum_mSec,Endometrial luminal glandular epithelial of of secretory phase,12046,celltype_HECA,SOX9_functionalis_I,3,9965,244,0.0003,0.0123
L4,Epi_EndoGlandLum_mSec,Endometrial luminal glandular epithelial of of secretory phase,12046,celltype_HECA,KRT5,1,9965,7,0.0001,0.1429
L4,Epi_EndoGlandLum_mSec,Endometrial luminal glandular epithelial of of secretory phase,12046,celltype_HECA,MUC5B,1,9965,204,0.0001,0.0049
L4,Epi_EndoGlandLum_mSec,Endometrial luminal glandular epithelial of of secretory phase,12046,celltype_Ulrich2024,Lumenal,1283,2132,2673,0.6018,0.48
L4,Epi_EndoGlandLum_mSec,Endometrial luminal glandular epithelial of of secretory phase,12046,celltype_Ulrich2024,Gland-sec-progenitor-A,551,2132,4403,0.2584,0.1251
L4,Epi_EndoGlandLum_mSec,Endometrial luminal glandular epithelial of of secretory phase,12046,celltype_Ulrich2024,MUC16+_Gland_sec,190,2132,1447,0.0891,0.1313
L4,Epi_EndoGlandLum_mSec,Endometrial luminal glandular epithelial of of secretory phase,12046,celltype_Ulrich2024,HMGB2-Prolif,78,2132,1402,0.0366,0.0556
L4,Epi_EndoGlandLum_mSec,Endometrial luminal glandular epithelial of of secretory phase,12046,celltype_Ulrich2024,Sox9-Glandular,15,2132,2917,0.007,0.0051
L4,Epi_EndoGlandLum_mSec,Endometrial luminal glandular epithelial of of secretory phase,12046,celltype_Ulrich2024,Res-Mem-T,5,2132,58,0.0023,0.0862
L4,Epi_EndoGlandLum_mSec,Endometrial luminal glandular epithelial of of secretory phase,12046,celltype_Ulrich2024,Gland-sec-progenitor-B,4,2132,1161,0.0019,0.0034
L4,Epi_EndoGlandLum_mSec,Endometrial luminal glandular epithelial of of secretory phase,12046,celltype_Ulrich2024,Myoepithelial,3,2132,110,0.0014,0.0273
L4,Epi_EndoGlandLum_mSec,Endometrial luminal glandular epithelial of of secretory phase,12046,celltype_Ulrich2024,Fibrocytes,1,2132,46,0.0005,0.0217
L4,Epi_EndoGlandLum_mSec,Endometrial luminal glandular epithelial of of secretory phase,12046,celltype_Ulrich2024,dS2,1,2132,23111,0.0005,0.0
L4,Epi_EndoGlandLum_mSec,Endometrial luminal glandular epithelial of of secretory phase,12046,celltype_Ulrich2024,uSMC,1,2132,7719,0.0005,0.0001
L4,Epi_EndoGland_nEMC,Endometrial glandular epithelial in no endogenous menstrual cycle (nEMC),18196,celltype_GarciaAlonso2021,Lumenal,18,39,11402,0.4615,0.0016
L4,Epi_EndoGland_nEMC,Endometrial glandular epithelial in no endogenous menstrual cycle (nEMC),18196,celltype_GarciaAlonso2021,Glandular,11,39,10071,0.2821,0.0011
L4,Epi_EndoGland_nEMC,Endometrial glandular epithelial in no endogenous menstrual cycle (nEMC),18196,celltype_GarciaAlonso2021,SOX9,6,39,2584,0.1538,0.0023
L4,Epi_EndoGland_nEMC,Endometrial glandular epithelial in no endogenous menstrual cycle (nEMC),18196,celltype_GarciaAlonso2021,Other,3,39,2101,0.0769,0.0014
L4,Epi_EndoGland_nEMC,Endometrial glandular epithelial in no endogenous menstrual cycle (nEMC),18196,celltype_GarciaAlonso2021,dS,1,39,21021,0.0256,0.0
L4,Epi_EndoGland_nEMC,Endometrial glandular epithelial in no endogenous menstrual cycle (nEMC),18196,celltype_HECA,eHormones,41,102,395,0.402,0.1038
L4,Epi_EndoGland_nEMC,Endometrial glandular epithelial in no endogenous menstrual cycle (nEMC),18196,celltype_HECA,SOX9_luminal,15,102,1936,0.1471,0.0077
L4,Epi_EndoGland_nEMC,Endometrial glandular epithelial in no endogenous menstrual cycle (nEMC),18196,celltype_HECA,SOX9_functionalis_II,9,102,7639,0.0882,0.0012
L4,Epi_EndoGland_nEMC,Endometrial glandular epithelial in no endogenous menstrual cycle (nEMC),18196,celltype_HECA,Glandular,8,102,8324,0.0784,0.001
L4,Epi_EndoGland_nEMC,Endometrial glandular epithelial in no endogenous menstrual cycle (nEMC),18196,celltype_HECA,Glandular_secretory,8,102,7429,0.0784,0.0011
L4,Epi_EndoGland_nEMC,Endometrial glandular epithelial in no endogenous menstrual cycle (nEMC),18196,celltype_HECA,Luminal,8,102,9381,0.0784,0.0009
L4,Epi_EndoGland_nEMC,Endometrial glandular epithelial in no endogenous menstrual cycle (nEMC),18196,celltype_HECA,preGlandular,5,102,4238,0.049,0.0012
L4,Epi_EndoGland_nEMC,Endometrial glandular epithelial in no endogenous menstrual cycle (nEMC),18196,celltype_HECA,preLuminal,5,102,1505,0.049,0.0033
L4,Epi_EndoGland_nEMC,Endometrial glandular epithelial in no endogenous menstrual cycle (nEMC),18196,celltype_HECA,Cycling,2,102,2210,0.0196,0.0009
L4,Epi_EndoGland_nEMC,Endometrial glandular epithelial in no endogenous menstrual cycle (nEMC),18196,celltype_HECA,KRT5,1,102,7,0.0098,0.1429
L4,Epi_EndoGland_nEMC,Endometrial glandular epithelial in no endogenous menstrual cycle (nEMC),18196,celltype_Ulrich2024,Lumenal,98,170,2673,0.5765,0.0367
L4,Epi_EndoGland_nEMC,Endometrial glandular epithelial in no endogenous menstrual cycle (nEMC),18196,celltype_Ulrich2024,Gland-sec-progenitor-A,30,170,4403,0.1765,0.0068
L4,Epi_EndoGland_nEMC,Endometrial glandular epithelial in no endogenous menstrual cycle (nEMC),18196,celltype_Ulrich2024,MUC16+_Gland_sec,17,170,1447,0.1,0.0117
L4,Epi_EndoGland_nEMC,Endometrial glandular epithelial in no endogenous menstrual cycle (nEMC),18196,celltype_Ulrich2024,Sox9-Glandular,10,170,2917,0.0588,0.0034
L4,Epi_EndoGland_nEMC,Endometrial glandular epithelial in no endogenous menstrual cycle (nEMC),18196,celltype_Ulrich2024,HMGB2-Prolif,9,170,1402,0.0529,0.0064
L4,Epi_EndoGland_nEMC,Endometrial glandular epithelial in no endogenous menstrual cycle (nEMC),18196,celltype_Ulrich2024,Gland-sec-progenitor-B,5,170,1161,0.0294,0.0043
L4,Epi_EndoGland_nEMC,Endometrial glandular epithelial in no endogenous menstrual cycle (nEMC),18196,celltype_Ulrich2024,Capillary,1,170,1656,0.0059,0.0006
L3,Epi_EndoMucinous,Endometrial mucinous secretory epithelial,2110,celltype_GarciaAlonso2021,Other,195,202,2101,0.9653,0.0928
L3,Epi_EndoMucinous,Endometrial mucinous secretory epithelial,2110,celltype_GarciaAlonso2021,Lumenal,5,202,11402,0.0248,0.0004
L3,Epi_EndoMucinous,Endometrial mucinous secretory epithelial,2110,celltype_GarciaAlonso2021,Glandular,1,202,10071,0.005,0.0001
L3,Epi_EndoMucinous,Endometrial mucinous secretory epithelial,2110,celltype_GarciaAlonso2021,dS,1,202,21021,0.005,0.0
L3,Epi_EndoMucinous,Endometrial mucinous secretory epithelial,2110,celltype_HECA,MUC5B,197,206,204,0.9563,0.9657
L3,Epi_EndoMucinous,Endometrial mucinous secretory epithelial,2110,celltype_HECA,eHormones,5,206,395,0.0243,0.0127
L3,Epi_EndoMucinous,Endometrial mucinous secretory epithelial,2110,celltype_HECA,Glandular,2,206,8324,0.0097,0.0002
L3,Epi_EndoMucinous,Endometrial mucinous secretory epithelial,2110,celltype_HECA,KRT5,2,206,7,0.0097,0.2857
L3,Epi_EndoMucinous,Endometrial mucinous secretory epithelial,2110,celltype_Ulrich2024,Lumenal,104,351,2673,0.2963,0.0389
L3,Epi_EndoMucinous,Endometrial mucinous secretory epithelial,2110,celltype_Ulrich2024,Ciliated,78,351,3321,0.2222,0.0235
L3,Epi_EndoMucinous,Endometrial mucinous secretory epithelial,2110,celltype_Ulrich2024,Gland-sec-progenitor-A,69,351,4403,0.1966,0.0157
L3,Epi_EndoMucinous,Endometrial mucinous secretory epithelial,2110,celltype_Ulrich2024,MUC16+_Gland_sec,41,351,1447,0.1168,0.0283
L3,Epi_EndoMucinous,Endometrial mucinous secretory epithelial,2110,celltype_Ulrich2024,Gland-sec-progenitor-B,38,351,1161,0.1083,0.0327
L3,Epi_EndoMucinous,Endometrial mucinous secretory epithelial,2110,celltype_Ulrich2024,uSMC,7,351,7719,0.0199,0.0009
L3,Epi_EndoMucinous,Endometrial mucinous secretory epithelial,2110,celltype_Ulrich2024,HMGB2-Prolif,5,351,1402,0.0142,0.0036
L3,Epi_EndoMucinous,Endometrial mucinous secretory epithelial,2110,celltype_Ulrich2024,Sox9-Glandular,5,351,2917,0.0142,0.0017
L3,Epi_EndoMucinous,Endometrial mucinous secretory epithelial,2110,celltype_Ulrich2024,Tissue-resident-vascular-progenitor,3,351,203,0.0085,0.0148
L3,Epi_EndoMucinous,Endometrial mucinous secretory epithelial,2110,celltype_Ulrich2024,dS2,1,351,23111,0.0028,0.0
L4,Epi_FallopianCil_Cyc,Fallopian Tube ciliated epithelial cycling,547,celltype_Ulrich2022,ciliated epithelial cell,51,52,1702,0.9808,0.03
L4,Epi_FallopianCil_Cyc,Fallopian Tube ciliated epithelial cycling,547,celltype_Ulrich2022,secretory cell,1,52,11019,0.0192,0.0001
L4,Epi_FallopianCil_Cyc,Fallopian Tube ciliated epithelial cycling,547,celltype_Weigert2025,ciliated epithelial cell,75,134,5184,0.5597,0.0145
L4,Epi_FallopianCil_Cyc,Fallopian Tube ciliated epithelial cycling,547,celltype_Weigert2025,peg cell,52,134,4600,0.3881,0.0113
L4,Epi_FallopianCil_Cyc,Fallopian Tube ciliated epithelial cycling,547,celltype_Weigert2025,fallopian tube secretory epithelial cell,6,134,3364,0.0448,0.0018
L4,Epi_FallopianCil_Cyc,Fallopian Tube ciliated epithelial cycling,547,celltype_Weigert2025,stromal cell,1,134,51072,0.0075,0.0
L4,Epi_FallopianCil_Diff,Fallopian Tube differentiated ciliated epithelial of mature,12869,celltype_Ulrich2022,ciliated epithelial cell,1584,1587,1702,0.9981,0.9307
L4,Epi_FallopianCil_Diff,Fallopian Tube differentiated ciliated epithelial of mature,12869,celltype_Ulrich2022,secretory cell,3,1587,11019,0.0019,0.0003
L4,Epi_FallopianCil_Diff,Fallopian Tube differentiated ciliated epithelial of mature,12869,celltype_Weigert2025,ciliated epithelial cell,4939,4967,5184,0.9944,0.9527
L4,Epi_FallopianCil_Diff,Fallopian Tube differentiated ciliated epithelial of mature,12869,celltype_Weigert2025,peg cell,17,4967,4600,0.0034,0.0037
L4,Epi_FallopianCil_Diff,Fallopian Tube differentiated ciliated epithelial of mature,12869,celltype_Weigert2025,fallopian tube secretory epithelial cell,9,4967,3364,0.0018,0.0027
L4,Epi_FallopianCil_Diff,Fallopian Tube differentiated ciliated epithelial of mature,12869,celltype_Weigert2025,stromal cell,2,4967,51072,0.0004,0.0
L4,Epi_FallopianCil_Early,Fallopian Tube early ciliated epithelial,460,celltype_Ulrich2022,ciliated epithelial cell,43,43,1702,1.0,0.0253
L4,Epi_FallopianCil_Early,Fallopian Tube early ciliated epithelial,460,celltype_Weigert2025,ciliated epithelial cell,144,157,5184,0.9172,0.0278
L4,Epi_FallopianCil_Early,Fallopian Tube early ciliated epithelial,460,celltype_Weigert2025,peg cell,13,157,4600,0.0828,0.0028
L4,Epi_FallopianCil_Fetal,Fetal fallopian tube ciliated epithelial,516,celltype_GarciaAlonso2022,Epithelial,340,342,9596,0.9942,0.0354
L4,Epi_FallopianCil_Fetal,Fetal fallopian tube ciliated epithelial,516,celltype_GarciaAlonso2022,Mesenchymal_GATA2,1,342,42064,0.0029,0.0
L4,Epi_FallopianCil_Fetal,Fetal fallopian tube ciliated epithelial,516,celltype_GarciaAlonso2022,Oi,1,342,23391,0.0029,0.0
L4,Epi_FallopianCil_Fetal,Fetal fallopian tube ciliated epithelial,516,celltype_Lorenzi2025,Ciliated Epi,117,122,117,0.959,1.0
L4,Epi_FallopianCil_Fetal,Fetal fallopian tube ciliated epithelial,516,celltype_Lorenzi2025,Corpus Spongiosum,2,122,6065,0.0164,0.0003
L4,Epi_FallopianCil_Fetal,Fetal fallopian tube ciliated epithelial,516,celltype_Lorenzi2025,Fallopian Epi,1,122,7650,0.0082,0.0001
L4,Epi_FallopianCil_Fetal,Fetal fallopian tube ciliated epithelial,516,celltype_Lorenzi2025,Uterus Mese,1,122,29149,0.0082,0.0
L4,Epi_FallopianCil_Fetal,Fetal fallopian tube ciliated epithelial,516,celltype_Lorenzi2025,Uterus SmMu,1,122,7029,0.0082,0.0001
L4,Epi_FallopianCil_Fetal,Fetal fallopian tube ciliated epithelial,516,celltype_OvarySanger2026,Epithelial,2,2,5470,1.0,0.0004
L4,Epi_FallopianSec_Cyc,Fallopian Tube secretory epithelial cycling,560,celltype_Ulrich2022,secretory cell,43,43,11019,1.0,0.0039
L4,Epi_FallopianSec_Cyc,Fallopian Tube secretory epithelial cycling,560,celltype_Weigert2025,peg cell,100,151,4600,0.6623,0.0217
L4,Epi_FallopianSec_Cyc,Fallopian Tube secretory epithelial cycling,560,celltype_Weigert2025,fallopian tube secretory epithelial cell,45,151,3364,0.298,0.0134
L4,Epi_FallopianSec_Cyc,Fallopian Tube secretory epithelial cycling,560,celltype_Weigert2025,lymphocyte,3,151,11837,0.0199,0.0003
L4,Epi_FallopianSec_Cyc,Fallopian Tube secretory epithelial cycling,560,celltype_Weigert2025,ciliated epithelial cell,1,151,5184,0.0066,0.0002
L4,Epi_FallopianSec_Cyc,Fallopian Tube secretory epithelial cycling,560,celltype_Weigert2025,macrophage,1,151,5151,0.0066,0.0002
L4,Epi_FallopianSec_Cyc,Fallopian Tube secretory epithelial cycling,560,celltype_Weigert2025,stromal cell,1,151,51072,0.0066,0.0
L4,Epi_FallopianSec_Fetal,Fetal fallopian tube secretory epithelial,12310,celltype_GarciaAlonso2022,Epithelial,5029,5048,9596,0.9962,0.5241
L4,Epi_FallopianSec_Fetal,Fetal fallopian tube secretory epithelial,12310,celltype_GarciaAlonso2022,CoelEpi_LHX9,11,5048,4334,0.0022,0.0025
L4,Epi_FallopianSec_Fetal,Fetal fallopian tube secretory epithelial,12310,celltype_GarciaAlonso2022,Endothelial,1,5048,6280,0.0002,0.0002
L4,Epi_FallopianSec_Fetal,Fetal fallopian tube secretory epithelial,12310,celltype_GarciaAlonso2022,Erythroid,1,5048,3,0.0002,0.3333
L4,Epi_FallopianSec_Fetal,Fetal fallopian tube secretory epithelial,12310,celltype_GarciaAlonso2022,Neural,1,5048,1893,0.0002,0.0005
L4,Epi_FallopianSec_Fetal,Fetal fallopian tube secretory epithelial,12310,celltype_GarciaAlonso2022,OSE,1,5048,7453,0.0002,0.0001
L4,Epi_FallopianSec_Fetal,Fetal fallopian tube secretory epithelial,12310,celltype_GarciaAlonso2022,Oi,1,5048,23391,0.0002,0.0
L4,Epi_FallopianSec_Fetal,Fetal fallopian tube secretory epithelial,12310,celltype_GarciaAlonso2022,PV,1,5048,9621,0.0002,0.0001
L4,Epi_FallopianSec_Fetal,Fetal fallopian tube secretory epithelial,12310,celltype_GarciaAlonso2022,SMCs,1,5048,2910,0.0002,0.0003
L4,Epi_FallopianSec_Fetal,Fetal fallopian tube secretory epithelial,12310,celltype_GarciaAlonso2022,preGC_I,1,5048,15678,0.0002,0.0001
L4,Epi_FallopianSec_Fetal,Fetal fallopian tube secretory epithelial,12310,celltype_Lardenois2026,Ducts,1,1,55,1.0,0.0182
L4,Epi_FallopianSec_Fetal,Fetal fallopian tube secretory epithelial,12310,celltype_Lorenzi2025,Fallopian Epi,6851,7225,7650,0.9482,0.8956
L4,Epi_FallopianSec_Fetal,Fetal fallopian tube secretory epithelial,12310,celltype_Lorenzi2025,Müllerian Epi,249,7225,2490,0.0345,0.1
L4,Epi_FallopianSec_Fetal,Fetal fallopian tube secretory epithelial,12310,celltype_Lorenzi2025,Coelomic Epi,73,7225,6305,0.0101,0.0116
L4,Epi_FallopianSec_Fetal,Fetal fallopian tube secretory epithelial,12310,celltype_Lorenzi2025,Uterus/Cervix Epi,24,7225,7381,0.0033,0.0033
L4,Epi_FallopianSec_Fetal,Fetal fallopian tube secretory epithelial,12310,celltype_Lorenzi2025,Fallopian Mese,7,7225,29799,0.001,0.0002
L4,Epi_FallopianSec_Fetal,Fetal fallopian tube secretory epithelial,12310,celltype_Lorenzi2025,Fallopian Lig,5,7225,17659,0.0007,0.0003
L4,Epi_FallopianSec_Fetal,Fetal fallopian tube secretory epithelial,12310,celltype_Lorenzi2025,Uterus Mese,4,7225,29149,0.0006,0.0001
L4,Epi_FallopianSec_Fetal,Fetal fallopian tube secretory epithelial,12310,celltype_Lorenzi2025,Epoophron Mese,3,7225,12245,0.0004,0.0002
L4,Epi_FallopianSec_Fetal,Fetal fallopian tube secretory epithelial,12310,celltype_Lorenzi2025,Endothelial,2,7225,7907,0.0003,0.0003
L4,Epi_FallopianSec_Fetal,Fetal fallopian tube secretory epithelial,12310,celltype_Lorenzi2025,Erythroid,2,7225,18,0.0003,0.1111
L4,Epi_FallopianSec_Fetal,Fetal fallopian tube secretory epithelial,12310,celltype_Lorenzi2025,Perivascular,2,7225,13206,0.0003,0.0002
L4,Epi_FallopianSec_Fetal,Fetal fallopian tube secretory epithelial,12310,celltype_Lorenzi2025,Uterus SmMu,2,7225,7029,0.0003,0.0003
L4,Epi_FallopianSec_Fetal,Fetal fallopian tube secretory epithelial,12310,celltype_Lorenzi2025,Vas Deferens Mese,1,7225,1966,0.0001,0.0005
L4,Epi_FallopianSec_Fetal,Fetal fallopian tube secretory epithelial,12310,celltype_OvarySanger2026,Epithelial,4506,4508,5470,0.9996,0.8238
L4,Epi_FallopianSec_Fetal,Fetal fallopian tube secretory epithelial,12310,celltype_OvarySanger2026,OSE_Fetal,1,4508,4369,0.0002,0.0002
L4,Epi_FallopianSec_Fetal,Fetal fallopian tube secretory epithelial,12310,celltype_OvarySanger2026,PV_SMC_Arterial,1,4508,31802,0.0002,0.0
L4,Epi_FallopianSec_OVGP1hi_EstrInd,Fallopian Tube secretory epithelial of OVGP1high,17601,celltype_Ulrich2022,secretory cell,958,971,11019,0.9866,0.0869
L4,Epi_FallopianSec_OVGP1hi_EstrInd,Fallopian Tube secretory epithelial of OVGP1high,17601,celltype_Ulrich2022,ciliated epithelial cell,8,971,1702,0.0082,0.0047
L4,Epi_FallopianSec_OVGP1hi_EstrInd,Fallopian Tube secretory epithelial of OVGP1high,17601,celltype_Ulrich2022,myofibroblast cell,5,971,9937,0.0051,0.0005
L4,Epi_FallopianSec_OVGP1hi_EstrInd,Fallopian Tube secretory epithelial of OVGP1high,17601,celltype_Weigert2025,peg cell,4222,6621,4600,0.6377,0.9178
L4,Epi_FallopianSec_OVGP1hi_EstrInd,Fallopian Tube secretory epithelial of OVGP1high,17601,celltype_Weigert2025,fallopian tube secretory epithelial cell,2382,6621,3364,0.3598,0.7081
L4,Epi_FallopianSec_OVGP1hi_EstrInd,Fallopian Tube secretory epithelial of OVGP1high,17601,celltype_Weigert2025,stromal cell,11,6621,51072,0.0017,0.0002
L4,Epi_FallopianSec_OVGP1hi_EstrInd,Fallopian Tube secretory epithelial of OVGP1high,17601,celltype_Weigert2025,ciliated epithelial cell,6,6621,5184,0.0009,0.0012
L4,Epi_FallopianSec_OVGP1lo,Fallopian Tube secretory epithelial of OVGP1low,13587,celltype_Ulrich2022,secretory cell,9969,9985,11019,0.9984,0.9047
L4,Epi_FallopianSec_OVGP1lo,Fallopian Tube secretory epithelial of OVGP1low,13587,celltype_Ulrich2022,ciliated epithelial cell,14,9985,1702,0.0014,0.0082
L4,Epi_FallopianSec_OVGP1lo,Fallopian Tube secretory epithelial of OVGP1low,13587,celltype_Ulrich2022,myofibroblast cell,2,9985,9937,0.0002,0.0002
L4,Epi_FallopianSec_OVGP1lo,Fallopian Tube secretory epithelial of OVGP1low,13587,celltype_Weigert2025,fallopian tube secretory epithelial cell,336,451,3364,0.745,0.0999
L4,Epi_FallopianSec_OVGP1lo,Fallopian Tube secretory epithelial of OVGP1low,13587,celltype_Weigert2025,peg cell,112,451,4600,0.2483,0.0243
L4,Epi_FallopianSec_OVGP1lo,Fallopian Tube secretory epithelial of OVGP1low,13587,celltype_Weigert2025,ciliated epithelial cell,3,451,5184,0.0067,0.0006
L4,Epi_GenitalSurf_Fetal,Fetal genital surface epithelial,1482,celltype_Lorenzi2025,Genital Surface Epi,1155,1464,1172,0.7889,0.9855
L4,Epi_GenitalSurf_Fetal,Fetal genital surface epithelial,1482,celltype_Lorenzi2025,Preputial Lamina Epi,273,1464,2666,0.1865,0.1024
L4,Epi_GenitalSurf_Fetal,Fetal genital surface epithelial,1482,celltype_Lorenzi2025,Lower Vagina Epi,23,1464,6543,0.0157,0.0035
L4,Epi_GenitalSurf_Fetal,Fetal genital surface epithelial,1482,celltype_Lorenzi2025,Glans,4,1464,5648,0.0027,0.0007
L4,Epi_GenitalSurf_Fetal,Fetal genital surface epithelial,1482,celltype_Lorenzi2025,Corpus Cavernosum,2,1464,9075,0.0014,0.0002
L4,Epi_GenitalSurf_Fetal,Fetal genital surface epithelial,1482,celltype_Lorenzi2025,Immune,2,1464,2126,0.0014,0.0009
L4,Epi_GenitalSurf_Fetal,Fetal genital surface epithelial,1482,celltype_Lorenzi2025,Urethral Epi,2,1464,2745,0.0014,0.0007
L4,Epi_GenitalSurf_Fetal,Fetal genital surface epithelial,1482,celltype_Lorenzi2025,Corpus Spongiosum,1,1464,6065,0.0007,0.0002
L4,Epi_GenitalSurf_Fetal,Fetal genital surface epithelial,1482,celltype_Lorenzi2025,Labia,1,1464,1737,0.0007,0.0006
L4,Epi_GenitalSurf_Fetal,Fetal genital surface epithelial,1482,celltype_Lorenzi2025,Prepuce,1,1464,3904,0.0007,0.0003
L4,Epi_MesonephricTub_Fetal,Fetal mesonephric tubule epithelial,7359,celltype_GarciaAlonso2022,Epithelial,2387,2418,9596,0.9872,0.2487
L4,Epi_MesonephricTub_Fetal,Fetal mesonephric tubule epithelial,7359,celltype_GarciaAlonso2022,PV,12,2418,9621,0.005,0.0012
L4,Epi_MesonephricTub_Fetal,Fetal mesonephric tubule epithelial,7359,celltype_GarciaAlonso2022,Mesenchymal_GATA2,11,2418,42064,0.0045,0.0003
L4,Epi_MesonephricTub_Fetal,Fetal mesonephric tubule epithelial,7359,celltype_GarciaAlonso2022,early_sPAX8,2,2418,3557,0.0008,0.0006
L4,Epi_MesonephricTub_Fetal,Fetal mesonephric tubule epithelial,7359,celltype_GarciaAlonso2022,CoelEpi_LHX9,1,2418,4334,0.0004,0.0002
L4,Epi_MesonephricTub_Fetal,Fetal mesonephric tubule epithelial,7359,celltype_GarciaAlonso2022,Endothelial,1,2418,6280,0.0004,0.0002
L4,Epi_MesonephricTub_Fetal,Fetal mesonephric tubule epithelial,7359,celltype_GarciaAlonso2022,Erythroid,1,2418,3,0.0004,0.3333
L4,Epi_MesonephricTub_Fetal,Fetal mesonephric tubule epithelial,7359,celltype_GarciaAlonso2022,GermCells,1,2418,6937,0.0004,0.0001
L4,Epi_MesonephricTub_Fetal,Fetal mesonephric tubule epithelial,7359,celltype_GarciaAlonso2022,Oi,1,2418,23391,0.0004,0.0
L4,Epi_MesonephricTub_Fetal,Fetal mesonephric tubule epithelial,7359,celltype_GarciaAlonso2022,preGC_IIb,1,2418,23159,0.0004,0.0
L4,Epi_MesonephricTub_Fetal,Fetal mesonephric tubule epithelial,7359,celltype_Lardenois2026,Ducts,42,45,55,0.9333,0.7636
L4,Epi_MesonephricTub_Fetal,Fetal mesonephric tubule epithelial,7359,celltype_Lardenois2026,Low_QC,3,45,87,0.0667,0.0345
L4,Epi_MesonephricTub_Fetal,Fetal mesonephric tubule epithelial,7359,celltype_Lorenzi2025,Wolffian Epi,2720,2988,2733,0.9103,0.9952
L4,Epi_MesonephricTub_Fetal,Fetal mesonephric tubule epithelial,7359,celltype_Lorenzi2025,Mesonephric Tubules Epi,157,2988,159,0.0525,0.9874
L4,Epi_MesonephricTub_Fetal,Fetal mesonephric tubule epithelial,7359,celltype_Lorenzi2025,Müllerian Epi,58,2988,2490,0.0194,0.0233
L4,Epi_MesonephricTub_Fetal,Fetal mesonephric tubule epithelial,7359,celltype_Lorenzi2025,Fallopian Epi,24,2988,7650,0.008,0.0031
L4,Epi_MesonephricTub_Fetal,Fetal mesonephric tubule epithelial,7359,celltype_Lorenzi2025,Wolffian/Mesonephros Mese,6,2988,18850,0.002,0.0003
L4,Epi_MesonephricTub_Fetal,Fetal mesonephric tubule epithelial,7359,celltype_Lorenzi2025,Perivascular,3,2988,13206,0.001,0.0002
L4,Epi_MesonephricTub_Fetal,Fetal mesonephric tubule epithelial,7359,celltype_Lorenzi2025,Pre-Perivascular,3,2988,3970,0.001,0.0008
L4,Epi_MesonephricTub_Fetal,Fetal mesonephric tubule epithelial,7359,celltype_Lorenzi2025,Schwann,3,2988,7553,0.001,0.0004
L4,Epi_MesonephricTub_Fetal,Fetal mesonephric tubule epithelial,7359,celltype_Lorenzi2025,Urethral Epi,3,2988,2745,0.001,0.0011
L4,Epi_MesonephricTub_Fetal,Fetal mesonephric tubule epithelial,7359,celltype_Lorenzi2025,Preputial Lamina Epi,2,2988,2666,0.0007,0.0008
L4,Epi_MesonephricTub_Fetal,Fetal mesonephric tubule epithelial,7359,celltype_Lorenzi2025,Uterus Mese,2,2988,29149,0.0007,0.0001
L4,Epi_MesonephricTub_Fetal,Fetal mesonephric tubule epithelial,7359,celltype_Lorenzi2025,Coelomic Epi,1,2988,6305,0.0003,0.0002
L4,Epi_MesonephricTub_Fetal,Fetal mesonephric tubule epithelial,7359,celltype_Lorenzi2025,Corpus Cavernosum,1,2988,9075,0.0003,0.0001
L4,Epi_MesonephricTub_Fetal,Fetal mesonephric tubule epithelial,7359,celltype_Lorenzi2025,Immune,1,2988,2126,0.0003,0.0005
L4,Epi_MesonephricTub_Fetal,Fetal mesonephric tubule epithelial,7359,celltype_Lorenzi2025,Lower Urogenital Sinus Mese,1,2988,6828,0.0003,0.0001
L4,Epi_MesonephricTub_Fetal,Fetal mesonephric tubule epithelial,7359,celltype_Lorenzi2025,Urogenital Sinus Epi,1,2988,1290,0.0003,0.0008
L4,Epi_MesonephricTub_Fetal,Fetal mesonephric tubule epithelial,7359,celltype_Lorenzi2025,Urogenital Sinus Lig,1,2988,5172,0.0003,0.0002
L4,Epi_MesonephricTub_Fetal,Fetal mesonephric tubule epithelial,7359,celltype_Lorenzi2025,Uterus/Cervix Epi,1,2988,7381,0.0003,0.0001
L4,Epi_MesonephricTub_Fetal,Fetal mesonephric tubule epithelial,7359,celltype_OvarySanger2026,Epithelial,360,372,5470,0.9677,0.0658
L4,Epi_MesonephricTub_Fetal,Fetal mesonephric tubule epithelial,7359,celltype_OvarySanger2026,PV_Fetal,4,372,3555,0.0108,0.0011
L4,Epi_MesonephricTub_Fetal,Fetal mesonephric tubule epithelial,7359,celltype_OvarySanger2026,RepTract_prePV_Fetal,3,372,5285,0.0081,0.0006
L4,Epi_MesonephricTub_Fetal,Fetal mesonephric tubule epithelial,7359,celltype_OvarySanger2026,PV_cycling,2,372,471,0.0054,0.0042
L4,Epi_MesonephricTub_Fetal,Fetal mesonephric tubule epithelial,7359,celltype_OvarySanger2026,Endo_Cap,1,372,7359,0.0027,0.0001
L4,Epi_MesonephricTub_Fetal,Fetal mesonephric tubule epithelial,7359,celltype_OvarySanger2026,PV_Fibroblast,1,372,1060,0.0027,0.0009
L4,Epi_MesonephricTub_Fetal,Fetal mesonephric tubule epithelial,7359,celltype_OvarySanger2026,PV_SMC_Arterial,1,372,31802,0.0027,0.0
L3,Epi_Mullerian_Undiff,Müllerian duct undifferentiated epithelial,3605,celltype_GarciaAlonso2022,Epithelial,1621,1633,9596,0.9927,0.1689
L3,Epi_Mullerian_Undiff,Müllerian duct undifferentiated epithelial,3605,celltype_GarciaAlonso2022,CoelEpi_GATA2,4,1633,3446,0.0024,0.0012
L3,Epi_Mullerian_Undiff,Müllerian duct undifferentiated epithelial,3605,celltype_GarciaAlonso2022,OSE,3,1633,7453,0.0018,0.0004
L3,Epi_Mullerian_Undiff,Müllerian duct undifferentiated epithelial,3605,celltype_GarciaAlonso2022,CoelEpi_LHX9_cycling,2,1633,1336,0.0012,0.0015
L3,Epi_Mullerian_Undiff,Müllerian duct undifferentiated epithelial,3605,celltype_GarciaAlonso2022,CoelEpi_LHX9,1,1633,4334,0.0006,0.0002
L3,Epi_Mullerian_Undiff,Müllerian duct undifferentiated epithelial,3605,celltype_GarciaAlonso2022,GermCells,1,1633,6937,0.0006,0.0001
L3,Epi_Mullerian_Undiff,Müllerian duct undifferentiated epithelial,3605,celltype_GarciaAlonso2022,early_sPAX8,1,1633,3557,0.0006,0.0003
L3,Epi_Mullerian_Undiff,Müllerian duct undifferentiated epithelial,3605,celltype_Lardenois2026,Ducts,11,14,55,0.7857,0.2
L3,Epi_Mullerian_Undiff,Müllerian duct undifferentiated epithelial,3605,celltype_Lardenois2026,Extragonadal_CE,1,14,538,0.0714,0.0019
L3,Epi_Mullerian_Undiff,Müllerian duct undifferentiated epithelial,3605,celltype_Lardenois2026,Low_QC,1,14,87,0.0714,0.0115
L3,Epi_Mullerian_Undiff,Müllerian duct undifferentiated epithelial,3605,celltype_Lardenois2026,Rete_testis_ovarii,1,14,974,0.0714,0.001
L3,Epi_Mullerian_Undiff,Müllerian duct undifferentiated epithelial,3605,celltype_Lorenzi2025,Müllerian Epi,1921,2493,2490,0.7706,0.7715
L3,Epi_Mullerian_Undiff,Müllerian duct undifferentiated epithelial,3605,celltype_Lorenzi2025,Fallopian Epi,445,2493,7650,0.1785,0.0582
L3,Epi_Mullerian_Undiff,Müllerian duct undifferentiated epithelial,3605,celltype_Lorenzi2025,Uterus/Cervix Epi,107,2493,7381,0.0429,0.0145
L3,Epi_Mullerian_Undiff,Müllerian duct undifferentiated epithelial,3605,celltype_Lorenzi2025,Coelomic Epi,10,2493,6305,0.004,0.0016
L3,Epi_Mullerian_Undiff,Müllerian duct undifferentiated epithelial,3605,celltype_Lorenzi2025,Müllerian Mese,4,2493,2592,0.0016,0.0015
L3,Epi_Mullerian_Undiff,Müllerian duct undifferentiated epithelial,3605,celltype_Lorenzi2025,Fallopian Mese,3,2493,29799,0.0012,0.0001
L3,Epi_Mullerian_Undiff,Müllerian duct undifferentiated epithelial,3605,celltype_Lorenzi2025,Epoophron Mese,1,2493,12245,0.0004,0.0001
L3,Epi_Mullerian_Undiff,Müllerian duct undifferentiated epithelial,3605,celltype_Lorenzi2025,Lower Vagina Epi,1,2493,6543,0.0004,0.0002
L3,Epi_Mullerian_Undiff,Müllerian duct undifferentiated epithelial,3605,celltype_Lorenzi2025,Upper Vagina Epi,1,2493,959,0.0004,0.001
L3,Epi_Mullerian_Undiff,Müllerian duct undifferentiated epithelial,3605,celltype_OvarySanger2026,Epithelial,474,475,5470,0.9979,0.0867
L3,Epi_Mullerian_Undiff,Müllerian duct undifferentiated epithelial,3605,celltype_OvarySanger2026,Granulosa_AMH_atr,1,475,2721,0.0021,0.0004
L3,Epi_OvarianInclSec,Ovarian Inclusion secretory epithelial,202,celltype_OvarySanger2026,Epithelial,10,10,5470,1.0,0.0018
L3,Epi_ParatubalIncl_squamous,Paratubal squamous epithelial,922,celltype_Ulrich2022,secretory cell,21,21,11019,1.0,0.0019
L3,Epi_ParatubalIncl_squamous,Paratubal squamous epithelial,922,celltype_Weigert2025,fallopian tube secretory epithelial cell,424,425,3364,0.9976,0.126
L3,Epi_ParatubalIncl_squamous,Paratubal squamous epithelial,922,celltype_Weigert2025,peg cell,1,425,4600,0.0024,0.0002
L4,Epi_PrepuceSquamous_Fetal,Fetal preputial squamous epithelial,2097,celltype_Lorenzi2025,Preputial Lamina Epi,2074,2096,2666,0.9895,0.7779
L4,Epi_PrepuceSquamous_Fetal,Fetal preputial squamous epithelial,2097,celltype_Lorenzi2025,Genital Surface Epi,9,2096,1172,0.0043,0.0077
L4,Epi_PrepuceSquamous_Fetal,Fetal preputial squamous epithelial,2097,celltype_Lorenzi2025,Lower Vagina Epi,4,2096,6543,0.0019,0.0006
L4,Epi_PrepuceSquamous_Fetal,Fetal preputial squamous epithelial,2097,celltype_Lorenzi2025,Glans,2,2096,5648,0.001,0.0004
L4,Epi_PrepuceSquamous_Fetal,Fetal preputial squamous epithelial,2097,celltype_Lorenzi2025,Perivascular,2,2096,13206,0.001,0.0002
L4,Epi_PrepuceSquamous_Fetal,Fetal preputial squamous epithelial,2097,celltype_Lorenzi2025,Schwann,2,2096,7553,0.001,0.0003
L4,Epi_PrepuceSquamous_Fetal,Fetal preputial squamous epithelial,2097,celltype_Lorenzi2025,Corpus Cavernosum,1,2096,9075,0.0005,0.0001
L4,Epi_PrepuceSquamous_Fetal,Fetal preputial squamous epithelial,2097,celltype_Lorenzi2025,Pre-Perivascular,1,2096,3970,0.0005,0.0003
L4,Epi_PrepuceSquamous_Fetal,Fetal preputial squamous epithelial,2097,celltype_Lorenzi2025,Urogenital Sinus Epi,1,2096,1290,0.0005,0.0008
L3,Epi_UGS_Undiff,Urogenital sinus epithelial,3302,celltype_GarciaAlonso2022,Epithelial,3,3,9596,1.0,0.0003
L3,Epi_UGS_Undiff,Urogenital sinus epithelial,3302,celltype_Lorenzi2025,Lower Vagina Epi,1713,3213,6543,0.5331,0.2618
L3,Epi_UGS_Undiff,Urogenital sinus epithelial,3302,celltype_Lorenzi2025,Urogenital Sinus Epi,1260,3213,1290,0.3922,0.9767
L3,Epi_UGS_Undiff,Urogenital sinus epithelial,3302,celltype_Lorenzi2025,Preputial Lamina Epi,124,3213,2666,0.0386,0.0465
L3,Epi_UGS_Undiff,Urogenital sinus epithelial,3302,celltype_Lorenzi2025,Urethral Epi,102,3213,2745,0.0317,0.0372
L3,Epi_UGS_Undiff,Urogenital sinus epithelial,3302,celltype_Lorenzi2025,Fallopian Epi,2,3213,7650,0.0006,0.0003
L3,Epi_UGS_Undiff,Urogenital sinus epithelial,3302,celltype_Lorenzi2025,Genital Surface Epi,2,3213,1172,0.0006,0.0017
L3,Epi_UGS_Undiff,Urogenital sinus epithelial,3302,celltype_Lorenzi2025,Cervix/Vagina Lig,1,3213,7698,0.0003,0.0001
L3,Epi_UGS_Undiff,Urogenital sinus epithelial,3302,celltype_Lorenzi2025,Fallopian Lig,1,3213,17659,0.0003,0.0001
L3,Epi_UGS_Undiff,Urogenital sinus epithelial,3302,celltype_Lorenzi2025,Fallopian Mese,1,3213,29799,0.0003,0.0
L3,Epi_UGS_Undiff,Urogenital sinus epithelial,3302,celltype_Lorenzi2025,Glans,1,3213,5648,0.0003,0.0002
L3,Epi_UGS_Undiff,Urogenital sinus epithelial,3302,celltype_Lorenzi2025,Labio-Scrotal Swelling,1,3213,3319,0.0003,0.0003
L3,Epi_UGS_Undiff,Urogenital sinus epithelial,3302,celltype_Lorenzi2025,Müllerian Epi,1,3213,2490,0.0003,0.0004
L3,Epi_UGS_Undiff,Urogenital sinus epithelial,3302,celltype_Lorenzi2025,Neural,1,3213,4571,0.0003,0.0002
L3,Epi_UGS_Undiff,Urogenital sinus epithelial,3302,celltype_Lorenzi2025,Prepuce,1,3213,3904,0.0003,0.0003
L3,Epi_UGS_Undiff,Urogenital sinus epithelial,3302,celltype_Lorenzi2025,Wolffian Epi,1,3213,2733,0.0003,0.0004
L3,Epi_UGS_Undiff,Urogenital sinus epithelial,3302,celltype_Lorenzi2025,Wolffian/Mesonephros Mese,1,3213,18850,0.0003,0.0001
L4,Epi_UrethralSquamous_Fetal,Fetal urethral epithelial,1649,celltype_Lardenois2026,Endothelial,1,2,179,0.5,0.0056
L4,Epi_UrethralSquamous_Fetal,Fetal urethral epithelial,1649,celltype_Lardenois2026,Low_QC,1,2,87,0.5,0.0115
L4,Epi_UrethralSquamous_Fetal,Fetal urethral epithelial,1649,celltype_Lorenzi2025,Urethral Epi,1558,1613,2745,0.9659,0.5676
L4,Epi_UrethralSquamous_Fetal,Fetal urethral epithelial,1649,celltype_Lorenzi2025,Preputial Lamina Epi,38,1613,2666,0.0236,0.0143
L4,Epi_UrethralSquamous_Fetal,Fetal urethral epithelial,1649,celltype_Lorenzi2025,Lower Vagina Epi,6,1613,6543,0.0037,0.0009
L4,Epi_UrethralSquamous_Fetal,Fetal urethral epithelial,1649,celltype_Lorenzi2025,Corpus Cavernosum,3,1613,9075,0.0019,0.0003
L4,Epi_UrethralSquamous_Fetal,Fetal urethral epithelial,1649,celltype_Lorenzi2025,Lower Vagina SmMu,2,1613,1405,0.0012,0.0014
L4,Epi_UrethralSquamous_Fetal,Fetal urethral epithelial,1649,celltype_Lorenzi2025,Cervix/Upper Vagina SmMu,1,1613,11093,0.0006,0.0001
L4,Epi_UrethralSquamous_Fetal,Fetal urethral epithelial,1649,celltype_Lorenzi2025,Corpus Spongiosum,1,1613,6065,0.0006,0.0002
L4,Epi_UrethralSquamous_Fetal,Fetal urethral epithelial,1649,celltype_Lorenzi2025,Glans,1,1613,5648,0.0006,0.0002
L4,Epi_UrethralSquamous_Fetal,Fetal urethral epithelial,1649,celltype_Lorenzi2025,Perivascular,1,1613,13206,0.0006,0.0001
L4,Epi_UrethralSquamous_Fetal,Fetal urethral epithelial,1649,celltype_Lorenzi2025,Pre-Perivascular,1,1613,3970,0.0006,0.0003
L4,Epi_UrethralSquamous_Fetal,Fetal urethral epithelial,1649,celltype_Lorenzi2025,Uterus SmMu,1,1613,7029,0.0006,0.0001
L4,Epi_Uterocervical_Fetal,Fetal uterocervical epithelial,7640,celltype_GarciaAlonso2022,Epithelial,32,32,9596,1.0,0.0033
L4,Epi_Uterocervical_Fetal,Fetal uterocervical epithelial,7640,celltype_Lorenzi2025,Uterus/Cervix Epi,7202,7625,7381,0.9445,0.9757
L4,Epi_Uterocervical_Fetal,Fetal uterocervical epithelial,7640,celltype_Lorenzi2025,Fallopian Epi,265,7625,7650,0.0348,0.0346
L4,Epi_Uterocervical_Fetal,Fetal uterocervical epithelial,7640,celltype_Lorenzi2025,Müllerian Epi,112,7625,2490,0.0147,0.045
L4,Epi_Uterocervical_Fetal,Fetal uterocervical epithelial,7640,celltype_Lorenzi2025,Upper Vagina Epi,27,7625,959,0.0035,0.0282
L4,Epi_Uterocervical_Fetal,Fetal uterocervical epithelial,7640,celltype_Lorenzi2025,Uterus Mese,7,7625,29149,0.0009,0.0002
L4,Epi_Uterocervical_Fetal,Fetal uterocervical epithelial,7640,celltype_Lorenzi2025,Uterus SmMu,3,7625,7029,0.0004,0.0004
L4,Epi_Uterocervical_Fetal,Fetal uterocervical epithelial,7640,celltype_Lorenzi2025,Glans,2,7625,5648,0.0003,0.0004
L4,Epi_Uterocervical_Fetal,Fetal uterocervical epithelial,7640,celltype_Lorenzi2025,Cervix/Upper Vagina SmMu,1,7625,11093,0.0001,0.0001
L4,Epi_Uterocervical_Fetal,Fetal uterocervical epithelial,7640,celltype_Lorenzi2025,Coelomic Epi,1,7625,6305,0.0001,0.0002
L4,Epi_Uterocervical_Fetal,Fetal uterocervical epithelial,7640,celltype_Lorenzi2025,Endothelial,1,7625,7907,0.0001,0.0001
L4,Epi_Uterocervical_Fetal,Fetal uterocervical epithelial,7640,celltype_Lorenzi2025,Fallopian Mese,1,7625,29799,0.0001,0.0
L4,Epi_Uterocervical_Fetal,Fetal uterocervical epithelial,7640,celltype_Lorenzi2025,Labia,1,7625,1737,0.0001,0.0006
L4,Epi_Uterocervical_Fetal,Fetal uterocervical epithelial,7640,celltype_Lorenzi2025,Lower Vagina Epi,1,7625,6543,0.0001,0.0002
L4,Epi_Uterocervical_Fetal,Fetal uterocervical epithelial,7640,celltype_Lorenzi2025,Urethral Epi,1,7625,2745,0.0001,0.0004
L4,Epi_Uterocervical_Fetal,Fetal uterocervical epithelial,7640,celltype_OvarySanger2026,Epithelial,11,11,5470,1.0,0.002
L4,Epi_Vagina_Lower_Fetal,Fetal lower urogenital sinus-derived vaginal epithelial,6047,celltype_Lorenzi2025,Lower Vagina Epi,4782,6012,6543,0.7954,0.7309
L4,Epi_Vagina_Lower_Fetal,Fetal lower urogenital sinus-derived vaginal epithelial,6047,celltype_Lorenzi2025,Urethral Epi,1076,6012,2745,0.179,0.392
L4,Epi_Vagina_Lower_Fetal,Fetal lower urogenital sinus-derived vaginal epithelial,6047,celltype_Lorenzi2025,Preputial Lamina Epi,104,6012,2666,0.0173,0.039
L4,Epi_Vagina_Lower_Fetal,Fetal lower urogenital sinus-derived vaginal epithelial,6047,celltype_Lorenzi2025,Urogenital Sinus Epi,25,6012,1290,0.0042,0.0194
L4,Epi_Vagina_Lower_Fetal,Fetal lower urogenital sinus-derived vaginal epithelial,6047,celltype_Lorenzi2025,Uterus/Cervix Epi,6,6012,7381,0.001,0.0008
L4,Epi_Vagina_Lower_Fetal,Fetal lower urogenital sinus-derived vaginal epithelial,6047,celltype_Lorenzi2025,Genital Surface Epi,5,6012,1172,0.0008,0.0043
L4,Epi_Vagina_Lower_Fetal,Fetal lower urogenital sinus-derived vaginal epithelial,6047,celltype_Lorenzi2025,Uterus Mese,4,6012,29149,0.0007,0.0001
L4,Epi_Vagina_Lower_Fetal,Fetal lower urogenital sinus-derived vaginal epithelial,6047,celltype_Lorenzi2025,Fallopian Epi,3,6012,7650,0.0005,0.0004
L4,Epi_Vagina_Lower_Fetal,Fetal lower urogenital sinus-derived vaginal epithelial,6047,celltype_Lorenzi2025,Neural,2,6012,4571,0.0003,0.0004
L4,Epi_Vagina_Lower_Fetal,Fetal lower urogenital sinus-derived vaginal epithelial,6047,celltype_Lorenzi2025,Corpus Cavernosum,1,6012,9075,0.0002,0.0001
L4,Epi_Vagina_Lower_Fetal,Fetal lower urogenital sinus-derived vaginal epithelial,6047,celltype_Lorenzi2025,Lower Vagina Mese,1,6012,3228,0.0002,0.0003
L4,Epi_Vagina_Lower_Fetal,Fetal lower urogenital sinus-derived vaginal epithelial,6047,celltype_Lorenzi2025,Müllerian Mese,1,6012,2592,0.0002,0.0004
L4,Epi_Vagina_Lower_Fetal,Fetal lower urogenital sinus-derived vaginal epithelial,6047,celltype_Lorenzi2025,Uterus SmMu,1,6012,7029,0.0002,0.0001
L4,Epi_Vagina_Lower_Fetal,Fetal lower urogenital sinus-derived vaginal epithelial,6047,celltype_Lorenzi2025,Wolffian Epi,1,6012,2733,0.0002,0.0004
L4,Epi_Vagina_Upper_Fetal,Fetal upper Müllerian-derived vaginal squamous epithelial,980,celltype_GarciaAlonso2022,Epithelial,1,1,9596,1.0,0.0001
L4,Epi_Vagina_Upper_Fetal,Fetal upper Müllerian-derived vaginal squamous epithelial,980,celltype_Lorenzi2025,Upper Vagina Epi,931,979,959,0.951,0.9708
L4,Epi_Vagina_Upper_Fetal,Fetal upper Müllerian-derived vaginal squamous epithelial,980,celltype_Lorenzi2025,Uterus/Cervix Epi,31,979,7381,0.0317,0.0042
L4,Epi_Vagina_Upper_Fetal,Fetal upper Müllerian-derived vaginal squamous epithelial,980,celltype_Lorenzi2025,Fallopian Epi,8,979,7650,0.0082,0.001
L4,Epi_Vagina_Upper_Fetal,Fetal upper Müllerian-derived vaginal squamous epithelial,980,celltype_Lorenzi2025,Preputial Lamina Epi,4,979,2666,0.0041,0.0015
L4,Epi_Vagina_Upper_Fetal,Fetal upper Müllerian-derived vaginal squamous epithelial,980,celltype_Lorenzi2025,Lower Vagina Epi,3,979,6543,0.0031,0.0005
L4,Epi_Vagina_Upper_Fetal,Fetal upper Müllerian-derived vaginal squamous epithelial,980,celltype_Lorenzi2025,Coelomic Epi,1,979,6305,0.001,0.0002
L4,Epi_Vagina_Upper_Fetal,Fetal upper Müllerian-derived vaginal squamous epithelial,980,celltype_Lorenzi2025,Urethral Epi,1,979,2745,0.001,0.0004
L4,Epi_Vagina_Upper_Fetal,Fetal upper Müllerian-derived vaginal squamous epithelial,980,celltype_OvarySanger2026,Epithelial,1,1,5470,1.0,0.0002
L4,Epi_reteOvarii_Fetal_Undiff,Fetal rete ovarii epithelial,5796,celltype_GarciaAlonso2022,early_sPAX8,2970,3261,3557,0.9108,0.835
L4,Epi_reteOvarii_Fetal_Undiff,Fetal rete ovarii epithelial,5796,celltype_GarciaAlonso2022,preGC_I,94,3261,15678,0.0288,0.006
L4,Epi_reteOvarii_Fetal_Undiff,Fetal rete ovarii epithelial,5796,celltype_GarciaAlonso2022,Mesenchymal_GATA2,59,3261,42064,0.0181,0.0014
L4,Epi_reteOvarii_Fetal_Undiff,Fetal rete ovarii epithelial,5796,celltype_GarciaAlonso2022,Gi,37,3261,2853,0.0113,0.013
L4,Epi_reteOvarii_Fetal_Undiff,Fetal rete ovarii epithelial,5796,celltype_GarciaAlonso2022,early_supporting,23,3261,4387,0.0071,0.0052
L4,Epi_reteOvarii_Fetal_Undiff,Fetal rete ovarii epithelial,5796,celltype_GarciaAlonso2022,CoelEpi_LHX9_cycling,20,3261,1336,0.0061,0.015
L4,Epi_reteOvarii_Fetal_Undiff,Fetal rete ovarii epithelial,5796,celltype_GarciaAlonso2022,Oi,17,3261,23391,0.0052,0.0007
L4,Epi_reteOvarii_Fetal_Undiff,Fetal rete ovarii epithelial,5796,celltype_GarciaAlonso2022,early_somatic,12,3261,2397,0.0037,0.005
L4,Epi_reteOvarii_Fetal_Undiff,Fetal rete ovarii epithelial,5796,celltype_GarciaAlonso2022,CoelEpi_LHX9,10,3261,4334,0.0031,0.0023
L4,Epi_reteOvarii_Fetal_Undiff,Fetal rete ovarii epithelial,5796,celltype_GarciaAlonso2022,Epithelial,10,3261,9596,0.0031,0.001
L4,Epi_reteOvarii_Fetal_Undiff,Fetal rete ovarii epithelial,5796,celltype_GarciaAlonso2022,CoelEpi_GATA2,5,3261,3446,0.0015,0.0015
L4,Epi_reteOvarii_Fetal_Undiff,Fetal rete ovarii epithelial,5796,celltype_GarciaAlonso2022,OSE,2,3261,7453,0.0006,0.0003
L4,Epi_reteOvarii_Fetal_Undiff,Fetal rete ovarii epithelial,5796,celltype_GarciaAlonso2022,Immune,1,3261,1802,0.0003,0.0006
L4,Epi_reteOvarii_Fetal_Undiff,Fetal rete ovarii epithelial,5796,celltype_GarciaAlonso2022,preGC_IIa,1,3261,12096,0.0003,0.0001
L4,Epi_reteOvarii_Fetal_Undiff,Fetal rete ovarii epithelial,5796,celltype_Lardenois2026,Rete_testis_ovarii,895,1055,974,0.8483,0.9189
L4,Epi_reteOvarii_Fetal_Undiff,Fetal rete ovarii epithelial,5796,celltype_Lardenois2026,Pre_granulosa,65,1055,22112,0.0616,0.0029
L4,Epi_reteOvarii_Fetal_Undiff,Fetal rete ovarii epithelial,5796,celltype_Lardenois2026,Undifferentiated_supporting,64,1055,8626,0.0607,0.0074
L4,Epi_reteOvarii_Fetal_Undiff,Fetal rete ovarii epithelial,5796,celltype_Lardenois2026,Somatic_progenitors,14,1055,3490,0.0133,0.004
L4,Epi_reteOvarii_Fetal_Undiff,Fetal rete ovarii epithelial,5796,celltype_Lardenois2026,Gonadal_CE,12,1055,3117,0.0114,0.0038
L4,Epi_reteOvarii_Fetal_Undiff,Fetal rete ovarii epithelial,5796,celltype_Lardenois2026,Interstitial,5,1055,9615,0.0047,0.0005
L4,Epi_reteOvarii_Fetal_Undiff,Fetal rete ovarii epithelial,5796,celltype_Lorenzi2025,Müllerian Mese,48,80,2592,0.6,0.0185
L4,Epi_reteOvarii_Fetal_Undiff,Fetal rete ovarii epithelial,5796,celltype_Lorenzi2025,Coelomic Epi,8,80,6305,0.1,0.0013
L4,Epi_reteOvarii_Fetal_Undiff,Fetal rete ovarii epithelial,5796,celltype_Lorenzi2025,Wolffian/Mesonephros Mese,8,80,18850,0.1,0.0004
L4,Epi_reteOvarii_Fetal_Undiff,Fetal rete ovarii epithelial,5796,celltype_Lorenzi2025,Fallopian Lig,3,80,17659,0.0375,0.0002
L4,Epi_reteOvarii_Fetal_Undiff,Fetal rete ovarii epithelial,5796,celltype_Lorenzi2025,Fallopian Mese,3,80,29799,0.0375,0.0001
L4,Epi_reteOvarii_Fetal_Undiff,Fetal rete ovarii epithelial,5796,celltype_Lorenzi2025,Müllerian Epi,3,80,2490,0.0375,0.0012
L4,Epi_reteOvarii_Fetal_Undiff,Fetal rete ovarii epithelial,5796,celltype_Lorenzi2025,Epoophron Mese,2,80,12245,0.025,0.0002
L4,Epi_reteOvarii_Fetal_Undiff,Fetal rete ovarii epithelial,5796,celltype_Lorenzi2025,Fallopian Epi,2,80,7650,0.025,0.0003
L4,Epi_reteOvarii_Fetal_Undiff,Fetal rete ovarii epithelial,5796,celltype_Lorenzi2025,Urogenital Sinus Lig,2,80,5172,0.025,0.0004
L4,Epi_reteOvarii_Fetal_Undiff,Fetal rete ovarii epithelial,5796,celltype_Lorenzi2025,Mesonephric Tubules Epi,1,80,159,0.0125,0.0063
L4,Epi_reteOvarii_Fetal_Undiff,Fetal rete ovarii epithelial,5796,celltype_OvarySanger2026,preGranulosa_I_Fetal,9,15,5506,0.6,0.0016
L4,Epi_reteOvarii_Fetal_Undiff,Fetal rete ovarii epithelial,5796,celltype_OvarySanger2026,Epithelial,2,15,5470,0.1333,0.0004
L4,Epi_reteOvarii_Fetal_Undiff,Fetal rete ovarii epithelial,5796,celltype_OvarySanger2026,Stroma_Fetal,2,15,15369,0.1333,0.0001
L4,Epi_reteOvarii_Fetal_Undiff,Fetal rete ovarii epithelial,5796,celltype_OvarySanger2026,Fallopian_lig_Fetal,1,15,3990,0.0667,0.0003
L4,Epi_reteOvarii_Fetal_Undiff,Fetal rete ovarii epithelial,5796,celltype_OvarySanger2026,Stroma_OutCor,1,15,2898,0.0667,0.0003
L2,Germcell_GGCs,Gonadal germ cell,1861,celltype_GarciaAlonso2022,GermCells,1025,1025,6937,1.0,0.1478
L2,Germcell_GGCs,Gonadal germ cell,1861,celltype_Lardenois2026,Germ,231,231,5066,1.0,0.0456
L2,Germcell_GGCs,Gonadal germ cell,1861,celltype_OvarySanger2026,Germcell_Oogonia_STRA8_Fetal,575,865,2155,0.6647,0.2668
L2,Germcell_GGCs,Gonadal germ cell,1861,celltype_OvarySanger2026,Germcell_PGC_Fetal,288,865,1524,0.3329,0.189
L2,Germcell_GGCs,Gonadal germ cell,1861,celltype_OvarySanger2026,Germcell_Oogonia_meiotic_Fetal,2,865,996,0.0023,0.002
L3,Germcell_Oogonia_meiotic,Meiotic oogonia,1622,celltype_GarciaAlonso2022,GermCells,1415,1415,6937,1.0,0.204
L3,Germcell_Oogonia_meiotic,Meiotic oogonia,1622,celltype_Lardenois2026,Germ,14,14,5066,1.0,0.0028
L3,Germcell_Oogonia_meiotic,Meiotic oogonia,1622,celltype_Lorenzi2025,Prepuce,3,3,3904,1.0,0.0008
L3,Germcell_Oogonia_meiotic,Meiotic oogonia,1622,celltype_OvarySanger2026,Germcell_Oogonia_meiotic_Fetal,975,1164,996,0.8376,0.9789
L3,Germcell_Oogonia_meiotic,Meiotic oogonia,1622,celltype_OvarySanger2026,Germcell_Oogonia_STRA8_Fetal,108,1164,2155,0.0928,0.0501
L3,Germcell_Oogonia_meiotic,Meiotic oogonia,1622,celltype_OvarySanger2026,Germcell_preOocyte_Fetal,68,1164,252,0.0584,0.2698
L3,Germcell_Oogonia_meiotic,Meiotic oogonia,1622,celltype_OvarySanger2026,Germcell_PGC_Fetal,9,1164,1524,0.0077,0.0059
L3,Germcell_Oogonia_meiotic,Meiotic oogonia,1622,celltype_OvarySanger2026,Germcell_Oocyte_I,3,1164,431,0.0026,0.007
L3,Germcell_Oogonia_meiotic,Meiotic oogonia,1622,celltype_OvarySanger2026,OSE_Fetal,1,1164,4369,0.0009,0.0002
L3,Germcell_Oogonia_premeiotic,Premeiotic oogonia,3142,celltype_GarciaAlonso2022,GermCells,2216,2216,6937,1.0,0.3194
L3,Germcell_Oogonia_premeiotic,Premeiotic oogonia,3142,celltype_Lardenois2026,Germ,155,155,5066,1.0,0.0306
L3,Germcell_Oogonia_premeiotic,Premeiotic oogonia,3142,celltype_Lorenzi2025,Fallopian Mese,1,1,29799,1.0,0.0
L3,Germcell_Oogonia_premeiotic,Premeiotic oogonia,3142,celltype_OvarySanger2026,Germcell_Oogonia_STRA8_Fetal,1450,1662,2155,0.8724,0.6729
L3,Germcell_Oogonia_premeiotic,Premeiotic oogonia,3142,celltype_OvarySanger2026,Germcell_PGC_Fetal,195,1662,1524,0.1173,0.128
L3,Germcell_Oogonia_premeiotic,Premeiotic oogonia,3142,celltype_OvarySanger2026,Germcell_Oogonia_meiotic_Fetal,17,1662,996,0.0102,0.0171
L3,Germcell_PGC_Cyc,Primordial germ cell cycling,2592,celltype_GarciaAlonso2022,GermCells,385,385,6937,1.0,0.0555
L3,Germcell_PGC_Cyc,Primordial germ cell cycling,2592,celltype_Lardenois2026,Germ,1617,1617,5066,1.0,0.3192
L3,Germcell_PGC_Cyc,Primordial germ cell cycling,2592,celltype_Lorenzi2025,Müllerian Epi,3,3,2490,1.0,0.0012
L3,Germcell_PGC_Cyc,Primordial germ cell cycling,2592,celltype_OvarySanger2026,Germcell_PGC_Fetal,212,217,1524,0.977,0.1391
L3,Germcell_PGC_Cyc,Primordial germ cell cycling,2592,celltype_OvarySanger2026,Germcell_Oogonia_STRA8_Fetal,5,217,2155,0.023,0.0023
L3,Germcell_PGCs,Primordial germ cell,6862,celltype_GarciaAlonso2022,GermCells,1133,1133,6937,1.0,0.1633
L3,Germcell_PGCs,Primordial germ cell,6862,celltype_Lardenois2026,Germ,3044,3044,5066,1.0,0.6009
L3,Germcell_PGCs,Primordial germ cell,6862,celltype_Lorenzi2025,Müllerian Epi,3,4,2490,0.75,0.0012
L3,Germcell_PGCs,Primordial germ cell,6862,celltype_Lorenzi2025,Schwann,1,4,7553,0.25,0.0001
L3,Germcell_PGCs,Primordial germ cell,6862,celltype_OvarySanger2026,Germcell_PGC_Fetal,818,833,1524,0.982,0.5367
L3,Germcell_PGCs,Primordial germ cell,6862,celltype_OvarySanger2026,Germcell_Oogonia_STRA8_Fetal,13,833,2155,0.0156,0.006
L3,Germcell_PGCs,Primordial germ cell,6862,celltype_OvarySanger2026,Germcell_preOocyte_Fetal,2,833,252,0.0024,0.0079
L4,Germcell_PrimaryOocyte_ZP4neg,Primary oocyte,760,celltype_GarciaAlonso2022,GermCells,690,690,6937,1.0,0.0995
L4,Germcell_PrimaryOocyte_ZP4neg,Primary oocyte,760,celltype_Lardenois2026,Germ,2,2,5066,1.0,0.0004
L4,Germcell_PrimaryOocyte_ZP4neg,Primary oocyte,760,celltype_OvarySanger2026,Germcell_Oocyte_I,387,660,431,0.5864,0.8979
L4,Germcell_PrimaryOocyte_ZP4neg,Primary oocyte,760,celltype_OvarySanger2026,Germcell_preOocyte_Fetal,178,660,252,0.2697,0.7063
L4,Germcell_PrimaryOocyte_ZP4neg,Primary oocyte,760,celltype_OvarySanger2026,Germcell_Oocyte_II,87,660,211,0.1318,0.4123
L4,Germcell_PrimaryOocyte_ZP4neg,Primary oocyte,760,celltype_OvarySanger2026,Germcell_Oogonia_STRA8_Fetal,4,660,2155,0.0061,0.0019
L4,Germcell_PrimaryOocyte_ZP4neg,Primary oocyte,760,celltype_OvarySanger2026,Germcell_Oogonia_meiotic_Fetal,2,660,996,0.003,0.002
L4,Germcell_PrimaryOocyte_ZP4neg,Primary oocyte,760,celltype_OvarySanger2026,Epithelial,1,660,5470,0.0015,0.0002
L4,Germcell_PrimaryOocyte_ZP4neg,Primary oocyte,760,celltype_OvarySanger2026,Germcell_PGC_Fetal,1,660,1524,0.0015,0.0007
L4,Germcell_PrimaryOocyte_ZP4pos,Primary oocyte ZP4+,391,celltype_GarciaAlonso2022,GermCells,53,53,6937,1.0,0.0076
L4,Germcell_PrimaryOocyte_ZP4pos,Primary oocyte ZP4+,391,celltype_OvarySanger2026,Germcell_Oocyte_IIb,136,306,136,0.4444,1.0
L4,Germcell_PrimaryOocyte_ZP4pos,Primary oocyte ZP4+,391,celltype_OvarySanger2026,Germcell_Oocyte_II,124,306,211,0.4052,0.5877
L4,Germcell_PrimaryOocyte_ZP4pos,Primary oocyte ZP4+,391,celltype_OvarySanger2026,Germcell_Oocyte_I,41,306,431,0.134,0.0951
L4,Germcell_PrimaryOocyte_ZP4pos,Primary oocyte ZP4+,391,celltype_OvarySanger2026,Germcell_preOocyte_Fetal,4,306,252,0.0131,0.0159
L4,Germcell_PrimaryOocyte_ZP4pos,Primary oocyte ZP4+,391,celltype_OvarySanger2026,Germcell_PGC_Fetal,1,306,1524,0.0033,0.0007
L2,Gonadal_SomaticPrec,Gonadal somatic precursor,8440,celltype_GarciaAlonso2022,early_somatic,1448,2030,2397,0.7133,0.6041
L2,Gonadal_SomaticPrec,Gonadal somatic precursor,8440,celltype_GarciaAlonso2022,Gi,230,2030,2853,0.1133,0.0806
L2,Gonadal_SomaticPrec,Gonadal somatic precursor,8440,celltype_GarciaAlonso2022,preGC_IIa,114,2030,12096,0.0562,0.0094
L2,Gonadal_SomaticPrec,Gonadal somatic precursor,8440,celltype_GarciaAlonso2022,Oi,97,2030,23391,0.0478,0.0041
L2,Gonadal_SomaticPrec,Gonadal somatic precursor,8440,celltype_GarciaAlonso2022,CoelEpi_LHX9,47,2030,4334,0.0232,0.0108
L2,Gonadal_SomaticPrec,Gonadal somatic precursor,8440,celltype_GarciaAlonso2022,early_sPAX8,42,2030,3557,0.0207,0.0118
L2,Gonadal_SomaticPrec,Gonadal somatic precursor,8440,celltype_GarciaAlonso2022,early_supporting,15,2030,4387,0.0074,0.0034
L2,Gonadal_SomaticPrec,Gonadal somatic precursor,8440,celltype_GarciaAlonso2022,preGC_I,13,2030,15678,0.0064,0.0008
L2,Gonadal_SomaticPrec,Gonadal somatic precursor,8440,celltype_GarciaAlonso2022,preGC_IIb,11,2030,23159,0.0054,0.0005
L2,Gonadal_SomaticPrec,Gonadal somatic precursor,8440,celltype_GarciaAlonso2022,CoelEpi_GATA2,5,2030,3446,0.0025,0.0015
L2,Gonadal_SomaticPrec,Gonadal somatic precursor,8440,celltype_GarciaAlonso2022,Mesenchymal_GATA2,5,2030,42064,0.0025,0.0001
L2,Gonadal_SomaticPrec,Gonadal somatic precursor,8440,celltype_GarciaAlonso2022,CoelEpi_LHX9_cycling,2,2030,1336,0.001,0.0015
L2,Gonadal_SomaticPrec,Gonadal somatic precursor,8440,celltype_GarciaAlonso2022,Epithelial,1,2030,9596,0.0005,0.0001
L2,Gonadal_SomaticPrec,Gonadal somatic precursor,8440,celltype_Lardenois2026,Somatic_progenitors,2818,4022,3490,0.7006,0.8074
L2,Gonadal_SomaticPrec,Gonadal somatic precursor,8440,celltype_Lardenois2026,Pre_granulosa,688,4022,22112,0.1711,0.0311
L2,Gonadal_SomaticPrec,Gonadal somatic precursor,8440,celltype_Lardenois2026,Interstitial,285,4022,9615,0.0709,0.0296
L2,Gonadal_SomaticPrec,Gonadal somatic precursor,8440,celltype_Lardenois2026,Undifferentiated_supporting,168,4022,8626,0.0418,0.0195
L2,Gonadal_SomaticPrec,Gonadal somatic precursor,8440,celltype_Lardenois2026,Gonadal_CE,60,4022,3117,0.0149,0.0192
L2,Gonadal_SomaticPrec,Gonadal somatic precursor,8440,celltype_Lardenois2026,Low_QC,1,4022,87,0.0002,0.0115
L2,Gonadal_SomaticPrec,Gonadal somatic precursor,8440,celltype_Lardenois2026,Ovarian_SE,1,4022,7280,0.0002,0.0001
L2,Gonadal_SomaticPrec,Gonadal somatic precursor,8440,celltype_Lardenois2026,Rete_testis_ovarii,1,4022,974,0.0002,0.001
L2,Gonadal_SomaticPrec,Gonadal somatic precursor,8440,celltype_Lorenzi2025,Müllerian Mese,6,10,2592,0.6,0.0023
L2,Gonadal_SomaticPrec,Gonadal somatic precursor,8440,celltype_Lorenzi2025,Vas Deferens Mese,2,10,1966,0.2,0.001
L2,Gonadal_SomaticPrec,Gonadal somatic precursor,8440,celltype_Lorenzi2025,Coelomic Epi,1,10,6305,0.1,0.0002
L2,Gonadal_SomaticPrec,Gonadal somatic precursor,8440,celltype_Lorenzi2025,Wolffian/Mesonephros Mese,1,10,18850,0.1,0.0001
L2,Gonadal_SomaticPrec,Gonadal somatic precursor,8440,celltype_OvarySanger2026,Stroma_Fetal,7,11,15369,0.6364,0.0005
L2,Gonadal_SomaticPrec,Gonadal somatic precursor,8440,celltype_OvarySanger2026,preGranulosa_II_Fetal,4,11,18524,0.3636,0.0002
L3,Gonadal_SupportingUndiff,Gonadal undifferentiated supporting,16769,celltype_GarciaAlonso2022,early_supporting,3325,4621,4387,0.7195,0.7579
L3,Gonadal_SupportingUndiff,Gonadal undifferentiated supporting,16769,celltype_GarciaAlonso2022,preGC_I,785,4621,15678,0.1699,0.0501
L3,Gonadal_SupportingUndiff,Gonadal undifferentiated supporting,16769,celltype_GarciaAlonso2022,early_somatic,207,4621,2397,0.0448,0.0864
L3,Gonadal_SupportingUndiff,Gonadal undifferentiated supporting,16769,celltype_GarciaAlonso2022,early_sPAX8,202,4621,3557,0.0437,0.0568
L3,Gonadal_SupportingUndiff,Gonadal undifferentiated supporting,16769,celltype_GarciaAlonso2022,Oi,27,4621,23391,0.0058,0.0012
L3,Gonadal_SupportingUndiff,Gonadal undifferentiated supporting,16769,celltype_GarciaAlonso2022,preGC_IIa,26,4621,12096,0.0056,0.0021
L3,Gonadal_SupportingUndiff,Gonadal undifferentiated supporting,16769,celltype_GarciaAlonso2022,CoelEpi_LHX9_cycling,15,4621,1336,0.0032,0.0112
L3,Gonadal_SupportingUndiff,Gonadal undifferentiated supporting,16769,celltype_GarciaAlonso2022,Epithelial,7,4621,9596,0.0015,0.0007
L3,Gonadal_SupportingUndiff,Gonadal undifferentiated supporting,16769,celltype_GarciaAlonso2022,Gi,6,4621,2853,0.0013,0.0021
L3,Gonadal_SupportingUndiff,Gonadal undifferentiated supporting,16769,celltype_GarciaAlonso2022,preGC_IIb,6,4621,23159,0.0013,0.0003
L3,Gonadal_SupportingUndiff,Gonadal undifferentiated supporting,16769,celltype_GarciaAlonso2022,CoelEpi_LHX9,5,4621,4334,0.0011,0.0012
L3,Gonadal_SupportingUndiff,Gonadal undifferentiated supporting,16769,celltype_GarciaAlonso2022,Mesenchymal_GATA2,5,4621,42064,0.0011,0.0001
L3,Gonadal_SupportingUndiff,Gonadal undifferentiated supporting,16769,celltype_GarciaAlonso2022,CoelEpi_GATA2,3,4621,3446,0.0006,0.0009
L3,Gonadal_SupportingUndiff,Gonadal undifferentiated supporting,16769,celltype_GarciaAlonso2022,Neural,1,4621,1893,0.0002,0.0005
L3,Gonadal_SupportingUndiff,Gonadal undifferentiated supporting,16769,celltype_GarciaAlonso2022,SMCs,1,4621,2910,0.0002,0.0003
L3,Gonadal_SupportingUndiff,Gonadal undifferentiated supporting,16769,celltype_Lardenois2026,Undifferentiated_supporting,7967,9089,8626,0.8766,0.9236
L3,Gonadal_SupportingUndiff,Gonadal undifferentiated supporting,16769,celltype_Lardenois2026,Pre_granulosa,928,9089,22112,0.1021,0.042
L3,Gonadal_SupportingUndiff,Gonadal undifferentiated supporting,16769,celltype_Lardenois2026,Somatic_progenitors,102,9089,3490,0.0112,0.0292
L3,Gonadal_SupportingUndiff,Gonadal undifferentiated supporting,16769,celltype_Lardenois2026,Rete_testis_ovarii,47,9089,974,0.0052,0.0483
L3,Gonadal_SupportingUndiff,Gonadal undifferentiated supporting,16769,celltype_Lardenois2026,Pre_Sertoli,22,9089,26,0.0024,0.8462
L3,Gonadal_SupportingUndiff,Gonadal undifferentiated supporting,16769,celltype_Lardenois2026,Interstitial,10,9089,9615,0.0011,0.001
L3,Gonadal_SupportingUndiff,Gonadal undifferentiated supporting,16769,celltype_Lardenois2026,Gonadal_CE,9,9089,3117,0.001,0.0029
L3,Gonadal_SupportingUndiff,Gonadal undifferentiated supporting,16769,celltype_Lardenois2026,Low_QC,4,9089,87,0.0004,0.046
L3,Gonadal_SupportingUndiff,Gonadal undifferentiated supporting,16769,celltype_Lorenzi2025,Müllerian Mese,3,9,2592,0.3333,0.0012
L3,Gonadal_SupportingUndiff,Gonadal undifferentiated supporting,16769,celltype_Lorenzi2025,Epoophron Mese,1,9,12245,0.1111,0.0001
L3,Gonadal_SupportingUndiff,Gonadal undifferentiated supporting,16769,celltype_Lorenzi2025,Lower Vagina Epi,1,9,6543,0.1111,0.0002
L3,Gonadal_SupportingUndiff,Gonadal undifferentiated supporting,16769,celltype_Lorenzi2025,Neural,1,9,4571,0.1111,0.0002
L3,Gonadal_SupportingUndiff,Gonadal undifferentiated supporting,16769,celltype_Lorenzi2025,Preputial Lamina Epi,1,9,2666,0.1111,0.0004
L3,Gonadal_SupportingUndiff,Gonadal undifferentiated supporting,16769,celltype_Lorenzi2025,Urogenital Sinus SmMu,1,9,187,0.1111,0.0053
L3,Gonadal_SupportingUndiff,Gonadal undifferentiated supporting,16769,celltype_Lorenzi2025,Wolffian/Mesonephros Mese,1,9,18850,0.1111,0.0001
L3,Gonadal_SupportingUndiff,Gonadal undifferentiated supporting,16769,celltype_OvarySanger2026,preGranulosa_I_Fetal,7,13,5506,0.5385,0.0013
L3,Gonadal_SupportingUndiff,Gonadal undifferentiated supporting,16769,celltype_OvarySanger2026,preGranulosa_II_Fetal,3,13,18524,0.2308,0.0002
L3,Gonadal_SupportingUndiff,Gonadal undifferentiated supporting,16769,celltype_OvarySanger2026,Fallopian_SMCs_Fetal,1,13,2339,0.0769,0.0004
L3,Gonadal_SupportingUndiff,Gonadal undifferentiated supporting,16769,celltype_OvarySanger2026,Granulosa_AMH_antral_HedgLow,1,13,3271,0.0769,0.0003
L3,Gonadal_SupportingUndiff,Gonadal undifferentiated supporting,16769,celltype_OvarySanger2026,Granulosa_sq_atr,1,13,2839,0.0769,0.0004
L3,Gonadal_preGranulosa-CEderived,First wave pre-granulosa,23076,celltype_GarciaAlonso2022,preGC_I,12919,14916,15678,0.8661,0.824
L3,Gonadal_preGranulosa-CEderived,First wave pre-granulosa,23076,celltype_GarciaAlonso2022,early_supporting,994,14916,4387,0.0666,0.2266
L3,Gonadal_preGranulosa-CEderived,First wave pre-granulosa,23076,celltype_GarciaAlonso2022,preGC_IIa,254,14916,12096,0.017,0.021
L3,Gonadal_preGranulosa-CEderived,First wave pre-granulosa,23076,celltype_GarciaAlonso2022,Oi,252,14916,23391,0.0169,0.0108
L3,Gonadal_preGranulosa-CEderived,First wave pre-granulosa,23076,celltype_GarciaAlonso2022,preGC_IIb,245,14916,23159,0.0164,0.0106
L3,Gonadal_preGranulosa-CEderived,First wave pre-granulosa,23076,celltype_GarciaAlonso2022,early_sPAX8,162,14916,3557,0.0109,0.0455
L3,Gonadal_preGranulosa-CEderived,First wave pre-granulosa,23076,celltype_GarciaAlonso2022,Mesenchymal_GATA2,31,14916,42064,0.0021,0.0007
L3,Gonadal_preGranulosa-CEderived,First wave pre-granulosa,23076,celltype_GarciaAlonso2022,early_somatic,17,14916,2397,0.0011,0.0071
L3,Gonadal_preGranulosa-CEderived,First wave pre-granulosa,23076,celltype_GarciaAlonso2022,Epithelial,10,14916,9596,0.0007,0.001
L3,Gonadal_preGranulosa-CEderived,First wave pre-granulosa,23076,celltype_GarciaAlonso2022,granulosa,10,14916,71,0.0007,0.1408
L3,Gonadal_preGranulosa-CEderived,First wave pre-granulosa,23076,celltype_GarciaAlonso2022,CoelEpi_LHX9,9,14916,4334,0.0006,0.0021
L3,Gonadal_preGranulosa-CEderived,First wave pre-granulosa,23076,celltype_GarciaAlonso2022,Gi,5,14916,2853,0.0003,0.0018
L3,Gonadal_preGranulosa-CEderived,First wave pre-granulosa,23076,celltype_GarciaAlonso2022,PV,3,14916,9621,0.0002,0.0003
L3,Gonadal_preGranulosa-CEderived,First wave pre-granulosa,23076,celltype_GarciaAlonso2022,OSE,2,14916,7453,0.0001,0.0003
L3,Gonadal_preGranulosa-CEderived,First wave pre-granulosa,23076,celltype_GarciaAlonso2022,SMCs,2,14916,2910,0.0001,0.0007
L3,Gonadal_preGranulosa-CEderived,First wave pre-granulosa,23076,celltype_GarciaAlonso2022,CoelEpi_GATA2,1,14916,3446,0.0001,0.0003
L3,Gonadal_preGranulosa-CEderived,First wave pre-granulosa,23076,celltype_Lardenois2026,Pre_granulosa,4344,4882,22112,0.8898,0.1965
L3,Gonadal_preGranulosa-CEderived,First wave pre-granulosa,23076,celltype_Lardenois2026,Undifferentiated_supporting,375,4882,8626,0.0768,0.0435
L3,Gonadal_preGranulosa-CEderived,First wave pre-granulosa,23076,celltype_Lardenois2026,Interstitial,131,4882,9615,0.0268,0.0136
L3,Gonadal_preGranulosa-CEderived,First wave pre-granulosa,23076,celltype_Lardenois2026,Rete_testis_ovarii,18,4882,974,0.0037,0.0185
L3,Gonadal_preGranulosa-CEderived,First wave pre-granulosa,23076,celltype_Lardenois2026,Low_QC,8,4882,87,0.0016,0.092
L3,Gonadal_preGranulosa-CEderived,First wave pre-granulosa,23076,celltype_Lardenois2026,Pre_Sertoli,4,4882,26,0.0008,0.1538
L3,Gonadal_preGranulosa-CEderived,First wave pre-granulosa,23076,celltype_Lardenois2026,Gonadal_CE,1,4882,3117,0.0002,0.0003
L3,Gonadal_preGranulosa-CEderived,First wave pre-granulosa,23076,celltype_Lardenois2026,Somatic_progenitors,1,4882,3490,0.0002,0.0003
L3,Gonadal_preGranulosa-CEderived,First wave pre-granulosa,23076,celltype_Lorenzi2025,Fallopian Mese,6,19,29799,0.3158,0.0002
L3,Gonadal_preGranulosa-CEderived,First wave pre-granulosa,23076,celltype_Lorenzi2025,Fallopian Epi,4,19,7650,0.2105,0.0005
L3,Gonadal_preGranulosa-CEderived,First wave pre-granulosa,23076,celltype_Lorenzi2025,Wolffian/Mesonephros Mese,4,19,18850,0.2105,0.0002
L3,Gonadal_preGranulosa-CEderived,First wave pre-granulosa,23076,celltype_Lorenzi2025,Fallopian Lig,3,19,17659,0.1579,0.0002
L3,Gonadal_preGranulosa-CEderived,First wave pre-granulosa,23076,celltype_Lorenzi2025,Genital Surface Epi,1,19,1172,0.0526,0.0009
L3,Gonadal_preGranulosa-CEderived,First wave pre-granulosa,23076,celltype_Lorenzi2025,Urogenital Sinus Epi,1,19,1290,0.0526,0.0008
L3,Gonadal_preGranulosa-CEderived,First wave pre-granulosa,23076,celltype_OvarySanger2026,preGranulosa_I_Fetal,4053,4211,5506,0.9625,0.7361
L3,Gonadal_preGranulosa-CEderived,First wave pre-granulosa,23076,celltype_OvarySanger2026,preGranulosa_II_Fetal,69,4211,18524,0.0164,0.0037
L3,Gonadal_preGranulosa-CEderived,First wave pre-granulosa,23076,celltype_OvarySanger2026,Stroma_Fetal,57,4211,15369,0.0135,0.0037
L3,Gonadal_preGranulosa-CEderived,First wave pre-granulosa,23076,celltype_OvarySanger2026,Epithelial,5,4211,5470,0.0012,0.0009
L3,Gonadal_preGranulosa-CEderived,First wave pre-granulosa,23076,celltype_OvarySanger2026,Granulosa_AMH_atr,5,4211,2721,0.0012,0.0018
L3,Gonadal_preGranulosa-CEderived,First wave pre-granulosa,23076,celltype_OvarySanger2026,Epoophon_mesen_Fetal,4,4211,4579,0.0009,0.0009
L3,Gonadal_preGranulosa-CEderived,First wave pre-granulosa,23076,celltype_OvarySanger2026,Granulosa_sq_atr,4,4211,2839,0.0009,0.0014
L3,Gonadal_preGranulosa-CEderived,First wave pre-granulosa,23076,celltype_OvarySanger2026,Granulosa_AMH_antral_HedgLow,3,4211,3271,0.0007,0.0009
L3,Gonadal_preGranulosa-CEderived,First wave pre-granulosa,23076,celltype_OvarySanger2026,Fallopian_mesen_Fetal,2,4211,7774,0.0005,0.0003
L3,Gonadal_preGranulosa-CEderived,First wave pre-granulosa,23076,celltype_OvarySanger2026,Granulosa_AMH_early,2,4211,813,0.0005,0.0025
L3,Gonadal_preGranulosa-CEderived,First wave pre-granulosa,23076,celltype_OvarySanger2026,Granulosa_AMH_ml,2,4211,955,0.0005,0.0021
L3,Gonadal_preGranulosa-CEderived,First wave pre-granulosa,23076,celltype_OvarySanger2026,Granulosa_sq,2,4211,5793,0.0005,0.0003
L3,Gonadal_preGranulosa-CEderived,First wave pre-granulosa,23076,celltype_OvarySanger2026,Fallopian_SMCs_Fetal,1,4211,2339,0.0002,0.0004
L3,Gonadal_preGranulosa-CEderived,First wave pre-granulosa,23076,celltype_OvarySanger2026,Granulosa_AMH_antral,1,4211,8762,0.0002,0.0001
L3,Gonadal_preGranulosa-CEderived,First wave pre-granulosa,23076,celltype_OvarySanger2026,Stroma_Medulla,1,4211,9919,0.0002,0.0001
L4,Gonadal_preGranulosa-OSEderived_early,"Second wave fetal pre-granulosa, early differentiated state",6659,celltype_GarciaAlonso2022,preGC_IIa,2034,2438,12096,0.8343,0.1682
L4,Gonadal_preGranulosa-OSEderived_early,"Second wave fetal pre-granulosa, early differentiated state",6659,celltype_GarciaAlonso2022,OSE,154,2438,7453,0.0632,0.0207
L4,Gonadal_preGranulosa-OSEderived_early,"Second wave fetal pre-granulosa, early differentiated state",6659,celltype_GarciaAlonso2022,CoelEpi_LHX9,80,2438,4334,0.0328,0.0185
L4,Gonadal_preGranulosa-OSEderived_early,"Second wave fetal pre-granulosa, early differentiated state",6659,celltype_GarciaAlonso2022,preGC_IIb,62,2438,23159,0.0254,0.0027
L4,Gonadal_preGranulosa-OSEderived_early,"Second wave fetal pre-granulosa, early differentiated state",6659,celltype_GarciaAlonso2022,early_somatic,52,2438,2397,0.0213,0.0217
L4,Gonadal_preGranulosa-OSEderived_early,"Second wave fetal pre-granulosa, early differentiated state",6659,celltype_GarciaAlonso2022,Oi,18,2438,23391,0.0074,0.0008
L4,Gonadal_preGranulosa-OSEderived_early,"Second wave fetal pre-granulosa, early differentiated state",6659,celltype_GarciaAlonso2022,Gi,14,2438,2853,0.0057,0.0049
L4,Gonadal_preGranulosa-OSEderived_early,"Second wave fetal pre-granulosa, early differentiated state",6659,celltype_GarciaAlonso2022,preGC_I,13,2438,15678,0.0053,0.0008
L4,Gonadal_preGranulosa-OSEderived_early,"Second wave fetal pre-granulosa, early differentiated state",6659,celltype_GarciaAlonso2022,CoelEpi_GATA2,5,2438,3446,0.0021,0.0015
L4,Gonadal_preGranulosa-OSEderived_early,"Second wave fetal pre-granulosa, early differentiated state",6659,celltype_GarciaAlonso2022,early_sPAX8,2,2438,3557,0.0008,0.0006
L4,Gonadal_preGranulosa-OSEderived_early,"Second wave fetal pre-granulosa, early differentiated state",6659,celltype_GarciaAlonso2022,Epithelial,1,2438,9596,0.0004,0.0001
L4,Gonadal_preGranulosa-OSEderived_early,"Second wave fetal pre-granulosa, early differentiated state",6659,celltype_GarciaAlonso2022,GermCells,1,2438,6937,0.0004,0.0001
L4,Gonadal_preGranulosa-OSEderived_early,"Second wave fetal pre-granulosa, early differentiated state",6659,celltype_GarciaAlonso2022,Immune,1,2438,1802,0.0004,0.0006
L4,Gonadal_preGranulosa-OSEderived_early,"Second wave fetal pre-granulosa, early differentiated state",6659,celltype_GarciaAlonso2022,Mesenchymal_GATA2,1,2438,42064,0.0004,0.0
L4,Gonadal_preGranulosa-OSEderived_early,"Second wave fetal pre-granulosa, early differentiated state",6659,celltype_Lardenois2026,Pre_granulosa,2690,3118,22112,0.8627,0.1217
L4,Gonadal_preGranulosa-OSEderived_early,"Second wave fetal pre-granulosa, early differentiated state",6659,celltype_Lardenois2026,Ovarian_SE,264,3118,7280,0.0847,0.0363
L4,Gonadal_preGranulosa-OSEderived_early,"Second wave fetal pre-granulosa, early differentiated state",6659,celltype_Lardenois2026,Somatic_progenitors,122,3118,3490,0.0391,0.035
L4,Gonadal_preGranulosa-OSEderived_early,"Second wave fetal pre-granulosa, early differentiated state",6659,celltype_Lardenois2026,Interstitial,23,3118,9615,0.0074,0.0024
L4,Gonadal_preGranulosa-OSEderived_early,"Second wave fetal pre-granulosa, early differentiated state",6659,celltype_Lardenois2026,Gonadal_CE,11,3118,3117,0.0035,0.0035
L4,Gonadal_preGranulosa-OSEderived_early,"Second wave fetal pre-granulosa, early differentiated state",6659,celltype_Lardenois2026,Low_QC,4,3118,87,0.0013,0.046
L4,Gonadal_preGranulosa-OSEderived_early,"Second wave fetal pre-granulosa, early differentiated state",6659,celltype_Lardenois2026,Undifferentiated_supporting,2,3118,8626,0.0006,0.0002
L4,Gonadal_preGranulosa-OSEderived_early,"Second wave fetal pre-granulosa, early differentiated state",6659,celltype_Lardenois2026,Germ,1,3118,5066,0.0003,0.0002
L4,Gonadal_preGranulosa-OSEderived_early,"Second wave fetal pre-granulosa, early differentiated state",6659,celltype_Lardenois2026,Rete_testis_ovarii,1,3118,974,0.0003,0.001
L4,Gonadal_preGranulosa-OSEderived_early,"Second wave fetal pre-granulosa, early differentiated state",6659,celltype_Lorenzi2025,Coelomic Epi,3,5,6305,0.6,0.0005
L4,Gonadal_preGranulosa-OSEderived_early,"Second wave fetal pre-granulosa, early differentiated state",6659,celltype_Lorenzi2025,Vas Deferens Mese,2,5,1966,0.4,0.001
L4,Gonadal_preGranulosa-OSEderived_early,"Second wave fetal pre-granulosa, early differentiated state",6659,celltype_OvarySanger2026,preGranulosa_II_Fetal,890,926,18524,0.9611,0.048
L4,Gonadal_preGranulosa-OSEderived_early,"Second wave fetal pre-granulosa, early differentiated state",6659,celltype_OvarySanger2026,OSE_Fetal,33,926,4369,0.0356,0.0076
L4,Gonadal_preGranulosa-OSEderived_early,"Second wave fetal pre-granulosa, early differentiated state",6659,celltype_OvarySanger2026,Stroma_Fetal,2,926,15369,0.0022,0.0001
L4,Gonadal_preGranulosa-OSEderived_early,"Second wave fetal pre-granulosa, early differentiated state",6659,celltype_OvarySanger2026,Epithelial,1,926,5470,0.0011,0.0002
L4,Gonadal_preGranulosa-OSEderived_late,"Second wave fetal pre-granulosa, late differentiated state",50633,celltype_GarciaAlonso2022,preGC_IIb,19064,29778,23159,0.6402,0.8232
L4,Gonadal_preGranulosa-OSEderived_late,"Second wave fetal pre-granulosa, late differentiated state",50633,celltype_GarciaAlonso2022,preGC_IIa,9179,29778,12096,0.3082,0.7588
L4,Gonadal_preGranulosa-OSEderived_late,"Second wave fetal pre-granulosa, late differentiated state",50633,celltype_GarciaAlonso2022,preGC_I,1286,29778,15678,0.0432,0.082
L4,Gonadal_preGranulosa-OSEderived_late,"Second wave fetal pre-granulosa, late differentiated state",50633,celltype_GarciaAlonso2022,OSE,97,29778,7453,0.0033,0.013
L4,Gonadal_preGranulosa-OSEderived_late,"Second wave fetal pre-granulosa, late differentiated state",50633,celltype_GarciaAlonso2022,Oi,61,29778,23391,0.002,0.0026
L4,Gonadal_preGranulosa-OSEderived_late,"Second wave fetal pre-granulosa, late differentiated state",50633,celltype_GarciaAlonso2022,Mesenchymal_GATA2,28,29778,42064,0.0009,0.0007
L4,Gonadal_preGranulosa-OSEderived_late,"Second wave fetal pre-granulosa, late differentiated state",50633,celltype_GarciaAlonso2022,early_somatic,27,29778,2397,0.0009,0.0113
L4,Gonadal_preGranulosa-OSEderived_late,"Second wave fetal pre-granulosa, late differentiated state",50633,celltype_GarciaAlonso2022,Epithelial,14,29778,9596,0.0005,0.0015
L4,Gonadal_preGranulosa-OSEderived_late,"Second wave fetal pre-granulosa, late differentiated state",50633,celltype_GarciaAlonso2022,early_supporting,6,29778,4387,0.0002,0.0014
L4,Gonadal_preGranulosa-OSEderived_late,"Second wave fetal pre-granulosa, late differentiated state",50633,celltype_GarciaAlonso2022,granulosa,4,29778,71,0.0001,0.0563
L4,Gonadal_preGranulosa-OSEderived_late,"Second wave fetal pre-granulosa, late differentiated state",50633,celltype_GarciaAlonso2022,Gi,3,29778,2853,0.0001,0.0011
L4,Gonadal_preGranulosa-OSEderived_late,"Second wave fetal pre-granulosa, late differentiated state",50633,celltype_GarciaAlonso2022,PV,3,29778,9621,0.0001,0.0003
L4,Gonadal_preGranulosa-OSEderived_late,"Second wave fetal pre-granulosa, late differentiated state",50633,celltype_GarciaAlonso2022,CoelEpi_LHX9,2,29778,4334,0.0001,0.0005
L4,Gonadal_preGranulosa-OSEderived_late,"Second wave fetal pre-granulosa, late differentiated state",50633,celltype_GarciaAlonso2022,GermCells,2,29778,6937,0.0001,0.0003
L4,Gonadal_preGranulosa-OSEderived_late,"Second wave fetal pre-granulosa, late differentiated state",50633,celltype_GarciaAlonso2022,SMCs,2,29778,2910,0.0001,0.0007
L4,Gonadal_preGranulosa-OSEderived_late,"Second wave fetal pre-granulosa, late differentiated state",50633,celltype_Lardenois2026,Pre_granulosa,13074,13183,22112,0.9917,0.5913
L4,Gonadal_preGranulosa-OSEderived_late,"Second wave fetal pre-granulosa, late differentiated state",50633,celltype_Lardenois2026,Low_QC,40,13183,87,0.003,0.4598
L4,Gonadal_preGranulosa-OSEderived_late,"Second wave fetal pre-granulosa, late differentiated state",50633,celltype_Lardenois2026,Undifferentiated_supporting,29,13183,8626,0.0022,0.0034
L4,Gonadal_preGranulosa-OSEderived_late,"Second wave fetal pre-granulosa, late differentiated state",50633,celltype_Lardenois2026,Ovarian_SE,21,13183,7280,0.0016,0.0029
L4,Gonadal_preGranulosa-OSEderived_late,"Second wave fetal pre-granulosa, late differentiated state",50633,celltype_Lardenois2026,Somatic_progenitors,17,13183,3490,0.0013,0.0049
L4,Gonadal_preGranulosa-OSEderived_late,"Second wave fetal pre-granulosa, late differentiated state",50633,celltype_Lardenois2026,Germ,2,13183,5066,0.0002,0.0004
L4,Gonadal_preGranulosa-OSEderived_late,"Second wave fetal pre-granulosa, late differentiated state",50633,celltype_Lorenzi2025,Uterus/Cervix Epi,7,22,7381,0.3182,0.0009
L4,Gonadal_preGranulosa-OSEderived_late,"Second wave fetal pre-granulosa, late differentiated state",50633,celltype_Lorenzi2025,Preputial Lamina Epi,4,22,2666,0.1818,0.0015
L4,Gonadal_preGranulosa-OSEderived_late,"Second wave fetal pre-granulosa, late differentiated state",50633,celltype_Lorenzi2025,Lower Vagina Epi,3,22,6543,0.1364,0.0005
L4,Gonadal_preGranulosa-OSEderived_late,"Second wave fetal pre-granulosa, late differentiated state",50633,celltype_Lorenzi2025,Fallopian Epi,2,22,7650,0.0909,0.0003
L4,Gonadal_preGranulosa-OSEderived_late,"Second wave fetal pre-granulosa, late differentiated state",50633,celltype_Lorenzi2025,Müllerian Epi,2,22,2490,0.0909,0.0008
L4,Gonadal_preGranulosa-OSEderived_late,"Second wave fetal pre-granulosa, late differentiated state",50633,celltype_Lorenzi2025,Fallopian Lig,1,22,17659,0.0455,0.0001
L4,Gonadal_preGranulosa-OSEderived_late,"Second wave fetal pre-granulosa, late differentiated state",50633,celltype_Lorenzi2025,Upper Urogenital Sinus Mese,1,22,2667,0.0455,0.0004
L4,Gonadal_preGranulosa-OSEderived_late,"Second wave fetal pre-granulosa, late differentiated state",50633,celltype_Lorenzi2025,Wolffian/Mesonephros Lig,1,22,614,0.0455,0.0016
L4,Gonadal_preGranulosa-OSEderived_late,"Second wave fetal pre-granulosa, late differentiated state",50633,celltype_Lorenzi2025,Wolffian/Mesonephros Mese,1,22,18850,0.0455,0.0001
L4,Gonadal_preGranulosa-OSEderived_late,"Second wave fetal pre-granulosa, late differentiated state",50633,celltype_OvarySanger2026,preGranulosa_II_Fetal,14378,15322,18524,0.9384,0.7762
L4,Gonadal_preGranulosa-OSEderived_late,"Second wave fetal pre-granulosa, late differentiated state",50633,celltype_OvarySanger2026,preGranulosa_I_Fetal,649,15322,5506,0.0424,0.1179
L4,Gonadal_preGranulosa-OSEderived_late,"Second wave fetal pre-granulosa, late differentiated state",50633,celltype_OvarySanger2026,OSE_cycling,105,15322,581,0.0069,0.1807
L4,Gonadal_preGranulosa-OSEderived_late,"Second wave fetal pre-granulosa, late differentiated state",50633,celltype_OvarySanger2026,Granulosa_AMH_atr,51,15322,2721,0.0033,0.0187
L4,Gonadal_preGranulosa-OSEderived_late,"Second wave fetal pre-granulosa, late differentiated state",50633,celltype_OvarySanger2026,Stroma_Fetal,47,15322,15369,0.0031,0.0031
L4,Gonadal_preGranulosa-OSEderived_late,"Second wave fetal pre-granulosa, late differentiated state",50633,celltype_OvarySanger2026,OSE_Fetal,44,15322,4369,0.0029,0.0101
L4,Gonadal_preGranulosa-OSEderived_late,"Second wave fetal pre-granulosa, late differentiated state",50633,celltype_OvarySanger2026,Granulosa_sq_atr,14,15322,2839,0.0009,0.0049
L4,Gonadal_preGranulosa-OSEderived_late,"Second wave fetal pre-granulosa, late differentiated state",50633,celltype_OvarySanger2026,Granulosa_sq,12,15322,5793,0.0008,0.0021
L4,Gonadal_preGranulosa-OSEderived_late,"Second wave fetal pre-granulosa, late differentiated state",50633,celltype_OvarySanger2026,Granulosa_AMH_antral_HedgLow,4,15322,3271,0.0003,0.0012
L4,Gonadal_preGranulosa-OSEderived_late,"Second wave fetal pre-granulosa, late differentiated state",50633,celltype_OvarySanger2026,Granulosa_AMH_cycling,4,15322,5506,0.0003,0.0007
L4,Gonadal_preGranulosa-OSEderived_late,"Second wave fetal pre-granulosa, late differentiated state",50633,celltype_OvarySanger2026,Epithelial,3,15322,5470,0.0002,0.0005
L4,Gonadal_preGranulosa-OSEderived_late,"Second wave fetal pre-granulosa, late differentiated state",50633,celltype_OvarySanger2026,Fallopian_lig_Fetal,3,15322,3990,0.0002,0.0008
L4,Gonadal_preGranulosa-OSEderived_late,"Second wave fetal pre-granulosa, late differentiated state",50633,celltype_OvarySanger2026,Fallopian_mesen_Fetal,2,15322,7774,0.0001,0.0003
L4,Gonadal_preGranulosa-OSEderived_late,"Second wave fetal pre-granulosa, late differentiated state",50633,celltype_OvarySanger2026,Epoophon_mesen_Fetal,1,15322,4579,0.0001,0.0002
L4,Gonadal_preGranulosa-OSEderived_late,"Second wave fetal pre-granulosa, late differentiated state",50633,celltype_OvarySanger2026,Granulosa_AMH_antral,1,15322,8762,0.0001,0.0001
L4,Gonadal_preGranulosa-OSEderived_late,"Second wave fetal pre-granulosa, late differentiated state",50633,celltype_OvarySanger2026,Granulosa_AMH_ml,1,15322,955,0.0001,0.001
L4,Gonadal_preGranulosa-OSEderived_late,"Second wave fetal pre-granulosa, late differentiated state",50633,celltype_OvarySanger2026,PV_Fibroblast,1,15322,1060,0.0001,0.0009
L4,Gonadal_preGranulosa-OSEderived_late,"Second wave fetal pre-granulosa, late differentiated state",50633,celltype_OvarySanger2026,PV_SMC_Arterial,1,15322,31802,0.0001,0.0
L4,Gonadal_preGranulosa-OSEderived_late,"Second wave fetal pre-granulosa, late differentiated state",50633,celltype_OvarySanger2026,Stroma_InnCor,1,15322,75307,0.0001,0.0
L4,Granulosa_AMHneg_Atretic,Granulosa of primordial follicle atretic,2960,celltype_OvarySanger2026,Granulosa_sq_atr,1982,2175,2839,0.9113,0.6981
L4,Granulosa_AMHneg_Atretic,Granulosa of primordial follicle atretic,2960,celltype_OvarySanger2026,Granulosa_sq,134,2175,5793,0.0616,0.0231
L4,Granulosa_AMHneg_Atretic,Granulosa of primordial follicle atretic,2960,celltype_OvarySanger2026,Granulosa_sq_transitioning,48,2175,668,0.0221,0.0719
L4,Granulosa_AMHneg_Atretic,Granulosa of primordial follicle atretic,2960,celltype_OvarySanger2026,Granulosa_AMH_atr,6,2175,2721,0.0028,0.0022
L4,Granulosa_AMHneg_Atretic,Granulosa of primordial follicle atretic,2960,celltype_OvarySanger2026,Granulosa_AMH_antral_HedgLow,2,2175,3271,0.0009,0.0006
L4,Granulosa_AMHneg_Atretic,Granulosa of primordial follicle atretic,2960,celltype_OvarySanger2026,Endo_Cap,1,2175,7359,0.0005,0.0001
L4,Granulosa_AMHneg_Atretic,Granulosa of primordial follicle atretic,2960,celltype_OvarySanger2026,Granulosa_AMH_antral,1,2175,8762,0.0005,0.0001
L4,Granulosa_AMHneg_Atretic,Granulosa of primordial follicle atretic,2960,celltype_OvarySanger2026,Granulosa_AMH_ml,1,2175,955,0.0005,0.001
L4,Granulosa_AMHneg_Squamous,Granulosa of primordial follicle quiescent,5644,celltype_OvarySanger2026,Granulosa_sq,5337,5519,5793,0.967,0.9213
L4,Granulosa_AMHneg_Squamous,Granulosa of primordial follicle quiescent,5644,celltype_OvarySanger2026,Granulosa_sq_atr,102,5519,2839,0.0185,0.0359
L4,Granulosa_AMHneg_Squamous,Granulosa of primordial follicle quiescent,5644,celltype_OvarySanger2026,Granulosa_sq_transitioning,69,5519,668,0.0125,0.1033
L4,Granulosa_AMHneg_Squamous,Granulosa of primordial follicle quiescent,5644,celltype_OvarySanger2026,Granulosa_AMH_early,6,5519,813,0.0011,0.0074
L4,Granulosa_AMHneg_Squamous,Granulosa of primordial follicle quiescent,5644,celltype_OvarySanger2026,Granulosa_AMH_atr,1,5519,2721,0.0002,0.0004
L4,Granulosa_AMHneg_Squamous,Granulosa of primordial follicle quiescent,5644,celltype_OvarySanger2026,Granulosa_AMH_cycling,1,5519,5506,0.0002,0.0002
L4,Granulosa_AMHneg_Squamous,Granulosa of primordial follicle quiescent,5644,celltype_OvarySanger2026,Granulosa_AMH_ml,1,5519,955,0.0002,0.001
L4,Granulosa_AMHneg_Squamous,Granulosa of primordial follicle quiescent,5644,celltype_OvarySanger2026,Neural_Glia_Adult,1,5519,650,0.0002,0.0015
L4,Granulosa_AMHneg_Squamous,Granulosa of primordial follicle quiescent,5644,celltype_OvarySanger2026,PV_Fibroblast,1,5519,1060,0.0002,0.0009
L4,Granulosa_AMHpos_Atretic,Granulosa AMH+ atretic,5440,celltype_OvarySanger2026,Granulosa_AMH_atr,1434,1916,2721,0.7484,0.527
L4,Granulosa_AMHpos_Atretic,Granulosa AMH+ atretic,5440,celltype_OvarySanger2026,Granulosa_sq_atr,421,1916,2839,0.2197,0.1483
L4,Granulosa_AMHpos_Atretic,Granulosa AMH+ atretic,5440,celltype_OvarySanger2026,Granulosa_AMH_cycling,15,1916,5506,0.0078,0.0027
L4,Granulosa_AMHpos_Atretic,Granulosa AMH+ atretic,5440,celltype_OvarySanger2026,Granulosa_AMH_antral,14,1916,8762,0.0073,0.0016
L4,Granulosa_AMHpos_Atretic,Granulosa AMH+ atretic,5440,celltype_OvarySanger2026,Granulosa_AMH_antral_HedgLow,10,1916,3271,0.0052,0.0031
L4,Granulosa_AMHpos_Atretic,Granulosa AMH+ atretic,5440,celltype_OvarySanger2026,Granulosa_AMH_early,10,1916,813,0.0052,0.0123
L4,Granulosa_AMHpos_Atretic,Granulosa AMH+ atretic,5440,celltype_OvarySanger2026,Granulosa_AMH_ml,5,1916,955,0.0026,0.0052
L4,Granulosa_AMHpos_Atretic,Granulosa AMH+ atretic,5440,celltype_OvarySanger2026,Granulosa_AMH_cumulus,3,1916,566,0.0016,0.0053
L4,Granulosa_AMHpos_Atretic,Granulosa AMH+ atretic,5440,celltype_OvarySanger2026,Endo_Lymph,1,1916,601,0.0005,0.0017
L4,Granulosa_AMHpos_Atretic,Granulosa AMH+ atretic,5440,celltype_OvarySanger2026,Granulosa_sq,1,1916,5793,0.0005,0.0002
L4,Granulosa_AMHpos_Atretic,Granulosa AMH+ atretic,5440,celltype_OvarySanger2026,Granulosa_sq_transitioning,1,1916,668,0.0005,0.0015
L4,Granulosa_AMHpos_Atretic,Granulosa AMH+ atretic,5440,celltype_OvarySanger2026,Stroma_Medulla,1,1916,9919,0.0005,0.0001
L4,Granulosa_AMHpos_Cyc,Granulosa AMH+ cycling,8927,celltype_OvarySanger2026,Granulosa_AMH_cycling,4501,6882,5506,0.654,0.8175
L4,Granulosa_AMHpos_Cyc,Granulosa AMH+ cycling,8927,celltype_OvarySanger2026,Granulosa_AMH_antral,1517,6882,8762,0.2204,0.1731
L4,Granulosa_AMHpos_Cyc,Granulosa AMH+ cycling,8927,celltype_OvarySanger2026,Granulosa_AMH_atr,382,6882,2721,0.0555,0.1404
L4,Granulosa_AMHpos_Cyc,Granulosa AMH+ cycling,8927,celltype_OvarySanger2026,Granulosa_AMH_antral_HedgLow,307,6882,3271,0.0446,0.0939
L4,Granulosa_AMHpos_Cyc,Granulosa AMH+ cycling,8927,celltype_OvarySanger2026,Granulosa_AMH_ml,72,6882,955,0.0105,0.0754
L4,Granulosa_AMHpos_Cyc,Granulosa AMH+ cycling,8927,celltype_OvarySanger2026,Granulosa_AMH_cumulus,65,6882,566,0.0094,0.1148
L4,Granulosa_AMHpos_Cyc,Granulosa AMH+ cycling,8927,celltype_OvarySanger2026,Granulosa_sq_atr,30,6882,2839,0.0044,0.0106
L4,Granulosa_AMHpos_Cyc,Granulosa AMH+ cycling,8927,celltype_OvarySanger2026,Granulosa_sq,6,6882,5793,0.0009,0.001
L4,Granulosa_AMHpos_Cyc,Granulosa AMH+ cycling,8927,celltype_OvarySanger2026,Granulosa_AMH_early,1,6882,813,0.0001,0.0012
L4,Granulosa_AMHpos_Cyc,Granulosa AMH+ cycling,8927,celltype_OvarySanger2026,PV_Fibroblast,1,6882,1060,0.0001,0.0009
L4,Granulosa_AMHpos_Steroidogenic,steroidogenic Granulosa AMH+,15814,celltype_OvarySanger2026,Granulosa_AMH_antral,7227,13398,8762,0.5394,0.8248
L4,Granulosa_AMHpos_Steroidogenic,steroidogenic Granulosa AMH+,15814,celltype_OvarySanger2026,Granulosa_AMH_antral_HedgLow,2940,13398,3271,0.2194,0.8988
L4,Granulosa_AMHpos_Steroidogenic,steroidogenic Granulosa AMH+,15814,celltype_OvarySanger2026,Granulosa_AMH_cycling,976,13398,5506,0.0728,0.1773
L4,Granulosa_AMHpos_Steroidogenic,steroidogenic Granulosa AMH+,15814,celltype_OvarySanger2026,Granulosa_AMH_atr,817,13398,2721,0.061,0.3003
L4,Granulosa_AMHpos_Steroidogenic,steroidogenic Granulosa AMH+,15814,celltype_OvarySanger2026,Granulosa_AMH_ml,799,13398,955,0.0596,0.8366
L4,Granulosa_AMHpos_Steroidogenic,steroidogenic Granulosa AMH+,15814,celltype_OvarySanger2026,Granulosa_AMH_cumulus,491,13398,566,0.0366,0.8675
L4,Granulosa_AMHpos_Steroidogenic,steroidogenic Granulosa AMH+,15814,celltype_OvarySanger2026,Granulosa_sq_atr,103,13398,2839,0.0077,0.0363
L4,Granulosa_AMHpos_Steroidogenic,steroidogenic Granulosa AMH+,15814,celltype_OvarySanger2026,Granulosa_AMH_early,31,13398,813,0.0023,0.0381
L4,Granulosa_AMHpos_Steroidogenic,steroidogenic Granulosa AMH+,15814,celltype_OvarySanger2026,Granulosa_sq,6,13398,5793,0.0004,0.001
L4,Granulosa_AMHpos_Steroidogenic,steroidogenic Granulosa AMH+,15814,celltype_OvarySanger2026,Granulosa_sq_transitioning,5,13398,668,0.0004,0.0075
L4,Granulosa_AMHpos_Steroidogenic,steroidogenic Granulosa AMH+,15814,celltype_OvarySanger2026,OSE_cycling,2,13398,581,0.0001,0.0034
L4,Granulosa_AMHpos_Steroidogenic,steroidogenic Granulosa AMH+,15814,celltype_OvarySanger2026,Stroma_InnCor,1,13398,75307,0.0001,0.0
L4,Granulosa_AMHpos_nonSteroidogenic,non-steroidogenic Granulosa AMH+,694,celltype_OvarySanger2026,Granulosa_AMH_early,498,645,813,0.7721,0.6125
L4,Granulosa_AMHpos_nonSteroidogenic,non-steroidogenic Granulosa AMH+,694,celltype_OvarySanger2026,Granulosa_AMH_ml,71,645,955,0.1101,0.0743
L4,Granulosa_AMHpos_nonSteroidogenic,non-steroidogenic Granulosa AMH+,694,celltype_OvarySanger2026,Granulosa_sq,28,645,5793,0.0434,0.0048
L4,Granulosa_AMHpos_nonSteroidogenic,non-steroidogenic Granulosa AMH+,694,celltype_OvarySanger2026,Granulosa_sq_atr,26,645,2839,0.0403,0.0092
L4,Granulosa_AMHpos_nonSteroidogenic,non-steroidogenic Granulosa AMH+,694,celltype_OvarySanger2026,Granulosa_sq_transitioning,16,645,668,0.0248,0.024
L4,Granulosa_AMHpos_nonSteroidogenic,non-steroidogenic Granulosa AMH+,694,celltype_OvarySanger2026,Granulosa_AMH_atr,3,645,2721,0.0047,0.0011
L4,Granulosa_AMHpos_nonSteroidogenic,non-steroidogenic Granulosa AMH+,694,celltype_OvarySanger2026,Granulosa_AMH_cycling,2,645,5506,0.0031,0.0004
L4,Granulosa_AMHpos_nonSteroidogenic,non-steroidogenic Granulosa AMH+,694,celltype_OvarySanger2026,Granulosa_AMH_antral,1,645,8762,0.0016,0.0001
L4,Granulosa_AMHpos_nonSteroidogenic_early,"early non-steroidogenic Granulosa AMH+, from primary follicles",1267,celltype_OvarySanger2026,Granulosa_sq_transitioning,529,1177,668,0.4494,0.7919
L4,Granulosa_AMHpos_nonSteroidogenic_early,"early non-steroidogenic Granulosa AMH+, from primary follicles",1267,celltype_OvarySanger2026,Granulosa_AMH_early,264,1177,813,0.2243,0.3247
L4,Granulosa_AMHpos_nonSteroidogenic_early,"early non-steroidogenic Granulosa AMH+, from primary follicles",1267,celltype_OvarySanger2026,Granulosa_sq,240,1177,5793,0.2039,0.0414
L4,Granulosa_AMHpos_nonSteroidogenic_early,"early non-steroidogenic Granulosa AMH+, from primary follicles",1267,celltype_OvarySanger2026,Granulosa_sq_atr,128,1177,2839,0.1088,0.0451
L4,Granulosa_AMHpos_nonSteroidogenic_early,"early non-steroidogenic Granulosa AMH+, from primary follicles",1267,celltype_OvarySanger2026,Granulosa_AMH_cumulus,7,1177,566,0.0059,0.0124
L4,Granulosa_AMHpos_nonSteroidogenic_early,"early non-steroidogenic Granulosa AMH+, from primary follicles",1267,celltype_OvarySanger2026,Granulosa_AMH_atr,4,1177,2721,0.0034,0.0015
L4,Granulosa_AMHpos_nonSteroidogenic_early,"early non-steroidogenic Granulosa AMH+, from primary follicles",1267,celltype_OvarySanger2026,Granulosa_AMH_ml,3,1177,955,0.0025,0.0031
L4,Granulosa_AMHpos_nonSteroidogenic_early,"early non-steroidogenic Granulosa AMH+, from primary follicles",1267,celltype_OvarySanger2026,Granulosa_AMH_cycling,2,1177,5506,0.0017,0.0004
L4,Granulosa_sq_Fetal,"Granulosa of primordial follicle quiescent, fetal",3928,celltype_GarciaAlonso2022,preGC_IIb,3390,3548,23159,0.9555,0.1464
L4,Granulosa_sq_Fetal,"Granulosa of primordial follicle quiescent, fetal",3928,celltype_GarciaAlonso2022,granulosa,55,3548,71,0.0155,0.7746
L4,Granulosa_sq_Fetal,"Granulosa of primordial follicle quiescent, fetal",3928,celltype_GarciaAlonso2022,preGC_IIa,53,3548,12096,0.0149,0.0044
L4,Granulosa_sq_Fetal,"Granulosa of primordial follicle quiescent, fetal",3928,celltype_GarciaAlonso2022,preGC_I,36,3548,15678,0.0101,0.0023
L4,Granulosa_sq_Fetal,"Granulosa of primordial follicle quiescent, fetal",3928,celltype_GarciaAlonso2022,Oi,8,3548,23391,0.0023,0.0003
L4,Granulosa_sq_Fetal,"Granulosa of primordial follicle quiescent, fetal",3928,celltype_GarciaAlonso2022,SMCs,2,3548,2910,0.0006,0.0007
L4,Granulosa_sq_Fetal,"Granulosa of primordial follicle quiescent, fetal",3928,celltype_GarciaAlonso2022,GermCells,1,3548,6937,0.0003,0.0001
L4,Granulosa_sq_Fetal,"Granulosa of primordial follicle quiescent, fetal",3928,celltype_GarciaAlonso2022,Immune,1,3548,1802,0.0003,0.0006
L4,Granulosa_sq_Fetal,"Granulosa of primordial follicle quiescent, fetal",3928,celltype_GarciaAlonso2022,Mesenchymal_GATA2,1,3548,42064,0.0003,0.0
L4,Granulosa_sq_Fetal,"Granulosa of primordial follicle quiescent, fetal",3928,celltype_GarciaAlonso2022,PV,1,3548,9621,0.0003,0.0001
L4,Granulosa_sq_Fetal,"Granulosa of primordial follicle quiescent, fetal",3928,celltype_Lardenois2026,Pre_granulosa,82,82,22112,1.0,0.0037
L4,Granulosa_sq_Fetal,"Granulosa of primordial follicle quiescent, fetal",3928,celltype_OvarySanger2026,preGranulosa_II_Fetal,2943,3060,18524,0.9618,0.1589
L4,Granulosa_sq_Fetal,"Granulosa of primordial follicle quiescent, fetal",3928,celltype_OvarySanger2026,preGranulosa_I_Fetal,59,3060,5506,0.0193,0.0107
L4,Granulosa_sq_Fetal,"Granulosa of primordial follicle quiescent, fetal",3928,celltype_OvarySanger2026,Granulosa_sq,25,3060,5793,0.0082,0.0043
L4,Granulosa_sq_Fetal,"Granulosa of primordial follicle quiescent, fetal",3928,celltype_OvarySanger2026,Granulosa_AMH_atr,10,3060,2721,0.0033,0.0037
L4,Granulosa_sq_Fetal,"Granulosa of primordial follicle quiescent, fetal",3928,celltype_OvarySanger2026,Granulosa_sq_atr,9,3060,2839,0.0029,0.0032
L4,Granulosa_sq_Fetal,"Granulosa of primordial follicle quiescent, fetal",3928,celltype_OvarySanger2026,OSE_Fetal,9,3060,4369,0.0029,0.0021
L4,Granulosa_sq_Fetal,"Granulosa of primordial follicle quiescent, fetal",3928,celltype_OvarySanger2026,Stroma_Fetal,2,3060,15369,0.0007,0.0001
L4,Granulosa_sq_Fetal,"Granulosa of primordial follicle quiescent, fetal",3928,celltype_OvarySanger2026,Fallopian_SMCs_Fetal,1,3060,2339,0.0003,0.0004
L4,Granulosa_sq_Fetal,"Granulosa of primordial follicle quiescent, fetal",3928,celltype_OvarySanger2026,Granulosa_AMH_cycling,1,3060,5506,0.0003,0.0002
L4,Granulosa_sq_Fetal,"Granulosa of primordial follicle quiescent, fetal",3928,celltype_OvarySanger2026,RepTract_prePV_Fetal,1,3060,5285,0.0003,0.0002
L4,Immune_ASDC,Plasmacytoid DC AXL+ SIGLEC6+,69,celltype_OvarySanger2026,Immune_Dendritic,1,1,163,1.0,0.0061
L4,Immune_ASDC,Plasmacytoid DC AXL+ SIGLEC6+,69,celltype_Weigert2025,macrophage,1,1,5151,1.0,0.0002
L4,Immune_BasoEosino,Basophils and eosinophils,40,celltype_Ulrich2022,mast cell,9,9,1355,1.0,0.0066
L4,Immune_BasoEosino,Basophils and eosinophils,40,celltype_Ulrich2024,Res-Mem-T,1,1,58,1.0,0.0172
L4,Immune_BasoEosino,Basophils and eosinophils,40,celltype_Weigert2025,mast cell,1,1,592,1.0,0.0017
L4,Immune_CD4_NaiveT,CD4+ naive T,6169,celltype_GarciaAlonso2021,Lymphoid,30,30,1281,1.0,0.0234
L4,Immune_CD4_NaiveT,CD4+ naive T,6169,celltype_GarciaAlonso2022,Immune,33,33,1802,1.0,0.0183
L4,Immune_CD4_NaiveT,CD4+ naive T,6169,celltype_HECA,Immune_Lymphoid,118,118,17740,1.0,0.0067
L4,Immune_CD4_NaiveT,CD4+ naive T,6169,celltype_Lardenois2026,Immune,1,1,461,1.0,0.0022
L4,Immune_CD4_NaiveT,CD4+ naive T,6169,celltype_Lorenzi2025,Immune,23,23,2126,1.0,0.0108
L4,Immune_CD4_NaiveT,CD4+ naive T,6169,celltype_OvarySanger2026,Immune_Tem/Trm_CD8,26,51,951,0.5098,0.0273
L4,Immune_CD4_NaiveT,CD4+ naive T,6169,celltype_OvarySanger2026,Immune_Tcm/Naive_CD4,25,51,231,0.4902,0.1082
L4,Immune_CD4_NaiveT,CD4+ naive T,6169,celltype_Ulrich2022,mature NK T cell,35,35,5002,1.0,0.007
L4,Immune_CD4_NaiveT,CD4+ naive T,6169,celltype_Ulrich2024,TMEM-CD4,74,77,1103,0.961,0.0671
L4,Immune_CD4_NaiveT,CD4+ naive T,6169,celltype_Ulrich2024,TMEM-CD8,3,77,1575,0.039,0.0019
L4,Immune_CD4_NaiveT,CD4+ naive T,6169,celltype_Weigert2025,lymphocyte,88,88,11837,1.0,0.0074
L4,Immune_CD4_T_Unpolarised,CD4+ T unpolarised,13177,celltype_GarciaAlonso2021,Lymphoid,54,54,1281,1.0,0.0422
L4,Immune_CD4_T_Unpolarised,CD4+ T unpolarised,13177,celltype_GarciaAlonso2022,Immune,13,13,1802,1.0,0.0072
L4,Immune_CD4_T_Unpolarised,CD4+ T unpolarised,13177,celltype_HECA,Immune_Lymphoid,1780,1780,17740,1.0,0.1003
L4,Immune_CD4_T_Unpolarised,CD4+ T unpolarised,13177,celltype_Lorenzi2025,Immune,5,5,2126,1.0,0.0024
L4,Immune_CD4_T_Unpolarised,CD4+ T unpolarised,13177,celltype_OvarySanger2026,Immune_Tem/Trm_CD8,139,262,951,0.5305,0.1462
L4,Immune_CD4_T_Unpolarised,CD4+ T unpolarised,13177,celltype_OvarySanger2026,Immune_Tcm/Naive_CD4,118,262,231,0.4504,0.5108
L4,Immune_CD4_T_Unpolarised,CD4+ T unpolarised,13177,celltype_OvarySanger2026,Immune_NK_CD16+,4,262,190,0.0153,0.0211
L4,Immune_CD4_T_Unpolarised,CD4+ T unpolarised,13177,celltype_OvarySanger2026,Immune_NK_CD16-,1,262,137,0.0038,0.0073
L4,Immune_CD4_T_Unpolarised,CD4+ T unpolarised,13177,celltype_Ulrich2022,mature NK T cell,574,575,5002,0.9983,0.1148
L4,Immune_CD4_T_Unpolarised,CD4+ T unpolarised,13177,celltype_Ulrich2022,macrophage,1,575,3103,0.0017,0.0003
L4,Immune_CD4_T_Unpolarised,CD4+ T unpolarised,13177,celltype_Ulrich2024,TMEM-CD4,418,494,1103,0.8462,0.379
L4,Immune_CD4_T_Unpolarised,CD4+ T unpolarised,13177,celltype_Ulrich2024,TMEM-CD8,58,494,1575,0.1174,0.0368
L4,Immune_CD4_T_Unpolarised,CD4+ T unpolarised,13177,celltype_Ulrich2024,Mast,4,494,569,0.0081,0.007
L4,Immune_CD4_T_Unpolarised,CD4+ T unpolarised,13177,celltype_Ulrich2024,NK-cells,4,494,4506,0.0081,0.0009
L4,Immune_CD4_T_Unpolarised,CD4+ T unpolarised,13177,celltype_Ulrich2024,Hematopoietic-progenitor,3,494,452,0.0061,0.0066
L4,Immune_CD4_T_Unpolarised,CD4+ T unpolarised,13177,celltype_Ulrich2024,TReg,2,494,126,0.004,0.0159
L4,Immune_CD4_T_Unpolarised,CD4+ T unpolarised,13177,celltype_Ulrich2024,Fibrocytes,1,494,46,0.002,0.0217
L4,Immune_CD4_T_Unpolarised,CD4+ T unpolarised,13177,celltype_Ulrich2024,ILC,1,494,616,0.002,0.0016
L4,Immune_CD4_T_Unpolarised,CD4+ T unpolarised,13177,celltype_Ulrich2024,Macrophage,1,494,2630,0.002,0.0004
L4,Immune_CD4_T_Unpolarised,CD4+ T unpolarised,13177,celltype_Ulrich2024,RUNX3+_Fibroblast,1,494,23,0.002,0.0435
L4,Immune_CD4_T_Unpolarised,CD4+ T unpolarised,13177,celltype_Ulrich2024,uSMC,1,494,7719,0.002,0.0001
L4,Immune_CD4_T_Unpolarised,CD4+ T unpolarised,13177,celltype_Weigert2025,lymphocyte,1019,1021,11837,0.998,0.0861
L4,Immune_CD4_T_Unpolarised,CD4+ T unpolarised,13177,celltype_Weigert2025,stromal cell,2,1021,51072,0.002,0.0
L4,Immune_CD4_Th17,CD4+ Th17,6802,celltype_GarciaAlonso2021,Lymphoid,21,21,1281,1.0,0.0164
L4,Immune_CD4_Th17,CD4+ Th17,6802,celltype_GarciaAlonso2022,Immune,3,3,1802,1.0,0.0017
L4,Immune_CD4_Th17,CD4+ Th17,6802,celltype_HECA,Immune_Lymphoid,245,247,17740,0.9919,0.0138
L4,Immune_CD4_Th17,CD4+ Th17,6802,celltype_HECA,Immune_Myeloid,2,247,2097,0.0081,0.001
L4,Immune_CD4_Th17,CD4+ Th17,6802,celltype_OvarySanger2026,Immune_Tem/Trm_CD8,102,128,951,0.7969,0.1073
L4,Immune_CD4_Th17,CD4+ Th17,6802,celltype_OvarySanger2026,Immune_Tcm/Naive_CD4,25,128,231,0.1953,0.1082
L4,Immune_CD4_Th17,CD4+ Th17,6802,celltype_OvarySanger2026,Immune_NK_CD16-,1,128,137,0.0078,0.0073
L4,Immune_CD4_Th17,CD4+ Th17,6802,celltype_Ulrich2022,mature NK T cell,906,906,5002,1.0,0.1811
L4,Immune_CD4_Th17,CD4+ Th17,6802,celltype_Ulrich2024,TMEM-CD4,239,249,1103,0.9598,0.2167
L4,Immune_CD4_Th17,CD4+ Th17,6802,celltype_Ulrich2024,Mast,8,249,569,0.0321,0.0141
L4,Immune_CD4_Th17,CD4+ Th17,6802,celltype_Ulrich2024,TMEM-CD8,2,249,1575,0.008,0.0013
L4,Immune_CD4_Th17,CD4+ Th17,6802,celltype_Weigert2025,lymphocyte,2329,2333,11837,0.9983,0.1968
L4,Immune_CD4_Th17,CD4+ Th17,6802,celltype_Weigert2025,stromal cell,4,2333,51072,0.0017,0.0001
L4,Immune_CD4_Th17_SCMlike,CD4+ Th17 stem memory-like,5130,celltype_GarciaAlonso2021,Lymphoid,44,44,1281,1.0,0.0343
L4,Immune_CD4_Th17_SCMlike,CD4+ Th17 stem memory-like,5130,celltype_GarciaAlonso2022,Immune,1,1,1802,1.0,0.0006
L4,Immune_CD4_Th17_SCMlike,CD4+ Th17 stem memory-like,5130,celltype_HECA,Immune_Lymphoid,155,155,17740,1.0,0.0087
L4,Immune_CD4_Th17_SCMlike,CD4+ Th17 stem memory-like,5130,celltype_Lorenzi2025,Immune,12,12,2126,1.0,0.0056
L4,Immune_CD4_Th17_SCMlike,CD4+ Th17 stem memory-like,5130,celltype_OvarySanger2026,Immune_Tem/Trm_CD8,19,29,951,0.6552,0.02
L4,Immune_CD4_Th17_SCMlike,CD4+ Th17 stem memory-like,5130,celltype_OvarySanger2026,Immune_Tcm/Naive_CD4,10,29,231,0.3448,0.0433
L4,Immune_CD4_Th17_SCMlike,CD4+ Th17 stem memory-like,5130,celltype_Ulrich2022,mature NK T cell,107,108,5002,0.9907,0.0214
L4,Immune_CD4_Th17_SCMlike,CD4+ Th17 stem memory-like,5130,celltype_Ulrich2022,macrophage,1,108,3103,0.0093,0.0003
L4,Immune_CD4_Th17_SCMlike,CD4+ Th17 stem memory-like,5130,celltype_Ulrich2024,TMEM-CD4,120,125,1103,0.96,0.1088
L4,Immune_CD4_Th17_SCMlike,CD4+ Th17 stem memory-like,5130,celltype_Ulrich2024,TMEM-CD8,3,125,1575,0.024,0.0019
L4,Immune_CD4_Th17_SCMlike,CD4+ Th17 stem memory-like,5130,celltype_Ulrich2024,Mast,1,125,569,0.008,0.0018
L4,Immune_CD4_Th17_SCMlike,CD4+ Th17 stem memory-like,5130,celltype_Ulrich2024,TReg,1,125,126,0.008,0.0079
L4,Immune_CD4_Th17_SCMlike,CD4+ Th17 stem memory-like,5130,celltype_Weigert2025,lymphocyte,123,123,11837,1.0,0.0104
L4,Immune_CD4_Treg,CD4+ regulatory T,3695,celltype_GarciaAlonso2021,Lymphoid,29,29,1281,1.0,0.0226
L4,Immune_CD4_Treg,CD4+ regulatory T,3695,celltype_GarciaAlonso2022,Immune,4,4,1802,1.0,0.0022
L4,Immune_CD4_Treg,CD4+ regulatory T,3695,celltype_HECA,Immune_Lymphoid,495,495,17740,1.0,0.0279
L4,Immune_CD4_Treg,CD4+ regulatory T,3695,celltype_Lorenzi2025,Immune,2,2,2126,1.0,0.0009
L4,Immune_CD4_Treg,CD4+ regulatory T,3695,celltype_OvarySanger2026,Immune_Tcm/Naive_CD4,13,17,231,0.7647,0.0563
L4,Immune_CD4_Treg,CD4+ regulatory T,3695,celltype_OvarySanger2026,Immune_Tem/Trm_CD8,4,17,951,0.2353,0.0042
L4,Immune_CD4_Treg,CD4+ regulatory T,3695,celltype_Ulrich2022,mature NK T cell,27,27,5002,1.0,0.0054
L4,Immune_CD4_Treg,CD4+ regulatory T,3695,celltype_Ulrich2024,TReg,122,163,126,0.7485,0.9683
L4,Immune_CD4_Treg,CD4+ regulatory T,3695,celltype_Ulrich2024,TMEM-CD4,38,163,1103,0.2331,0.0345
L4,Immune_CD4_Treg,CD4+ regulatory T,3695,celltype_Ulrich2024,B-cells,1,163,118,0.0061,0.0085
L4,Immune_CD4_Treg,CD4+ regulatory T,3695,celltype_Ulrich2024,Hematopoietic-progenitor,1,163,452,0.0061,0.0022
L4,Immune_CD4_Treg,CD4+ regulatory T,3695,celltype_Ulrich2024,NK-cells,1,163,4506,0.0061,0.0002
L4,Immune_CD4_Treg,CD4+ regulatory T,3695,celltype_Weigert2025,lymphocyte,166,167,11837,0.994,0.014
L4,Immune_CD4_Treg,CD4+ regulatory T,3695,celltype_Weigert2025,fallopian tube secretory epithelial cell,1,167,3364,0.006,0.0003
L4,Immune_CD4_Treg_Cyc,CD4+ regulatory T cycling,114,celltype_GarciaAlonso2021,Lymphoid,4,4,1281,1.0,0.0031
L4,Immune_CD4_Treg_Cyc,CD4+ regulatory T cycling,114,celltype_HECA,Immune_Lymphoid,9,9,17740,1.0,0.0005
L4,Immune_CD4_Treg_Cyc,CD4+ regulatory T cycling,114,celltype_Ulrich2024,TMEM-CD4,3,4,1103,0.75,0.0027
L4,Immune_CD4_Treg_Cyc,CD4+ regulatory T cycling,114,celltype_Ulrich2024,Hematopoietic-progenitor,1,4,452,0.25,0.0022
L4,Immune_CD4_Treg_Cyc,CD4+ regulatory T cycling,114,celltype_Weigert2025,lymphocyte,2,2,11837,1.0,0.0002
L4,Immune_CD8_NaiveT,CD8+ naive T,2551,celltype_GarciaAlonso2021,Lymphoid,7,7,1281,1.0,0.0055
L4,Immune_CD8_NaiveT,CD8+ naive T,2551,celltype_GarciaAlonso2022,Immune,12,12,1802,1.0,0.0067
L4,Immune_CD8_NaiveT,CD8+ naive T,2551,celltype_HECA,Immune_Lymphoid,49,51,17740,0.9608,0.0028
L4,Immune_CD8_NaiveT,CD8+ naive T,2551,celltype_HECA,Immune_Myeloid,2,51,2097,0.0392,0.001
L4,Immune_CD8_NaiveT,CD8+ naive T,2551,celltype_Lorenzi2025,Immune,19,19,2126,1.0,0.0089
L4,Immune_CD8_NaiveT,CD8+ naive T,2551,celltype_OvarySanger2026,Immune_Tem/Trm_CD8,14,20,951,0.7,0.0147
L4,Immune_CD8_NaiveT,CD8+ naive T,2551,celltype_OvarySanger2026,Immune_Tcm/Naive_CD4,5,20,231,0.25,0.0216
L4,Immune_CD8_NaiveT,CD8+ naive T,2551,celltype_OvarySanger2026,Immune_NK_CD16+,1,20,190,0.05,0.0053
L4,Immune_CD8_NaiveT,CD8+ naive T,2551,celltype_Ulrich2022,mature NK T cell,19,25,5002,0.76,0.0038
L4,Immune_CD8_NaiveT,CD8+ naive T,2551,celltype_Ulrich2022,macrophage,6,25,3103,0.24,0.0019
L4,Immune_CD8_NaiveT,CD8+ naive T,2551,celltype_Ulrich2024,TMEM-CD8,11,19,1575,0.5789,0.007
L4,Immune_CD8_NaiveT,CD8+ naive T,2551,celltype_Ulrich2024,TMEM-CD4,6,19,1103,0.3158,0.0054
L4,Immune_CD8_NaiveT,CD8+ naive T,2551,celltype_Ulrich2024,Fibrocytes,1,19,46,0.0526,0.0217
L4,Immune_CD8_NaiveT,CD8+ naive T,2551,celltype_Ulrich2024,NK-cells,1,19,4506,0.0526,0.0002
L4,Immune_CD8_NaiveT,CD8+ naive T,2551,celltype_Weigert2025,lymphocyte,23,24,11837,0.9583,0.0019
L4,Immune_CD8_NaiveT,CD8+ naive T,2551,celltype_Weigert2025,peg cell,1,24,4600,0.0417,0.0002
L4,Immune_CD8_T_EM,CD8+ effector memory T,4022,celltype_GarciaAlonso2021,Lymphoid,2,2,1281,1.0,0.0016
L4,Immune_CD8_T_EM,CD8+ effector memory T,4022,celltype_GarciaAlonso2022,Immune,1,1,1802,1.0,0.0006
L4,Immune_CD8_T_EM,CD8+ effector memory T,4022,celltype_HECA,Immune_Lymphoid,252,252,17740,1.0,0.0142
L4,Immune_CD8_T_EM,CD8+ effector memory T,4022,celltype_Lorenzi2025,Immune,1,1,2126,1.0,0.0005
L4,Immune_CD8_T_EM,CD8+ effector memory T,4022,celltype_OvarySanger2026,Immune_Tem/Trm_CD8,108,112,951,0.9643,0.1136
L4,Immune_CD8_T_EM,CD8+ effector memory T,4022,celltype_OvarySanger2026,Immune_NK_CD16+,4,112,190,0.0357,0.0211
L4,Immune_CD8_T_EM,CD8+ effector memory T,4022,celltype_Ulrich2022,mature NK T cell,74,74,5002,1.0,0.0148
L4,Immune_CD8_T_EM,CD8+ effector memory T,4022,celltype_Ulrich2024,TMEM-CD8,95,155,1575,0.6129,0.0603
L4,Immune_CD8_T_EM,CD8+ effector memory T,4022,celltype_Ulrich2024,NK-cells,52,155,4506,0.3355,0.0115
L4,Immune_CD8_T_EM,CD8+ effector memory T,4022,celltype_Ulrich2024,TMEM-CD4,6,155,1103,0.0387,0.0054
L4,Immune_CD8_T_EM,CD8+ effector memory T,4022,celltype_Ulrich2024,Hematopoietic-progenitor,1,155,452,0.0065,0.0022
L4,Immune_CD8_T_EM,CD8+ effector memory T,4022,celltype_Ulrich2024,Macrophage,1,155,2630,0.0065,0.0004
L4,Immune_CD8_T_EM,CD8+ effector memory T,4022,celltype_Weigert2025,lymphocyte,141,141,11837,1.0,0.0119
L4,Immune_CD8_T_RM,CD8+ tissue-resident memory T,15131,celltype_GarciaAlonso2021,Lymphoid,36,36,1281,1.0,0.0281
L4,Immune_CD8_T_RM,CD8+ tissue-resident memory T,15131,celltype_HECA,Immune_Lymphoid,791,794,17740,0.9962,0.0446
L4,Immune_CD8_T_RM,CD8+ tissue-resident memory T,15131,celltype_HECA,Immune_Myeloid,3,794,2097,0.0038,0.0014
L4,Immune_CD8_T_RM,CD8+ tissue-resident memory T,15131,celltype_Lorenzi2025,Immune,1,1,2126,1.0,0.0005
L4,Immune_CD8_T_RM,CD8+ tissue-resident memory T,15131,celltype_OvarySanger2026,Immune_Tem/Trm_CD8,79,82,951,0.9634,0.0831
L4,Immune_CD8_T_RM,CD8+ tissue-resident memory T,15131,celltype_OvarySanger2026,Immune_Tcm/Naive_CD4,3,82,231,0.0366,0.013
L4,Immune_CD8_T_RM,CD8+ tissue-resident memory T,15131,celltype_Ulrich2022,mature NK T cell,949,950,5002,0.9989,0.1897
L4,Immune_CD8_T_RM,CD8+ tissue-resident memory T,15131,celltype_Ulrich2022,macrophage,1,950,3103,0.0011,0.0003
L4,Immune_CD8_T_RM,CD8+ tissue-resident memory T,15131,celltype_Ulrich2024,TMEM-CD8,415,477,1575,0.87,0.2635
L4,Immune_CD8_T_RM,CD8+ tissue-resident memory T,15131,celltype_Ulrich2024,TMEM-CD4,39,477,1103,0.0818,0.0354
L4,Immune_CD8_T_RM,CD8+ tissue-resident memory T,15131,celltype_Ulrich2024,NK-cells,8,477,4506,0.0168,0.0018
L4,Immune_CD8_T_RM,CD8+ tissue-resident memory T,15131,celltype_Ulrich2024,Hematopoietic-progenitor,7,477,452,0.0147,0.0155
L4,Immune_CD8_T_RM,CD8+ tissue-resident memory T,15131,celltype_Ulrich2024,Mast,2,477,569,0.0042,0.0035
L4,Immune_CD8_T_RM,CD8+ tissue-resident memory T,15131,celltype_Ulrich2024,RUNX3+_Fibroblast,2,477,23,0.0042,0.087
L4,Immune_CD8_T_RM,CD8+ tissue-resident memory T,15131,celltype_Ulrich2024,Res-Mem-T,2,477,58,0.0042,0.0345
L4,Immune_CD8_T_RM,CD8+ tissue-resident memory T,15131,celltype_Ulrich2024,Fibrocytes,1,477,46,0.0021,0.0217
L4,Immune_CD8_T_RM,CD8+ tissue-resident memory T,15131,celltype_Ulrich2024,Macrophage,1,477,2630,0.0021,0.0004
L4,Immune_CD8_T_RM,CD8+ tissue-resident memory T,15131,celltype_Weigert2025,lymphocyte,3151,3153,11837,0.9994,0.2662
L4,Immune_CD8_T_RM,CD8+ tissue-resident memory T,15131,celltype_Weigert2025,stromal cell,2,3153,51072,0.0006,0.0
L4,Immune_CD8_T_RM_GZMKhi,CD8+ tissue-resident memory T GZMKhi,25502,celltype_GarciaAlonso2021,Lymphoid,80,80,1281,1.0,0.0625
L4,Immune_CD8_T_RM_GZMKhi,CD8+ tissue-resident memory T GZMKhi,25502,celltype_GarciaAlonso2022,Immune,3,3,1802,1.0,0.0017
L4,Immune_CD8_T_RM_GZMKhi,CD8+ tissue-resident memory T GZMKhi,25502,celltype_HECA,Immune_Lymphoid,3178,3179,17740,0.9997,0.1791
L4,Immune_CD8_T_RM_GZMKhi,CD8+ tissue-resident memory T GZMKhi,25502,celltype_HECA,Immune_Myeloid,1,3179,2097,0.0003,0.0005
L4,Immune_CD8_T_RM_GZMKhi,CD8+ tissue-resident memory T GZMKhi,25502,celltype_Lardenois2026,Immune,1,1,461,1.0,0.0022
L4,Immune_CD8_T_RM_GZMKhi,CD8+ tissue-resident memory T GZMKhi,25502,celltype_Lorenzi2025,Immune,9,9,2126,1.0,0.0042
L4,Immune_CD8_T_RM_GZMKhi,CD8+ tissue-resident memory T GZMKhi,25502,celltype_OvarySanger2026,Immune_Tem/Trm_CD8,254,264,951,0.9621,0.2671
L4,Immune_CD8_T_RM_GZMKhi,CD8+ tissue-resident memory T GZMKhi,25502,celltype_OvarySanger2026,Immune_Tcm/Naive_CD4,6,264,231,0.0227,0.026
L4,Immune_CD8_T_RM_GZMKhi,CD8+ tissue-resident memory T GZMKhi,25502,celltype_OvarySanger2026,Immune_NK_CD16-,4,264,137,0.0152,0.0292
L4,Immune_CD8_T_RM_GZMKhi,CD8+ tissue-resident memory T GZMKhi,25502,celltype_Ulrich2022,mature NK T cell,1116,1117,5002,0.9991,0.2231
L4,Immune_CD8_T_RM_GZMKhi,CD8+ tissue-resident memory T GZMKhi,25502,celltype_Ulrich2022,macrophage,1,1117,3103,0.0009,0.0003
L4,Immune_CD8_T_RM_GZMKhi,CD8+ tissue-resident memory T GZMKhi,25502,celltype_Ulrich2024,TMEM-CD8,829,1026,1575,0.808,0.5263
L4,Immune_CD8_T_RM_GZMKhi,CD8+ tissue-resident memory T GZMKhi,25502,celltype_Ulrich2024,TMEM-CD4,84,1026,1103,0.0819,0.0762
L4,Immune_CD8_T_RM_GZMKhi,CD8+ tissue-resident memory T GZMKhi,25502,celltype_Ulrich2024,NK-cells,39,1026,4506,0.038,0.0087
L4,Immune_CD8_T_RM_GZMKhi,CD8+ tissue-resident memory T GZMKhi,25502,celltype_Ulrich2024,Hematopoietic-progenitor,28,1026,452,0.0273,0.0619
L4,Immune_CD8_T_RM_GZMKhi,CD8+ tissue-resident memory T GZMKhi,25502,celltype_Ulrich2024,Mast,26,1026,569,0.0253,0.0457
L4,Immune_CD8_T_RM_GZMKhi,CD8+ tissue-resident memory T GZMKhi,25502,celltype_Ulrich2024,Macrophage,6,1026,2630,0.0058,0.0023
L4,Immune_CD8_T_RM_GZMKhi,CD8+ tissue-resident memory T GZMKhi,25502,celltype_Ulrich2024,Res-Mem-T,6,1026,58,0.0058,0.1034
L4,Immune_CD8_T_RM_GZMKhi,CD8+ tissue-resident memory T GZMKhi,25502,celltype_Ulrich2024,RUNX3+_Fibroblast,3,1026,23,0.0029,0.1304
L4,Immune_CD8_T_RM_GZMKhi,CD8+ tissue-resident memory T GZMKhi,25502,celltype_Ulrich2024,Tissue-resident-vascular-progenitor,2,1026,203,0.0019,0.0099
L4,Immune_CD8_T_RM_GZMKhi,CD8+ tissue-resident memory T GZMKhi,25502,celltype_Ulrich2024,Fibrocytes,1,1026,46,0.001,0.0217
L4,Immune_CD8_T_RM_GZMKhi,CD8+ tissue-resident memory T GZMKhi,25502,celltype_Ulrich2024,ILC,1,1026,616,0.001,0.0016
L4,Immune_CD8_T_RM_GZMKhi,CD8+ tissue-resident memory T GZMKhi,25502,celltype_Ulrich2024,dS2,1,1026,23111,0.001,0.0
L4,Immune_CD8_T_RM_GZMKhi,CD8+ tissue-resident memory T GZMKhi,25502,celltype_Weigert2025,lymphocyte,2304,2309,11837,0.9978,0.1946
L4,Immune_CD8_T_RM_GZMKhi,CD8+ tissue-resident memory T GZMKhi,25502,celltype_Weigert2025,stromal cell,4,2309,51072,0.0017,0.0001
L4,Immune_CD8_T_RM_GZMKhi,CD8+ tissue-resident memory T GZMKhi,25502,celltype_Weigert2025,ciliated epithelial cell,1,2309,5184,0.0004,0.0002
L4,Immune_EarlyMidErythroid,Early- and mid-erythroid,55,celltype_GarciaAlonso2022,Erythroid,1,1,3,1.0,0.3333
L4,Immune_EarlyMidErythroid,Early- and mid-erythroid,55,celltype_Lardenois2026,Erythrocyte,2,2,4,1.0,0.5
L4,Immune_EarlyMidErythroid,Early- and mid-erythroid,55,celltype_Lorenzi2025,Erythroid,14,14,18,1.0,0.7778
L4,Immune_HPC,Haematopoietic progenitors,211,celltype_GarciaAlonso2022,Immune,27,27,1802,1.0,0.015
L4,Immune_HPC,Haematopoietic progenitors,211,celltype_Lardenois2026,Immune,3,3,461,1.0,0.0065
L4,Immune_HPC,Haematopoietic progenitors,211,celltype_Lorenzi2025,Immune,37,38,2126,0.9737,0.0174
L4,Immune_HPC,Haematopoietic progenitors,211,celltype_Lorenzi2025,Uterus/Cervix Epi,1,38,7381,0.0263,0.0001
L4,Immune_HPC,Haematopoietic progenitors,211,celltype_OvarySanger2026,Immune_B_naive,1,2,115,0.5,0.0087
L4,Immune_HPC,Haematopoietic progenitors,211,celltype_OvarySanger2026,Immune_Tcm/Naive_CD4,1,2,231,0.5,0.0043
L4,Immune_HPC,Haematopoietic progenitors,211,celltype_Ulrich2022,mature NK T cell,1,1,5002,1.0,0.0002
L4,Immune_ILC3_NCRhi,ILC3 NKp44+,2517,celltype_GarciaAlonso2021,Lymphoid,74,74,1281,1.0,0.0578
L4,Immune_ILC3_NCRhi,ILC3 NKp44+,2517,celltype_GarciaAlonso2022,Immune,23,23,1802,1.0,0.0128
L4,Immune_ILC3_NCRhi,ILC3 NKp44+,2517,celltype_HECA,Immune_Lymphoid,544,545,17740,0.9982,0.0307
L4,Immune_ILC3_NCRhi,ILC3 NKp44+,2517,celltype_HECA,Immune_Myeloid,1,545,2097,0.0018,0.0005
L4,Immune_ILC3_NCRhi,ILC3 NKp44+,2517,celltype_Lardenois2026,Immune,19,19,461,1.0,0.0412
L4,Immune_ILC3_NCRhi,ILC3 NKp44+,2517,celltype_Lorenzi2025,Immune,58,58,2126,1.0,0.0273
L4,Immune_ILC3_NCRhi,ILC3 NKp44+,2517,celltype_OvarySanger2026,Immune_Tem/Trm_CD8,11,18,951,0.6111,0.0116
L4,Immune_ILC3_NCRhi,ILC3 NKp44+,2517,celltype_OvarySanger2026,Immune_Tcm/Naive_CD4,5,18,231,0.2778,0.0216
L4,Immune_ILC3_NCRhi,ILC3 NKp44+,2517,celltype_OvarySanger2026,Immune_NK_CD16-,2,18,137,0.1111,0.0146
L4,Immune_ILC3_NCRhi,ILC3 NKp44+,2517,celltype_Ulrich2022,mature NK T cell,36,36,5002,1.0,0.0072
L4,Immune_ILC3_NCRhi,ILC3 NKp44+,2517,celltype_Ulrich2024,ILC,583,623,616,0.9358,0.9464
L4,Immune_ILC3_NCRhi,ILC3 NKp44+,2517,celltype_Ulrich2024,Hematopoietic-progenitor,17,623,452,0.0273,0.0376
L4,Immune_ILC3_NCRhi,ILC3 NKp44+,2517,celltype_Ulrich2024,Mast,15,623,569,0.0241,0.0264
L4,Immune_ILC3_NCRhi,ILC3 NKp44+,2517,celltype_Ulrich2024,TMEM-CD4,3,623,1103,0.0048,0.0027
L4,Immune_ILC3_NCRhi,ILC3 NKp44+,2517,celltype_Ulrich2024,Res-Mem-T,2,623,58,0.0032,0.0345
L4,Immune_ILC3_NCRhi,ILC3 NKp44+,2517,celltype_Ulrich2024,Fibrocytes,1,623,46,0.0016,0.0217
L4,Immune_ILC3_NCRhi,ILC3 NKp44+,2517,celltype_Ulrich2024,Macrophage,1,623,2630,0.0016,0.0004
L4,Immune_ILC3_NCRhi,ILC3 NKp44+,2517,celltype_Ulrich2024,RUNX3+_Fibroblast,1,623,23,0.0016,0.0435
L4,Immune_ILC3_NCRhi,ILC3 NKp44+,2517,celltype_Weigert2025,lymphocyte,171,172,11837,0.9942,0.0144
L4,Immune_ILC3_NCRhi,ILC3 NKp44+,2517,celltype_Weigert2025,plasma cell,1,172,1301,0.0058,0.0008
L4,Immune_ILC3_NCRlo,ILC3 NKp44-,321,celltype_GarciaAlonso2021,Lymphoid,10,10,1281,1.0,0.0078
L4,Immune_ILC3_NCRlo,ILC3 NKp44-,321,celltype_HECA,Immune_Lymphoid,63,63,17740,1.0,0.0036
L4,Immune_ILC3_NCRlo,ILC3 NKp44-,321,celltype_Lorenzi2025,Immune,3,3,2126,1.0,0.0014
L4,Immune_ILC3_NCRlo,ILC3 NKp44-,321,celltype_Ulrich2022,mature NK T cell,15,15,5002,1.0,0.003
L4,Immune_ILC3_NCRlo,ILC3 NKp44-,321,celltype_Ulrich2024,ILC,24,40,616,0.6,0.039
L4,Immune_ILC3_NCRlo,ILC3 NKp44-,321,celltype_Ulrich2024,Mast,7,40,569,0.175,0.0123
L4,Immune_ILC3_NCRlo,ILC3 NKp44-,321,celltype_Ulrich2024,TMEM-CD4,5,40,1103,0.125,0.0045
L4,Immune_ILC3_NCRlo,ILC3 NKp44-,321,celltype_Ulrich2024,NK-cells,2,40,4506,0.05,0.0004
L4,Immune_ILC3_NCRlo,ILC3 NKp44-,321,celltype_Ulrich2024,Hematopoietic-progenitor,1,40,452,0.025,0.0022
L4,Immune_ILC3_NCRlo,ILC3 NKp44-,321,celltype_Ulrich2024,Macrophage,1,40,2630,0.025,0.0004
L4,Immune_ILC3_NCRlo,ILC3 NKp44-,321,celltype_Weigert2025,lymphocyte,50,50,11837,1.0,0.0042
L4,Immune_ImmatureB,Immature B,387,celltype_GarciaAlonso2022,Immune,11,11,1802,1.0,0.0061
L4,Immune_ImmatureB,Immature B,387,celltype_HECA,Immune_Lymphoid,1,1,17740,1.0,0.0001
L4,Immune_ImmatureB,Immature B,387,celltype_Lorenzi2025,Immune,60,60,2126,1.0,0.0282
L4,Immune_ImmatureB,Immature B,387,celltype_OvarySanger2026,Immune_B_naive,12,12,115,1.0,0.1043
L4,Immune_LargePreB,Large pre-B,305,celltype_GarciaAlonso2022,Immune,22,22,1802,1.0,0.0122
L4,Immune_LargePreB,Large pre-B,305,celltype_Lardenois2026,Immune,2,2,461,1.0,0.0043
L4,Immune_LargePreB,Large pre-B,305,celltype_Lorenzi2025,Immune,44,44,2126,1.0,0.0207
L4,Immune_LargePreB,Large pre-B,305,celltype_OvarySanger2026,Immune_B_naive,17,17,115,1.0,0.1478
L4,Immune_LargePreB,Large pre-B,305,celltype_Weigert2025,lymphocyte,1,2,11837,0.5,0.0001
L4,Immune_LargePreB,Large pre-B,305,celltype_Weigert2025,plasma cell,1,2,1301,0.5,0.0008
L4,Immune_LateErythroid,Late erythroid,57,celltype_GarciaAlonso2022,Immune,10,10,1802,1.0,0.0055
L4,Immune_LateErythroid,Late erythroid,57,celltype_Lardenois2026,Immune,3,3,461,1.0,0.0065
L4,Immune_LateErythroid,Late erythroid,57,celltype_Lorenzi2025,Immune,3,5,2126,0.6,0.0014
L4,Immune_LateErythroid,Late erythroid,57,celltype_Lorenzi2025,Erythroid,2,5,18,0.4,0.1111
L4,Immune_LateErythroid,Late erythroid,57,celltype_OvarySanger2026,Immune_B_naive,5,7,115,0.7143,0.0435
L4,Immune_LateErythroid,Late erythroid,57,celltype_OvarySanger2026,Immune_Mac_Fetal,1,7,310,0.1429,0.0032
L4,Immune_LateErythroid,Late erythroid,57,celltype_OvarySanger2026,Immune_Tcm/Naive_CD4,1,7,231,0.1429,0.0043
L4,Immune_MAIT,Mucosal-associated invariant T,3733,celltype_GarciaAlonso2021,Lymphoid,16,16,1281,1.0,0.0125
L4,Immune_MAIT,Mucosal-associated invariant T,3733,celltype_GarciaAlonso2022,Immune,10,10,1802,1.0,0.0055
L4,Immune_MAIT,Mucosal-associated invariant T,3733,celltype_HECA,Immune_Lymphoid,111,112,17740,0.9911,0.0063
L4,Immune_MAIT,Mucosal-associated invariant T,3733,celltype_HECA,Immune_Myeloid,1,112,2097,0.0089,0.0005
L4,Immune_MAIT,Mucosal-associated invariant T,3733,celltype_Lorenzi2025,Immune,6,6,2126,1.0,0.0028
L4,Immune_MAIT,Mucosal-associated invariant T,3733,celltype_OvarySanger2026,Immune_Tem/Trm_CD8,34,44,951,0.7727,0.0358
L4,Immune_MAIT,Mucosal-associated invariant T,3733,celltype_OvarySanger2026,Immune_Tcm/Naive_CD4,9,44,231,0.2045,0.039
L4,Immune_MAIT,Mucosal-associated invariant T,3733,celltype_OvarySanger2026,Immune_NK_CD16-,1,44,137,0.0227,0.0073
L4,Immune_MAIT,Mucosal-associated invariant T,3733,celltype_Ulrich2022,mature NK T cell,478,478,5002,1.0,0.0956
L4,Immune_MAIT,Mucosal-associated invariant T,3733,celltype_Ulrich2024,TMEM-CD4,54,82,1103,0.6585,0.049
L4,Immune_MAIT,Mucosal-associated invariant T,3733,celltype_Ulrich2024,TMEM-CD8,15,82,1575,0.1829,0.0095
L4,Immune_MAIT,Mucosal-associated invariant T,3733,celltype_Ulrich2024,Mast,7,82,569,0.0854,0.0123
L4,Immune_MAIT,Mucosal-associated invariant T,3733,celltype_Ulrich2024,ILC,4,82,616,0.0488,0.0065
L4,Immune_MAIT,Mucosal-associated invariant T,3733,celltype_Ulrich2024,Fibrocytes,1,82,46,0.0122,0.0217
L4,Immune_MAIT,Mucosal-associated invariant T,3733,celltype_Ulrich2024,TReg,1,82,126,0.0122,0.0079
L4,Immune_MAIT,Mucosal-associated invariant T,3733,celltype_Weigert2025,lymphocyte,595,595,11837,1.0,0.0503
L4,Immune_MEMP,Megakaryocyte-erythroid-mast progenitors,250,celltype_GarciaAlonso2022,Immune,22,22,1802,1.0,0.0122
L4,Immune_MEMP,Megakaryocyte-erythroid-mast progenitors,250,celltype_HECA,Immune_Lymphoid,1,1,17740,1.0,0.0001
L4,Immune_MEMP,Megakaryocyte-erythroid-mast progenitors,250,celltype_Lardenois2026,Erythrocyte,1,1,4,1.0,0.25
L4,Immune_MEMP,Megakaryocyte-erythroid-mast progenitors,250,celltype_Lorenzi2025,Immune,17,17,2126,1.0,0.008
L4,Immune_MEMP,Megakaryocyte-erythroid-mast progenitors,250,celltype_Ulrich2022,macrophage,1,2,3103,0.5,0.0003
L4,Immune_MEMP,Megakaryocyte-erythroid-mast progenitors,250,celltype_Ulrich2022,mast cell,1,2,1355,0.5,0.0007
L4,Immune_MEMP,Megakaryocyte-erythroid-mast progenitors,250,celltype_Ulrich2024,Mast,1,1,569,1.0,0.0018
L4,Immune_MO_Classical,Classical monocytes,13759,celltype_GarciaAlonso2021,Myeloid,77,77,561,1.0,0.1373
L4,Immune_MO_Classical,Classical monocytes,13759,celltype_GarciaAlonso2022,Immune,118,118,1802,1.0,0.0655
L4,Immune_MO_Classical,Classical monocytes,13759,celltype_HECA,Immune_Myeloid,381,381,2097,1.0,0.1817
L4,Immune_MO_Classical,Classical monocytes,13759,celltype_Lardenois2026,Immune,25,25,461,1.0,0.0542
L4,Immune_MO_Classical,Classical monocytes,13759,celltype_Lorenzi2025,Immune,218,218,2126,1.0,0.1025
L4,Immune_MO_Classical,Classical monocytes,13759,celltype_OvarySanger2026,Immune_Monocyte,210,220,325,0.9545,0.6462
L4,Immune_MO_Classical,Classical monocytes,13759,celltype_OvarySanger2026,Immune_oLAMs_SPP1,6,220,266,0.0273,0.0226
L4,Immune_MO_Classical,Classical monocytes,13759,celltype_OvarySanger2026,Immune_oLAMs,2,220,302,0.0091,0.0066
L4,Immune_MO_Classical,Classical monocytes,13759,celltype_OvarySanger2026,Immune_Mac_Fetal,1,220,310,0.0045,0.0032
L4,Immune_MO_Classical,Classical monocytes,13759,celltype_OvarySanger2026,Immune_Mac_LYVE1,1,220,444,0.0045,0.0023
L4,Immune_MO_Classical,Classical monocytes,13759,celltype_Ulrich2022,macrophage,1564,1564,3103,1.0,0.504
L4,Immune_MO_Classical,Classical monocytes,13759,celltype_Ulrich2024,Macrophage,553,558,2630,0.991,0.2103
L4,Immune_MO_Classical,Classical monocytes,13759,celltype_Ulrich2024,Gland-sec-progenitor-A,2,558,4403,0.0036,0.0005
L4,Immune_MO_Classical,Classical monocytes,13759,celltype_Ulrich2024,Res-Mem-T,2,558,58,0.0036,0.0345
L4,Immune_MO_Classical,Classical monocytes,13759,celltype_Ulrich2024,MUC16+_Gland_sec,1,558,1447,0.0018,0.0007
L4,Immune_MO_Classical,Classical monocytes,13759,celltype_Weigert2025,macrophage,334,334,5151,1.0,0.0648
L4,Immune_MO_NonClassical,Non-classical monocytes,2122,celltype_GarciaAlonso2021,Myeloid,6,6,561,1.0,0.0107
L4,Immune_MO_NonClassical,Non-classical monocytes,2122,celltype_GarciaAlonso2022,Immune,7,7,1802,1.0,0.0039
L4,Immune_MO_NonClassical,Non-classical monocytes,2122,celltype_HECA,Immune_Myeloid,34,34,2097,1.0,0.0162
L4,Immune_MO_NonClassical,Non-classical monocytes,2122,celltype_Lardenois2026,Immune,2,2,461,1.0,0.0043
L4,Immune_MO_NonClassical,Non-classical monocytes,2122,celltype_Lorenzi2025,Immune,4,4,2126,1.0,0.0019
L4,Immune_MO_NonClassical,Non-classical monocytes,2122,celltype_OvarySanger2026,Immune_Monocyte,24,25,325,0.96,0.0738
L4,Immune_MO_NonClassical,Non-classical monocytes,2122,celltype_OvarySanger2026,Immune_Mac_Fetal,1,25,310,0.04,0.0032
L4,Immune_MO_NonClassical,Non-classical monocytes,2122,celltype_Ulrich2022,macrophage,145,145,3103,1.0,0.0467
L4,Immune_MO_NonClassical,Non-classical monocytes,2122,celltype_Ulrich2024,Macrophage,55,56,2630,0.9821,0.0209
L4,Immune_MO_NonClassical,Non-classical monocytes,2122,celltype_Ulrich2024,Fibrocytes,1,56,46,0.0179,0.0217
L4,Immune_MO_NonClassical,Non-classical monocytes,2122,celltype_Weigert2025,macrophage,64,64,5151,1.0,0.0124
L4,Immune_Mac_Cyc,Macrophages cycling,2560,celltype_GarciaAlonso2021,Myeloid,39,39,561,1.0,0.0695
L4,Immune_Mac_Cyc,Macrophages cycling,2560,celltype_GarciaAlonso2022,Immune,215,215,1802,1.0,0.1193
L4,Immune_Mac_Cyc,Macrophages cycling,2560,celltype_HECA,Immune_Myeloid,161,161,2097,1.0,0.0768
L4,Immune_Mac_Cyc,Macrophages cycling,2560,celltype_Lardenois2026,Immune,73,73,461,1.0,0.1584
L4,Immune_Mac_Cyc,Macrophages cycling,2560,celltype_Lorenzi2025,Immune,278,278,2126,1.0,0.1308
L4,Immune_Mac_Cyc,Macrophages cycling,2560,celltype_OvarySanger2026,Immune_oLAMs_SPP1,96,118,266,0.8136,0.3609
L4,Immune_Mac_Cyc,Macrophages cycling,2560,celltype_OvarySanger2026,Immune_Mac_LYVE1,12,118,444,0.1017,0.027
L4,Immune_Mac_Cyc,Macrophages cycling,2560,celltype_OvarySanger2026,Immune_Mac_Fetal,4,118,310,0.0339,0.0129
L4,Immune_Mac_Cyc,Macrophages cycling,2560,celltype_OvarySanger2026,Immune_Monocyte,4,118,325,0.0339,0.0123
L4,Immune_Mac_Cyc,Macrophages cycling,2560,celltype_OvarySanger2026,Immune_Dendritic,1,118,163,0.0085,0.0061
L4,Immune_Mac_Cyc,Macrophages cycling,2560,celltype_OvarySanger2026,Immune_oLAMs,1,118,302,0.0085,0.0033
L4,Immune_Mac_Cyc,Macrophages cycling,2560,celltype_Ulrich2022,macrophage,15,15,3103,1.0,0.0048
L4,Immune_Mac_Cyc,Macrophages cycling,2560,celltype_Ulrich2024,Macrophage,119,119,2630,1.0,0.0452
L4,Immune_Mac_Cyc,Macrophages cycling,2560,celltype_Weigert2025,macrophage,68,68,5151,1.0,0.0132
L4,Immune_Mac_LYVE1hi,Macrophages LYVE1+,16783,celltype_GarciaAlonso2021,Myeloid,167,167,561,1.0,0.2977
L4,Immune_Mac_LYVE1hi,Macrophages LYVE1+,16783,celltype_GarciaAlonso2022,Immune,721,721,1802,1.0,0.4001
L4,Immune_Mac_LYVE1hi,Macrophages LYVE1+,16783,celltype_HECA,Immune_Myeloid,600,600,2097,1.0,0.2861
L4,Immune_Mac_LYVE1hi,Macrophages LYVE1+,16783,celltype_Lardenois2026,Immune,220,220,461,1.0,0.4772
L4,Immune_Mac_LYVE1hi,Macrophages LYVE1+,16783,celltype_Lorenzi2025,Immune,675,675,2126,1.0,0.3175
L4,Immune_Mac_LYVE1hi,Macrophages LYVE1+,16783,celltype_OvarySanger2026,Immune_Mac_LYVE1,399,681,444,0.5859,0.8986
L4,Immune_Mac_LYVE1hi,Macrophages LYVE1+,16783,celltype_OvarySanger2026,Immune_Mac_Fetal,190,681,310,0.279,0.6129
L4,Immune_Mac_LYVE1hi,Macrophages LYVE1+,16783,celltype_OvarySanger2026,Immune_oLAMs_SPP1,40,681,266,0.0587,0.1504
L4,Immune_Mac_LYVE1hi,Macrophages LYVE1+,16783,celltype_OvarySanger2026,Immune_Monocyte,26,681,325,0.0382,0.08
L4,Immune_Mac_LYVE1hi,Macrophages LYVE1+,16783,celltype_OvarySanger2026,Immune_oLAMs,18,681,302,0.0264,0.0596
L4,Immune_Mac_LYVE1hi,Macrophages LYVE1+,16783,celltype_OvarySanger2026,Immune_Dendritic,7,681,163,0.0103,0.0429
L4,Immune_Mac_LYVE1hi,Macrophages LYVE1+,16783,celltype_OvarySanger2026,Immune_Tem/Trm_CD8,1,681,951,0.0015,0.0011
L4,Immune_Mac_LYVE1hi,Macrophages LYVE1+,16783,celltype_Ulrich2022,macrophage,822,822,3103,1.0,0.2649
L4,Immune_Mac_LYVE1hi,Macrophages LYVE1+,16783,celltype_Ulrich2024,Macrophage,1070,1084,2630,0.9871,0.4068
L4,Immune_Mac_LYVE1hi,Macrophages LYVE1+,16783,celltype_Ulrich2024,Fibrocytes,8,1084,46,0.0074,0.1739
L4,Immune_Mac_LYVE1hi,Macrophages LYVE1+,16783,celltype_Ulrich2024,Mast,2,1084,569,0.0018,0.0035
L4,Immune_Mac_LYVE1hi,Macrophages LYVE1+,16783,celltype_Ulrich2024,Gland-sec-progenitor-A,1,1084,4403,0.0009,0.0002
L4,Immune_Mac_LYVE1hi,Macrophages LYVE1+,16783,celltype_Ulrich2024,Gland-sec-progenitor-B,1,1084,1161,0.0009,0.0009
L4,Immune_Mac_LYVE1hi,Macrophages LYVE1+,16783,celltype_Ulrich2024,MUC16+_Gland_sec,1,1084,1447,0.0009,0.0007
L4,Immune_Mac_LYVE1hi,Macrophages LYVE1+,16783,celltype_Ulrich2024,Res-Mem-T,1,1084,58,0.0009,0.0172
L4,Immune_Mac_LYVE1hi,Macrophages LYVE1+,16783,celltype_Weigert2025,macrophage,2805,2805,5151,1.0,0.5446
L4,Immune_Mac_Transitional,Intermediate monocyte-derived macrophages,1787,celltype_GarciaAlonso2021,Myeloid,54,54,561,1.0,0.0963
L4,Immune_Mac_Transitional,Intermediate monocyte-derived macrophages,1787,celltype_GarciaAlonso2022,Immune,126,126,1802,1.0,0.0699
L4,Immune_Mac_Transitional,Intermediate monocyte-derived macrophages,1787,celltype_HECA,Immune_Myeloid,284,284,2097,1.0,0.1354
L4,Immune_Mac_Transitional,Intermediate monocyte-derived macrophages,1787,celltype_Lardenois2026,Immune,25,25,461,1.0,0.0542
L4,Immune_Mac_Transitional,Intermediate monocyte-derived macrophages,1787,celltype_Lorenzi2025,Immune,27,27,2126,1.0,0.0127
L4,Immune_Mac_Transitional,Intermediate monocyte-derived macrophages,1787,celltype_OvarySanger2026,Immune_Mac_Fetal,101,301,310,0.3355,0.3258
L4,Immune_Mac_Transitional,Intermediate monocyte-derived macrophages,1787,celltype_OvarySanger2026,Immune_oLAMs,95,301,302,0.3156,0.3146
L4,Immune_Mac_Transitional,Intermediate monocyte-derived macrophages,1787,celltype_OvarySanger2026,Immune_oLAMs_SPP1,79,301,266,0.2625,0.297
L4,Immune_Mac_Transitional,Intermediate monocyte-derived macrophages,1787,celltype_OvarySanger2026,Immune_Mac_LYVE1,22,301,444,0.0731,0.0495
L4,Immune_Mac_Transitional,Intermediate monocyte-derived macrophages,1787,celltype_OvarySanger2026,Immune_Monocyte,4,301,325,0.0133,0.0123
L4,Immune_Mac_Transitional,Intermediate monocyte-derived macrophages,1787,celltype_Ulrich2022,macrophage,10,10,3103,1.0,0.0032
L4,Immune_Mac_Transitional,Intermediate monocyte-derived macrophages,1787,celltype_Ulrich2024,Macrophage,177,180,2630,0.9833,0.0673
L4,Immune_Mac_Transitional,Intermediate monocyte-derived macrophages,1787,celltype_Ulrich2024,Fibrocytes,3,180,46,0.0167,0.0652
L4,Immune_Mac_Transitional,Intermediate monocyte-derived macrophages,1787,celltype_Weigert2025,macrophage,50,51,5151,0.9804,0.0097
L4,Immune_Mac_Transitional,Intermediate monocyte-derived macrophages,1787,celltype_Weigert2025,fallopian tube secretory epithelial cell,1,51,3364,0.0196,0.0003
L4,Immune_Mast,Mast,5449,celltype_GarciaAlonso2021,Lymphoid,9,9,1281,1.0,0.007
L4,Immune_Mast,Mast,5449,celltype_GarciaAlonso2022,Immune,11,11,1802,1.0,0.0061
L4,Immune_Mast,Mast,5449,celltype_HECA,Immune_Lymphoid,401,401,17740,1.0,0.0226
L4,Immune_Mast,Mast,5449,celltype_Lardenois2026,Immune,1,1,461,1.0,0.0022
L4,Immune_Mast,Mast,5449,celltype_Lorenzi2025,Immune,34,34,2126,1.0,0.016
L4,Immune_Mast,Mast,5449,celltype_OvarySanger2026,Immune_Mast,9,9,9,1.0,1.0
L4,Immune_Mast,Mast,5449,celltype_Ulrich2022,mast cell,1342,1350,1355,0.9941,0.9904
L4,Immune_Mast,Mast,5449,celltype_Ulrich2022,macrophage,7,1350,3103,0.0052,0.0023
L4,Immune_Mast,Mast,5449,celltype_Ulrich2022,mature NK T cell,1,1350,5002,0.0007,0.0002
L4,Immune_Mast,Mast,5449,celltype_Ulrich2024,Mast,485,519,569,0.9345,0.8524
L4,Immune_Mast,Mast,5449,celltype_Ulrich2024,MUC16+_Gland_sec,16,519,1447,0.0308,0.0111
L4,Immune_Mast,Mast,5449,celltype_Ulrich2024,Fibrocytes,4,519,46,0.0077,0.087
L4,Immune_Mast,Mast,5449,celltype_Ulrich2024,RUNX3+_Fibroblast,3,519,23,0.0058,0.1304
L4,Immune_Mast,Mast,5449,celltype_Ulrich2024,NK-cells,2,519,4506,0.0039,0.0004
L4,Immune_Mast,Mast,5449,celltype_Ulrich2024,TMEM-CD4,2,519,1103,0.0039,0.0018
L4,Immune_Mast,Mast,5449,celltype_Ulrich2024,Gland-sec-progenitor-A,1,519,4403,0.0019,0.0002
L4,Immune_Mast,Mast,5449,celltype_Ulrich2024,ILC,1,519,616,0.0019,0.0016
L4,Immune_Mast,Mast,5449,celltype_Ulrich2024,Macrophage,1,519,2630,0.0019,0.0004
L4,Immune_Mast,Mast,5449,celltype_Ulrich2024,Res-Mem-T,1,519,58,0.0019,0.0172
L4,Immune_Mast,Mast,5449,celltype_Ulrich2024,Sox9-Glandular,1,519,2917,0.0019,0.0003
L4,Immune_Mast,Mast,5449,celltype_Ulrich2024,TMEM-CD8,1,519,1575,0.0019,0.0006
L4,Immune_Mast,Mast,5449,celltype_Ulrich2024,aPCV,1,519,2402,0.0019,0.0004
L4,Immune_Mast,Mast,5449,celltype_Weigert2025,mast cell,589,594,592,0.9916,0.9949
L4,Immune_Mast,Mast,5449,celltype_Weigert2025,lymphocyte,3,594,11837,0.0051,0.0003
L4,Immune_Mast,Mast,5449,celltype_Weigert2025,macrophage,2,594,5151,0.0034,0.0004
L3,Immune_MegaPlat,Megakaryocytes/platelets,177,celltype_GarciaAlonso2022,Immune,51,51,1802,1.0,0.0283
L3,Immune_MegaPlat,Megakaryocytes/platelets,177,celltype_Lardenois2026,Immune,6,6,461,1.0,0.013
L3,Immune_MegaPlat,Megakaryocytes/platelets,177,celltype_Lorenzi2025,Immune,62,64,2126,0.9688,0.0292
L3,Immune_MegaPlat,Megakaryocytes/platelets,177,celltype_Lorenzi2025,Corpus Spongiosum,1,64,6065,0.0156,0.0002
L3,Immune_MegaPlat,Megakaryocytes/platelets,177,celltype_Lorenzi2025,Müllerian Mese,1,64,2592,0.0156,0.0004
L4,Immune_MemoryB,Memory B,4542,celltype_GarciaAlonso2021,Myeloid,22,28,561,0.7857,0.0392
L4,Immune_MemoryB,Memory B,4542,celltype_GarciaAlonso2021,Lymphoid,6,28,1281,0.2143,0.0047
L4,Immune_MemoryB,Memory B,4542,celltype_GarciaAlonso2022,Immune,17,17,1802,1.0,0.0094
L4,Immune_MemoryB,Memory B,4542,celltype_HECA,Immune_Lymphoid,157,157,17740,1.0,0.0089
L4,Immune_MemoryB,Memory B,4542,celltype_Lorenzi2025,Immune,5,5,2126,1.0,0.0024
L4,Immune_MemoryB,Memory B,4542,celltype_OvarySanger2026,Immune_B_naive,25,25,115,1.0,0.2174
L4,Immune_MemoryB,Memory B,4542,celltype_Ulrich2022,macrophage,17,22,3103,0.7727,0.0055
L4,Immune_MemoryB,Memory B,4542,celltype_Ulrich2022,mature NK T cell,5,22,5002,0.2273,0.001
L4,Immune_MemoryB,Memory B,4542,celltype_Ulrich2024,B-cells,49,53,118,0.9245,0.4153
L4,Immune_MemoryB,Memory B,4542,celltype_Ulrich2024,TMEM-CD8,2,53,1575,0.0377,0.0013
L4,Immune_MemoryB,Memory B,4542,celltype_Ulrich2024,MUC16+_Gland_sec,1,53,1447,0.0189,0.0007
L4,Immune_MemoryB,Memory B,4542,celltype_Ulrich2024,TMEM-CD4,1,53,1103,0.0189,0.0009
L4,Immune_MemoryB,Memory B,4542,celltype_Weigert2025,plasma cell,283,288,1301,0.9826,0.2175
L4,Immune_MemoryB,Memory B,4542,celltype_Weigert2025,lymphocyte,4,288,11837,0.0139,0.0003
L4,Immune_MemoryB,Memory B,4542,celltype_Weigert2025,macrophage,1,288,5151,0.0035,0.0002
L4,Immune_NKT_γδT_Vδ1,NKT and Vδ1+ γδT,2836,celltype_GarciaAlonso2021,Lymphoid,12,12,1281,1.0,0.0094
L4,Immune_NKT_γδT_Vδ1,NKT and Vδ1+ γδT,2836,celltype_GarciaAlonso2022,Immune,3,3,1802,1.0,0.0017
L4,Immune_NKT_γδT_Vδ1,NKT and Vδ1+ γδT,2836,celltype_HECA,Immune_Lymphoid,338,338,17740,1.0,0.0191
L4,Immune_NKT_γδT_Vδ1,NKT and Vδ1+ γδT,2836,celltype_Lorenzi2025,Immune,2,2,2126,1.0,0.0009
L4,Immune_NKT_γδT_Vδ1,NKT and Vδ1+ γδT,2836,celltype_OvarySanger2026,Immune_Tem/Trm_CD8,86,89,951,0.9663,0.0904
L4,Immune_NKT_γδT_Vδ1,NKT and Vδ1+ γδT,2836,celltype_OvarySanger2026,Immune_NK_CD16-,2,89,137,0.0225,0.0146
L4,Immune_NKT_γδT_Vδ1,NKT and Vδ1+ γδT,2836,celltype_OvarySanger2026,PV_SMC_Arterial,1,89,31802,0.0112,0.0
L4,Immune_NKT_γδT_Vδ1,NKT and Vδ1+ γδT,2836,celltype_Ulrich2022,mature NK T cell,29,29,5002,1.0,0.0058
L4,Immune_NKT_γδT_Vδ1,NKT and Vδ1+ γδT,2836,celltype_Ulrich2024,TMEM-CD8,78,120,1575,0.65,0.0495
L4,Immune_NKT_γδT_Vδ1,NKT and Vδ1+ γδT,2836,celltype_Ulrich2024,NK-cells,41,120,4506,0.3417,0.0091
L4,Immune_NKT_γδT_Vδ1,NKT and Vδ1+ γδT,2836,celltype_Ulrich2024,Hematopoietic-progenitor,1,120,452,0.0083,0.0022
L4,Immune_NKT_γδT_Vδ1,NKT and Vδ1+ γδT,2836,celltype_Weigert2025,lymphocyte,577,577,11837,1.0,0.0487
L4,Immune_NK_CD16hi,NK CD16hi CD56dim,5175,celltype_GarciaAlonso2021,Lymphoid,30,30,1281,1.0,0.0234
L4,Immune_NK_CD16hi,NK CD16hi CD56dim,5175,celltype_GarciaAlonso2022,Immune,28,28,1802,1.0,0.0155
L4,Immune_NK_CD16hi,NK CD16hi CD56dim,5175,celltype_HECA,Immune_Lymphoid,321,321,17740,1.0,0.0181
L4,Immune_NK_CD16hi,NK CD16hi CD56dim,5175,celltype_Lardenois2026,Immune,1,1,461,1.0,0.0022
L4,Immune_NK_CD16hi,NK CD16hi CD56dim,5175,celltype_Lorenzi2025,Immune,51,51,2126,1.0,0.024
L4,Immune_NK_CD16hi,NK CD16hi CD56dim,5175,celltype_OvarySanger2026,Immune_NK_CD16+,165,182,190,0.9066,0.8684
L4,Immune_NK_CD16hi,NK CD16hi CD56dim,5175,celltype_OvarySanger2026,Immune_Tem/Trm_CD8,17,182,951,0.0934,0.0179
L4,Immune_NK_CD16hi,NK CD16hi CD56dim,5175,celltype_Ulrich2022,mature NK T cell,124,124,5002,1.0,0.0248
L4,Immune_NK_CD16hi,NK CD16hi CD56dim,5175,celltype_Ulrich2024,NK-cells,184,217,4506,0.8479,0.0408
L4,Immune_NK_CD16hi,NK CD16hi CD56dim,5175,celltype_Ulrich2024,TMEM-CD8,31,217,1575,0.1429,0.0197
L4,Immune_NK_CD16hi,NK CD16hi CD56dim,5175,celltype_Ulrich2024,Fibrocytes,1,217,46,0.0046,0.0217
L4,Immune_NK_CD16hi,NK CD16hi CD56dim,5175,celltype_Ulrich2024,Hematopoietic-progenitor,1,217,452,0.0046,0.0022
L4,Immune_NK_CD16hi,NK CD16hi CD56dim,5175,celltype_Weigert2025,lymphocyte,147,147,11837,1.0,0.0124
L4,Immune_NK_CD56dim_CD16dim_SPTSSBhi,NK CD56dim CD16dim SPTSSBhi,480,celltype_GarciaAlonso2021,Lymphoid,2,2,1281,1.0,0.0016
L4,Immune_NK_CD56dim_CD16dim_SPTSSBhi,NK CD56dim CD16dim SPTSSBhi,480,celltype_HECA,Immune_Lymphoid,6,6,17740,1.0,0.0003
L4,Immune_NK_CD56dim_CD16dim_SPTSSBhi,NK CD56dim CD16dim SPTSSBhi,480,celltype_Ulrich2022,mature NK T cell,6,6,5002,1.0,0.0012
L4,Immune_NK_CD56dim_CD16dim_SPTSSBhi,NK CD56dim CD16dim SPTSSBhi,480,celltype_Ulrich2024,NK-cells,7,7,4506,1.0,0.0016
L4,Immune_NK_CD56dim_CD16dim_SPTSSBhi,NK CD56dim CD16dim SPTSSBhi,480,celltype_Weigert2025,lymphocyte,5,5,11837,1.0,0.0004
L4,Immune_NK_Cyc,NK cycling,3503,celltype_GarciaAlonso2021,Lymphoid,178,178,1281,1.0,0.139
L4,Immune_NK_Cyc,NK cycling,3503,celltype_GarciaAlonso2022,Immune,11,11,1802,1.0,0.0061
L4,Immune_NK_Cyc,NK cycling,3503,celltype_HECA,Immune_Lymphoid,858,858,17740,1.0,0.0484
L4,Immune_NK_Cyc,NK cycling,3503,celltype_Lardenois2026,Immune,13,13,461,1.0,0.0282
L4,Immune_NK_Cyc,NK cycling,3503,celltype_Lorenzi2025,Immune,15,15,2126,1.0,0.0071
L4,Immune_NK_Cyc,NK cycling,3503,celltype_OvarySanger2026,Immune_NK_CD16+,5,12,190,0.4167,0.0263
L4,Immune_NK_Cyc,NK cycling,3503,celltype_OvarySanger2026,Immune_NK_CD16-,5,12,137,0.4167,0.0365
L4,Immune_NK_Cyc,NK cycling,3503,celltype_OvarySanger2026,Immune_Tem/Trm_CD8,1,12,951,0.0833,0.0011
L4,Immune_NK_Cyc,NK cycling,3503,celltype_OvarySanger2026,Immune_oLAMs_SPP1,1,12,266,0.0833,0.0038
L4,Immune_NK_Cyc,NK cycling,3503,celltype_Ulrich2022,mature NK T cell,6,6,5002,1.0,0.0012
L4,Immune_NK_Cyc,NK cycling,3503,celltype_Ulrich2024,Hematopoietic-progenitor,256,386,452,0.6632,0.5664
L4,Immune_NK_Cyc,NK cycling,3503,celltype_Ulrich2024,NK-cells,119,386,4506,0.3083,0.0264
L4,Immune_NK_Cyc,NK cycling,3503,celltype_Ulrich2024,HMGB2-Prolif,6,386,1402,0.0155,0.0043
L4,Immune_NK_Cyc,NK cycling,3503,celltype_Ulrich2024,eS-proliferative,2,386,1386,0.0052,0.0014
L4,Immune_NK_Cyc,NK cycling,3503,celltype_Ulrich2024,ILC,1,386,616,0.0026,0.0016
L4,Immune_NK_Cyc,NK cycling,3503,celltype_Ulrich2024,PV-MYH11_CDKN1A+,1,386,10659,0.0026,0.0001
L4,Immune_NK_Cyc,NK cycling,3503,celltype_Ulrich2024,TMEM-CD4,1,386,1103,0.0026,0.0009
L4,Immune_NK_Cyc,NK cycling,3503,celltype_Weigert2025,lymphocyte,5,6,11837,0.8333,0.0004
L4,Immune_NK_Cyc,NK cycling,3503,celltype_Weigert2025,fallopian tube secretory epithelial cell,1,6,3364,0.1667,0.0003
L4,Immune_NMP_Promyelocytes,Neutrophil-myeloid progenitors and promyelocytes,286,celltype_GarciaAlonso2022,Immune,28,28,1802,1.0,0.0155
L4,Immune_NMP_Promyelocytes,Neutrophil-myeloid progenitors and promyelocytes,286,celltype_Lardenois2026,Immune,20,20,461,1.0,0.0434
L4,Immune_NMP_Promyelocytes,Neutrophil-myeloid progenitors and promyelocytes,286,celltype_Lorenzi2025,Immune,21,21,2126,1.0,0.0099
L4,Immune_NMP_Promyelocytes,Neutrophil-myeloid progenitors and promyelocytes,286,celltype_OvarySanger2026,Immune_Monocyte,4,7,325,0.5714,0.0123
L4,Immune_NMP_Promyelocytes,Neutrophil-myeloid progenitors and promyelocytes,286,celltype_OvarySanger2026,Immune_oLAMs_SPP1,3,7,266,0.4286,0.0113
L4,Immune_NMP_Promyelocytes,Neutrophil-myeloid progenitors and promyelocytes,286,celltype_Ulrich2022,macrophage,3,3,3103,1.0,0.001
L4,Immune_NaiveB,Naive B,2076,celltype_GarciaAlonso2021,Myeloid,2,2,561,1.0,0.0036
L4,Immune_NaiveB,Naive B,2076,celltype_GarciaAlonso2022,Immune,4,4,1802,1.0,0.0022
L4,Immune_NaiveB,Naive B,2076,celltype_HECA,Immune_Lymphoid,30,30,17740,1.0,0.0017
L4,Immune_NaiveB,Naive B,2076,celltype_Lorenzi2025,Immune,6,6,2126,1.0,0.0028
L4,Immune_NaiveB,Naive B,2076,celltype_OvarySanger2026,Immune_B_naive,12,12,115,1.0,0.1043
L4,Immune_NaiveB,Naive B,2076,celltype_Ulrich2022,mature NK T cell,10,19,5002,0.5263,0.002
L4,Immune_NaiveB,Naive B,2076,celltype_Ulrich2022,macrophage,9,19,3103,0.4737,0.0029
L4,Immune_NaiveB,Naive B,2076,celltype_Ulrich2024,B-cells,7,8,118,0.875,0.0593
L4,Immune_NaiveB,Naive B,2076,celltype_Ulrich2024,Macrophage,1,8,2630,0.125,0.0004
L4,Immune_NaiveB,Naive B,2076,celltype_Weigert2025,plasma cell,25,26,1301,0.9615,0.0192
L4,Immune_NaiveB,Naive B,2076,celltype_Weigert2025,lymphocyte,1,26,11837,0.0385,0.0001
L4,Immune_Neutrophils,Neutrophils,45,celltype_HECA,Immune_Myeloid,1,1,2097,1.0,0.0005
L4,Immune_Neutrophils,Neutrophils,45,celltype_Ulrich2022,macrophage,8,8,3103,1.0,0.0026
L4,Immune_Neutrophils,Neutrophils,45,celltype_Ulrich2024,Macrophage,1,1,2630,1.0,0.0004
L4,Immune_Neutrophils,Neutrophils,45,celltype_Weigert2025,macrophage,5,5,5151,1.0,0.001
L4,Immune_Plasma_κ,Plasmas κ-restricted,2314,celltype_GarciaAlonso2021,Lymphoid,2,4,1281,0.5,0.0016
L4,Immune_Plasma_κ,Plasmas κ-restricted,2314,celltype_GarciaAlonso2021,Myeloid,2,4,561,0.5,0.0036
L4,Immune_Plasma_κ,Plasmas κ-restricted,2314,celltype_HECA,Immune_Lymphoid,39,39,17740,1.0,0.0022
L4,Immune_Plasma_κ,Plasmas κ-restricted,2314,celltype_Ulrich2022,B cell,248,255,395,0.9725,0.6278
L4,Immune_Plasma_κ,Plasmas κ-restricted,2314,celltype_Ulrich2022,macrophage,7,255,3103,0.0275,0.0023
L4,Immune_Plasma_κ,Plasmas κ-restricted,2314,celltype_Ulrich2024,B-cells,34,39,118,0.8718,0.2881
L4,Immune_Plasma_κ,Plasmas κ-restricted,2314,celltype_Ulrich2024,HMGB2-Prolif,3,39,1402,0.0769,0.0021
L4,Immune_Plasma_κ,Plasmas κ-restricted,2314,celltype_Ulrich2024,Gland-sec-progenitor-A,1,39,4403,0.0256,0.0002
L4,Immune_Plasma_κ,Plasmas κ-restricted,2314,celltype_Ulrich2024,Macrophage,1,39,2630,0.0256,0.0004
L4,Immune_Plasma_κ,Plasmas κ-restricted,2314,celltype_Weigert2025,plasma cell,675,679,1301,0.9941,0.5188
L4,Immune_Plasma_κ,Plasmas κ-restricted,2314,celltype_Weigert2025,macrophage,2,679,5151,0.0029,0.0004
L4,Immune_Plasma_κ,Plasmas κ-restricted,2314,celltype_Weigert2025,lymphocyte,1,679,11837,0.0015,0.0001
L4,Immune_Plasma_κ,Plasmas κ-restricted,2314,celltype_Weigert2025,stromal cell,1,679,51072,0.0015,0.0
L4,Immune_Plasma_λ,Plasmas λ-restricted,1782,celltype_GarciaAlonso2021,Myeloid,3,3,561,1.0,0.0053
L4,Immune_Plasma_λ,Plasmas λ-restricted,1782,celltype_HECA,Immune_Lymphoid,26,26,17740,1.0,0.0015
L4,Immune_Plasma_λ,Plasmas λ-restricted,1782,celltype_Ulrich2022,B cell,146,151,395,0.9669,0.3696
L4,Immune_Plasma_λ,Plasmas λ-restricted,1782,celltype_Ulrich2022,macrophage,3,151,3103,0.0199,0.001
L4,Immune_Plasma_λ,Plasmas λ-restricted,1782,celltype_Ulrich2022,mast cell,2,151,1355,0.0132,0.0015
L4,Immune_Plasma_λ,Plasmas λ-restricted,1782,celltype_Ulrich2024,MUC16+_Gland_sec,22,41,1447,0.5366,0.0152
L4,Immune_Plasma_λ,Plasmas λ-restricted,1782,celltype_Ulrich2024,B-cells,19,41,118,0.4634,0.161
L4,Immune_Plasma_λ,Plasmas λ-restricted,1782,celltype_Weigert2025,plasma cell,277,282,1301,0.9823,0.2129
L4,Immune_Plasma_λ,Plasmas λ-restricted,1782,celltype_Weigert2025,macrophage,3,282,5151,0.0106,0.0006
L4,Immune_Plasma_λ,Plasmas λ-restricted,1782,celltype_Weigert2025,lymphocyte,1,282,11837,0.0035,0.0001
L4,Immune_Plasma_λ,Plasmas λ-restricted,1782,celltype_Weigert2025,stromal cell,1,282,51072,0.0035,0.0
L4,Immune_ProB,Pro-B,167,celltype_GarciaAlonso2022,Immune,8,8,1802,1.0,0.0044
L4,Immune_ProB,Pro-B,167,celltype_Lardenois2026,Immune,2,2,461,1.0,0.0043
L4,Immune_ProB,Pro-B,167,celltype_Lorenzi2025,Immune,12,12,2126,1.0,0.0056
L4,Immune_ProB,Pro-B,167,celltype_OvarySanger2026,Immune_B_naive,3,3,115,1.0,0.0261
L4,Immune_SmallPreB,Small pre-B,281,celltype_GarciaAlonso2022,Immune,40,40,1802,1.0,0.0222
L4,Immune_SmallPreB,Small pre-B,281,celltype_Lorenzi2025,Immune,41,41,2126,1.0,0.0193
L4,Immune_SmallPreB,Small pre-B,281,celltype_OvarySanger2026,Immune_B_naive,40,40,115,1.0,0.3478
L4,Immune_SmallPreB,Small pre-B,281,celltype_Weigert2025,plasma cell,2,3,1301,0.6667,0.0015
L4,Immune_SmallPreB,Small pre-B,281,celltype_Weigert2025,lymphocyte,1,3,11837,0.3333,0.0001
L4,Immune_T_Cyc,CD4+ CD8+ T cycling,2208,celltype_GarciaAlonso2021,Lymphoid,49,49,1281,1.0,0.0383
L4,Immune_T_Cyc,CD4+ CD8+ T cycling,2208,celltype_GarciaAlonso2022,Immune,23,23,1802,1.0,0.0128
L4,Immune_T_Cyc,CD4+ CD8+ T cycling,2208,celltype_HECA,Immune_Lymphoid,336,338,17740,0.9941,0.0189
L4,Immune_T_Cyc,CD4+ CD8+ T cycling,2208,celltype_HECA,Immune_Myeloid,2,338,2097,0.0059,0.001
L4,Immune_T_Cyc,CD4+ CD8+ T cycling,2208,celltype_Lardenois2026,Immune,2,2,461,1.0,0.0043
L4,Immune_T_Cyc,CD4+ CD8+ T cycling,2208,celltype_Lorenzi2025,Immune,9,9,2126,1.0,0.0042
L4,Immune_T_Cyc,CD4+ CD8+ T cycling,2208,celltype_OvarySanger2026,Immune_Tcm/Naive_CD4,10,23,231,0.4348,0.0433
L4,Immune_T_Cyc,CD4+ CD8+ T cycling,2208,celltype_OvarySanger2026,Immune_Tem/Trm_CD8,6,23,951,0.2609,0.0063
L4,Immune_T_Cyc,CD4+ CD8+ T cycling,2208,celltype_OvarySanger2026,Immune_NK_CD16+,4,23,190,0.1739,0.0211
L4,Immune_T_Cyc,CD4+ CD8+ T cycling,2208,celltype_OvarySanger2026,Immune_oLAMs_SPP1,2,23,266,0.087,0.0075
L4,Immune_T_Cyc,CD4+ CD8+ T cycling,2208,celltype_OvarySanger2026,Immune_NK_CD16-,1,23,137,0.0435,0.0073
L4,Immune_T_Cyc,CD4+ CD8+ T cycling,2208,celltype_Ulrich2022,mature NK T cell,13,13,5002,1.0,0.0026
L4,Immune_T_Cyc,CD4+ CD8+ T cycling,2208,celltype_Ulrich2024,Hematopoietic-progenitor,111,147,452,0.7551,0.2456
L4,Immune_T_Cyc,CD4+ CD8+ T cycling,2208,celltype_Ulrich2024,NK-cells,18,147,4506,0.1224,0.004
L4,Immune_T_Cyc,CD4+ CD8+ T cycling,2208,celltype_Ulrich2024,TMEM-CD4,5,147,1103,0.034,0.0045
L4,Immune_T_Cyc,CD4+ CD8+ T cycling,2208,celltype_Ulrich2024,TMEM-CD8,4,147,1575,0.0272,0.0025
L4,Immune_T_Cyc,CD4+ CD8+ T cycling,2208,celltype_Ulrich2024,HMGB2-Prolif,3,147,1402,0.0204,0.0021
L4,Immune_T_Cyc,CD4+ CD8+ T cycling,2208,celltype_Ulrich2024,Res-Mem-T,2,147,58,0.0136,0.0345
L4,Immune_T_Cyc,CD4+ CD8+ T cycling,2208,celltype_Ulrich2024,eS-proliferative,2,147,1386,0.0136,0.0014
L4,Immune_T_Cyc,CD4+ CD8+ T cycling,2208,celltype_Ulrich2024,ILC,1,147,616,0.0068,0.0016
L4,Immune_T_Cyc,CD4+ CD8+ T cycling,2208,celltype_Ulrich2024,Mast,1,147,569,0.0068,0.0018
L4,Immune_T_Cyc,CD4+ CD8+ T cycling,2208,celltype_Weigert2025,lymphocyte,126,141,11837,0.8936,0.0106
L4,Immune_T_Cyc,CD4+ CD8+ T cycling,2208,celltype_Weigert2025,fallopian tube secretory epithelial cell,14,141,3364,0.0993,0.0042
L4,Immune_T_Cyc,CD4+ CD8+ T cycling,2208,celltype_Weigert2025,macrophage,1,141,5151,0.0071,0.0002
L4,Immune_cDC1,Conventional DC Type 1,1073,celltype_GarciaAlonso2021,Myeloid,13,13,561,1.0,0.0232
L4,Immune_cDC1,Conventional DC Type 1,1073,celltype_GarciaAlonso2022,Immune,7,7,1802,1.0,0.0039
L4,Immune_cDC1,Conventional DC Type 1,1073,celltype_HECA,Immune_Myeloid,73,73,2097,1.0,0.0348
L4,Immune_cDC1,Conventional DC Type 1,1073,celltype_Lardenois2026,Immune,2,2,461,1.0,0.0043
L4,Immune_cDC1,Conventional DC Type 1,1073,celltype_Lorenzi2025,Immune,12,12,2126,1.0,0.0056
L4,Immune_cDC1,Conventional DC Type 1,1073,celltype_OvarySanger2026,Immune_oLAMs_SPP1,1,1,266,1.0,0.0038
L4,Immune_cDC1,Conventional DC Type 1,1073,celltype_Ulrich2022,macrophage,51,53,3103,0.9623,0.0164
L4,Immune_cDC1,Conventional DC Type 1,1073,celltype_Ulrich2022,B cell,1,53,395,0.0189,0.0025
L4,Immune_cDC1,Conventional DC Type 1,1073,celltype_Ulrich2022,mature NK T cell,1,53,5002,0.0189,0.0002
L4,Immune_cDC1,Conventional DC Type 1,1073,celltype_Ulrich2024,Macrophage,46,49,2630,0.9388,0.0175
L4,Immune_cDC1,Conventional DC Type 1,1073,celltype_Ulrich2024,TMEM-CD8,2,49,1575,0.0408,0.0013
L4,Immune_cDC1,Conventional DC Type 1,1073,celltype_Ulrich2024,Hematopoietic-progenitor,1,49,452,0.0204,0.0022
L4,Immune_cDC1,Conventional DC Type 1,1073,celltype_Weigert2025,macrophage,124,124,5151,1.0,0.0241
L4,Immune_cDC2,Conventional DC Type 2,3457,celltype_GarciaAlonso2021,Myeloid,41,41,561,1.0,0.0731
L4,Immune_cDC2,Conventional DC Type 2,3457,celltype_GarciaAlonso2022,Immune,31,31,1802,1.0,0.0172
L4,Immune_cDC2,Conventional DC Type 2,3457,celltype_HECA,Immune_Myeloid,232,232,2097,1.0,0.1106
L4,Immune_cDC2,Conventional DC Type 2,3457,celltype_Lardenois2026,Immune,7,7,461,1.0,0.0152
L4,Immune_cDC2,Conventional DC Type 2,3457,celltype_Lorenzi2025,Immune,71,71,2126,1.0,0.0334
L4,Immune_cDC2,Conventional DC Type 2,3457,celltype_OvarySanger2026,Immune_Dendritic,147,191,163,0.7696,0.9018
L4,Immune_cDC2,Conventional DC Type 2,3457,celltype_OvarySanger2026,Immune_Monocyte,24,191,325,0.1257,0.0738
L4,Immune_cDC2,Conventional DC Type 2,3457,celltype_OvarySanger2026,Immune_oLAMs_SPP1,8,191,266,0.0419,0.0301
L4,Immune_cDC2,Conventional DC Type 2,3457,celltype_OvarySanger2026,Immune_Mac_LYVE1,6,191,444,0.0314,0.0135
L4,Immune_cDC2,Conventional DC Type 2,3457,celltype_OvarySanger2026,Immune_oLAMs,3,191,302,0.0157,0.0099
L4,Immune_cDC2,Conventional DC Type 2,3457,celltype_OvarySanger2026,Immune_Mac_Fetal,2,191,310,0.0105,0.0065
L4,Immune_cDC2,Conventional DC Type 2,3457,celltype_OvarySanger2026,Immune_Tem/Trm_CD8,1,191,951,0.0052,0.0011
L4,Immune_cDC2,Conventional DC Type 2,3457,celltype_Ulrich2022,macrophage,197,197,3103,1.0,0.0635
L4,Immune_cDC2,Conventional DC Type 2,3457,celltype_Ulrich2024,Macrophage,157,158,2630,0.9937,0.0597
L4,Immune_cDC2,Conventional DC Type 2,3457,celltype_Ulrich2024,Fibrocytes,1,158,46,0.0063,0.0217
L4,Immune_cDC2,Conventional DC Type 2,3457,celltype_Weigert2025,macrophage,617,617,5151,1.0,0.1198
L4,Immune_cDC2_CD207hi,Conventional DC Type 2 CD207+,1533,celltype_GarciaAlonso2021,Myeloid,26,26,561,1.0,0.0463
L4,Immune_cDC2_CD207hi,Conventional DC Type 2 CD207+,1533,celltype_GarciaAlonso2022,Immune,10,10,1802,1.0,0.0055
L4,Immune_cDC2_CD207hi,Conventional DC Type 2 CD207+,1533,celltype_HECA,Immune_Myeloid,138,138,2097,1.0,0.0658
L4,Immune_cDC2_CD207hi,Conventional DC Type 2 CD207+,1533,celltype_Lorenzi2025,Immune,11,11,2126,1.0,0.0052
L4,Immune_cDC2_CD207hi,Conventional DC Type 2 CD207+,1533,celltype_OvarySanger2026,Immune_Dendritic,5,8,163,0.625,0.0307
L4,Immune_cDC2_CD207hi,Conventional DC Type 2 CD207+,1533,celltype_OvarySanger2026,Immune_Monocyte,2,8,325,0.25,0.0062
L4,Immune_cDC2_CD207hi,Conventional DC Type 2 CD207+,1533,celltype_OvarySanger2026,Immune_Mac_LYVE1,1,8,444,0.125,0.0023
L4,Immune_cDC2_CD207hi,Conventional DC Type 2 CD207+,1533,celltype_Ulrich2022,macrophage,34,34,3103,1.0,0.011
L4,Immune_cDC2_CD207hi,Conventional DC Type 2 CD207+,1533,celltype_Ulrich2024,Macrophage,71,72,2630,0.9861,0.027
L4,Immune_cDC2_CD207hi,Conventional DC Type 2 CD207+,1533,celltype_Ulrich2024,Mast,1,72,569,0.0139,0.0018
L4,Immune_cDC2_CD207hi,Conventional DC Type 2 CD207+,1533,celltype_Weigert2025,macrophage,138,138,5151,1.0,0.0268
L4,Immune_mregDC,Mature DC,1577,celltype_GarciaAlonso2021,Myeloid,8,8,561,1.0,0.0143
L4,Immune_mregDC,Mature DC,1577,celltype_GarciaAlonso2022,Immune,2,2,1802,1.0,0.0011
L4,Immune_mregDC,Mature DC,1577,celltype_HECA,Immune_Myeloid,40,40,2097,1.0,0.0191
L4,Immune_mregDC,Mature DC,1577,celltype_Lardenois2026,Immune,2,2,461,1.0,0.0043
L4,Immune_mregDC,Mature DC,1577,celltype_Ulrich2022,macrophage,13,13,3103,1.0,0.0042
L4,Immune_mregDC,Mature DC,1577,celltype_Ulrich2024,Macrophage,29,31,2630,0.9355,0.011
L4,Immune_mregDC,Mature DC,1577,celltype_Ulrich2024,TMEM-CD4,1,31,1103,0.0323,0.0009
L4,Immune_mregDC,Mature DC,1577,celltype_Ulrich2024,TMEM-CD8,1,31,1575,0.0323,0.0006
L4,Immune_mregDC,Mature DC,1577,celltype_Weigert2025,macrophage,27,33,5151,0.8182,0.0052
L4,Immune_mregDC,Mature DC,1577,celltype_Weigert2025,plasma cell,3,33,1301,0.0909,0.0023
L4,Immune_mregDC,Mature DC,1577,celltype_Weigert2025,lymphocyte,1,33,11837,0.0303,0.0001
L4,Immune_mregDC,Mature DC,1577,celltype_Weigert2025,peg cell,1,33,4600,0.0303,0.0002
L4,Immune_mregDC,Mature DC,1577,celltype_Weigert2025,stromal cell,1,33,51072,0.0303,0.0
L4,Immune_oLAM,Ovarian lipid-associated macrophages,321,celltype_GarciaAlonso2022,Immune,2,2,1802,1.0,0.0011
L4,Immune_oLAM,Ovarian lipid-associated macrophages,321,celltype_HECA,Immune_Myeloid,3,3,2097,1.0,0.0014
L4,Immune_oLAM,Ovarian lipid-associated macrophages,321,celltype_Lardenois2026,Immune,2,2,461,1.0,0.0043
L4,Immune_oLAM,Ovarian lipid-associated macrophages,321,celltype_Lorenzi2025,Immune,2,2,2126,1.0,0.0009
L4,Immune_oLAM,Ovarian lipid-associated macrophages,321,celltype_OvarySanger2026,Immune_oLAMs,182,203,302,0.8966,0.6026
L4,Immune_oLAM,Ovarian lipid-associated macrophages,321,celltype_OvarySanger2026,Immune_oLAMs_SPP1,16,203,266,0.0788,0.0602
L4,Immune_oLAM,Ovarian lipid-associated macrophages,321,celltype_OvarySanger2026,Immune_Mac_LYVE1,3,203,444,0.0148,0.0068
L4,Immune_oLAM,Ovarian lipid-associated macrophages,321,celltype_OvarySanger2026,Immune_Monocyte,2,203,325,0.0099,0.0062
L4,Immune_oLAM,Ovarian lipid-associated macrophages,321,celltype_Ulrich2024,Macrophage,1,1,2630,1.0,0.0004
L4,Immune_oLAM,Ovarian lipid-associated macrophages,321,celltype_Weigert2025,macrophage,13,13,5151,1.0,0.0025
L4,Immune_pDC,Plasmacytoid DC,1203,celltype_GarciaAlonso2021,Myeloid,59,59,561,1.0,0.1052
L4,Immune_pDC,Plasmacytoid DC,1203,celltype_GarciaAlonso2022,Immune,4,4,1802,1.0,0.0022
L4,Immune_pDC,Plasmacytoid DC,1203,celltype_HECA,Immune_Lymphoid,154,155,17740,0.9935,0.0087
L4,Immune_pDC,Plasmacytoid DC,1203,celltype_HECA,Immune_Myeloid,1,155,2097,0.0065,0.0005
L4,Immune_pDC,Plasmacytoid DC,1203,celltype_Lorenzi2025,Immune,7,7,2126,1.0,0.0033
L4,Immune_pDC,Plasmacytoid DC,1203,celltype_OvarySanger2026,Immune_Dendritic,1,2,163,0.5,0.0061
L4,Immune_pDC,Plasmacytoid DC,1203,celltype_OvarySanger2026,Immune_oLAMs_SPP1,1,2,266,0.5,0.0038
L4,Immune_pDC,Plasmacytoid DC,1203,celltype_Ulrich2022,macrophage,9,10,3103,0.9,0.0029
L4,Immune_pDC,Plasmacytoid DC,1203,celltype_Ulrich2022,mature NK T cell,1,10,5002,0.1,0.0002
L4,Immune_pDC,Plasmacytoid DC,1203,celltype_Ulrich2024,Macrophage,78,87,2630,0.8966,0.0297
L4,Immune_pDC,Plasmacytoid DC,1203,celltype_Ulrich2024,B-cells,8,87,118,0.092,0.0678
L4,Immune_pDC,Plasmacytoid DC,1203,celltype_Ulrich2024,Fibrocytes,1,87,46,0.0115,0.0217
L4,Immune_pDC,Plasmacytoid DC,1203,celltype_Weigert2025,plasma cell,34,41,1301,0.8293,0.0261
L4,Immune_pDC,Plasmacytoid DC,1203,celltype_Weigert2025,macrophage,6,41,5151,0.1463,0.0012
L4,Immune_pDC,Plasmacytoid DC,1203,celltype_Weigert2025,stromal cell,1,41,51072,0.0244,0.0
L4,Immune_tolDC,Tolerizing DC,47,celltype_GarciaAlonso2021,Myeloid,2,2,561,1.0,0.0036
L4,Immune_tolDC,Tolerizing DC,47,celltype_HECA,Immune_Myeloid,7,7,2097,1.0,0.0033
L4,Immune_tolDC,Tolerizing DC,47,celltype_Ulrich2022,macrophage,2,2,3103,1.0,0.0006
L4,Immune_tolDC,Tolerizing DC,47,celltype_Ulrich2024,Macrophage,6,6,2630,1.0,0.0023
L4,Immune_tolDC,Tolerizing DC,47,celltype_Weigert2025,macrophage,1,1,5151,1.0,0.0002
L4,Immune_uMac_Inf,Inflammatory uterine macrophages,23069,celltype_GarciaAlonso2021,Myeloid,17,17,561,1.0,0.0303
L4,Immune_uMac_Inf,Inflammatory uterine macrophages,23069,celltype_GarciaAlonso2022,Immune,16,16,1802,1.0,0.0089
L4,Immune_uMac_Inf,Inflammatory uterine macrophages,23069,celltype_HECA,Immune_Myeloid,44,44,2097,1.0,0.021
L4,Immune_uMac_Inf,Inflammatory uterine macrophages,23069,celltype_Lardenois2026,Immune,1,1,461,1.0,0.0022
L4,Immune_uMac_Inf,Inflammatory uterine macrophages,23069,celltype_Lorenzi2025,Immune,23,23,2126,1.0,0.0108
L4,Immune_uMac_Inf,Inflammatory uterine macrophages,23069,celltype_OvarySanger2026,Immune_Monocyte,22,37,325,0.5946,0.0677
L4,Immune_uMac_Inf,Inflammatory uterine macrophages,23069,celltype_OvarySanger2026,Immune_Mac_Fetal,7,37,310,0.1892,0.0226
L4,Immune_uMac_Inf,Inflammatory uterine macrophages,23069,celltype_OvarySanger2026,Immune_oLAMs_SPP1,5,37,266,0.1351,0.0188
L4,Immune_uMac_Inf,Inflammatory uterine macrophages,23069,celltype_OvarySanger2026,Immune_Dendritic,1,37,163,0.027,0.0061
L4,Immune_uMac_Inf,Inflammatory uterine macrophages,23069,celltype_OvarySanger2026,Immune_Tem/Trm_CD8,1,37,951,0.027,0.0011
L4,Immune_uMac_Inf,Inflammatory uterine macrophages,23069,celltype_OvarySanger2026,Immune_oLAMs,1,37,302,0.027,0.0033
L4,Immune_uMac_Inf,Inflammatory uterine macrophages,23069,celltype_Ulrich2022,macrophage,57,57,3103,1.0,0.0184
L4,Immune_uMac_Inf,Inflammatory uterine macrophages,23069,celltype_Ulrich2024,Macrophage,158,160,2630,0.9875,0.0601
L4,Immune_uMac_Inf,Inflammatory uterine macrophages,23069,celltype_Ulrich2024,Fibrocytes,1,160,46,0.0063,0.0217
L4,Immune_uMac_Inf,Inflammatory uterine macrophages,23069,celltype_Ulrich2024,Res-Mem-T,1,160,58,0.0063,0.0172
L4,Immune_uMac_Inf,Inflammatory uterine macrophages,23069,celltype_Weigert2025,macrophage,44,44,5151,1.0,0.0085
L4,Immune_uNK1,Uterine NK CD56hi CD16lo B4GALNThi,3543,celltype_GarciaAlonso2021,Lymphoid,76,76,1281,1.0,0.0593
L4,Immune_uNK1,Uterine NK CD56hi CD16lo B4GALNThi,3543,celltype_HECA,Immune_Lymphoid,687,687,17740,1.0,0.0387
L4,Immune_uNK1,Uterine NK CD56hi CD16lo B4GALNThi,3543,celltype_Ulrich2024,NK-cells,777,783,4506,0.9923,0.1724
L4,Immune_uNK1,Uterine NK CD56hi CD16lo B4GALNThi,3543,celltype_Ulrich2024,Res-Mem-T,3,783,58,0.0038,0.0517
L4,Immune_uNK1,Uterine NK CD56hi CD16lo B4GALNThi,3543,celltype_Ulrich2024,Hematopoietic-progenitor,2,783,452,0.0026,0.0044
L4,Immune_uNK1,Uterine NK CD56hi CD16lo B4GALNThi,3543,celltype_Ulrich2024,Mast,1,783,569,0.0013,0.0018
L4,Immune_uNK1,Uterine NK CD56hi CD16lo B4GALNThi,3543,celltype_Weigert2025,lymphocyte,2,2,11837,1.0,0.0002
L4,Immune_uNK2,Uterine NK CD56hi CD16lo XCLhi,12245,celltype_GarciaAlonso2021,Lymphoid,298,298,1281,1.0,0.2326
L4,Immune_uNK2,Uterine NK CD56hi CD16lo XCLhi,12245,celltype_GarciaAlonso2022,Immune,4,4,1802,1.0,0.0022
L4,Immune_uNK2,Uterine NK CD56hi CD16lo XCLhi,12245,celltype_HECA,Immune_Lymphoid,4100,4101,17740,0.9998,0.2311
L4,Immune_uNK2,Uterine NK CD56hi CD16lo XCLhi,12245,celltype_HECA,Immune_Myeloid,1,4101,2097,0.0002,0.0005
L4,Immune_uNK2,Uterine NK CD56hi CD16lo XCLhi,12245,celltype_Lardenois2026,Immune,4,4,461,1.0,0.0087
L4,Immune_uNK2,Uterine NK CD56hi CD16lo XCLhi,12245,celltype_Lorenzi2025,Immune,4,4,2126,1.0,0.0019
L4,Immune_uNK2,Uterine NK CD56hi CD16lo XCLhi,12245,celltype_OvarySanger2026,Immune_NK_CD16-,7,13,137,0.5385,0.0511
L4,Immune_uNK2,Uterine NK CD56hi CD16lo XCLhi,12245,celltype_OvarySanger2026,Immune_Tem/Trm_CD8,6,13,951,0.4615,0.0063
L4,Immune_uNK2,Uterine NK CD56hi CD16lo XCLhi,12245,celltype_Ulrich2022,mature NK T cell,27,27,5002,1.0,0.0054
L4,Immune_uNK2,Uterine NK CD56hi CD16lo XCLhi,12245,celltype_Ulrich2024,NK-cells,1731,1739,4506,0.9954,0.3842
L4,Immune_uNK2,Uterine NK CD56hi CD16lo XCLhi,12245,celltype_Ulrich2024,TMEM-CD8,3,1739,1575,0.0017,0.0019
L4,Immune_uNK2,Uterine NK CD56hi CD16lo XCLhi,12245,celltype_Ulrich2024,Hematopoietic-progenitor,2,1739,452,0.0012,0.0044
L4,Immune_uNK2,Uterine NK CD56hi CD16lo XCLhi,12245,celltype_Ulrich2024,Mast,2,1739,569,0.0012,0.0035
L4,Immune_uNK2,Uterine NK CD56hi CD16lo XCLhi,12245,celltype_Ulrich2024,TMEM-CD4,1,1739,1103,0.0006,0.0009
L4,Immune_uNK2,Uterine NK CD56hi CD16lo XCLhi,12245,celltype_Weigert2025,lymphocyte,41,42,11837,0.9762,0.0035
L4,Immune_uNK2,Uterine NK CD56hi CD16lo XCLhi,12245,celltype_Weigert2025,stromal cell,1,42,51072,0.0238,0.0
L4,Immune_uNK3,Uterine NK CD56hi CD16lo CD160hi,10688,celltype_GarciaAlonso2021,Lymphoid,165,165,1281,1.0,0.1288
L4,Immune_uNK3,Uterine NK CD56hi CD16lo CD160hi,10688,celltype_GarciaAlonso2022,Immune,78,78,1802,1.0,0.0433
L4,Immune_uNK3,Uterine NK CD56hi CD16lo CD160hi,10688,celltype_HECA,Immune_Lymphoid,2482,2482,17740,1.0,0.1399
L4,Immune_uNK3,Uterine NK CD56hi CD16lo CD160hi,10688,celltype_Lardenois2026,Immune,9,9,461,1.0,0.0195
L4,Immune_uNK3,Uterine NK CD56hi CD16lo CD160hi,10688,celltype_Lorenzi2025,Immune,71,71,2126,1.0,0.0334
L4,Immune_uNK3,Uterine NK CD56hi CD16lo CD160hi,10688,celltype_OvarySanger2026,Immune_NK_CD16-,102,145,137,0.7034,0.7445
L4,Immune_uNK3,Uterine NK CD56hi CD16lo CD160hi,10688,celltype_OvarySanger2026,Immune_Tem/Trm_CD8,36,145,951,0.2483,0.0379
L4,Immune_uNK3,Uterine NK CD56hi CD16lo CD160hi,10688,celltype_OvarySanger2026,Immune_NK_CD16+,7,145,190,0.0483,0.0368
L4,Immune_uNK3,Uterine NK CD56hi CD16lo CD160hi,10688,celltype_Ulrich2022,mature NK T cell,439,440,5002,0.9977,0.0878
L4,Immune_uNK3,Uterine NK CD56hi CD16lo CD160hi,10688,celltype_Ulrich2022,macrophage,1,440,3103,0.0023,0.0003
L4,Immune_uNK3,Uterine NK CD56hi CD16lo CD160hi,10688,celltype_Ulrich2024,NK-cells,1506,1551,4506,0.971,0.3342
L4,Immune_uNK3,Uterine NK CD56hi CD16lo CD160hi,10688,celltype_Ulrich2024,Hematopoietic-progenitor,18,1551,452,0.0116,0.0398
L4,Immune_uNK3,Uterine NK CD56hi CD16lo CD160hi,10688,celltype_Ulrich2024,TMEM-CD8,17,1551,1575,0.011,0.0108
L4,Immune_uNK3,Uterine NK CD56hi CD16lo CD160hi,10688,celltype_Ulrich2024,Mast,4,1551,569,0.0026,0.007
L4,Immune_uNK3,Uterine NK CD56hi CD16lo CD160hi,10688,celltype_Ulrich2024,Fibrocytes,2,1551,46,0.0013,0.0435
L4,Immune_uNK3,Uterine NK CD56hi CD16lo CD160hi,10688,celltype_Ulrich2024,TMEM-CD4,2,1551,1103,0.0013,0.0018
L4,Immune_uNK3,Uterine NK CD56hi CD16lo CD160hi,10688,celltype_Ulrich2024,Macrophage,1,1551,2630,0.0006,0.0004
L4,Immune_uNK3,Uterine NK CD56hi CD16lo CD160hi,10688,celltype_Ulrich2024,RUNX3+_Fibroblast,1,1551,23,0.0006,0.0435
L4,Immune_uNK3,Uterine NK CD56hi CD16lo CD160hi,10688,celltype_Weigert2025,lymphocyte,745,746,11837,0.9987,0.0629
L4,Immune_uNK3,Uterine NK CD56hi CD16lo CD160hi,10688,celltype_Weigert2025,stromal cell,1,746,51072,0.0013,0.0
L4,Immune_uftLAM,Uterine and fallopian tube lipid-associated macrophages,2760,celltype_GarciaAlonso2021,Myeloid,14,14,561,1.0,0.025
L4,Immune_uftLAM,Uterine and fallopian tube lipid-associated macrophages,2760,celltype_GarciaAlonso2022,Immune,18,18,1802,1.0,0.01
L4,Immune_uftLAM,Uterine and fallopian tube lipid-associated macrophages,2760,celltype_HECA,Immune_Myeloid,33,33,2097,1.0,0.0157
L4,Immune_uftLAM,Uterine and fallopian tube lipid-associated macrophages,2760,celltype_Lardenois2026,Immune,1,1,461,1.0,0.0022
L4,Immune_uftLAM,Uterine and fallopian tube lipid-associated macrophages,2760,celltype_Lorenzi2025,Immune,138,138,2126,1.0,0.0649
L4,Immune_uftLAM,Uterine and fallopian tube lipid-associated macrophages,2760,celltype_OvarySanger2026,Immune_oLAMs_SPP1,8,14,266,0.5714,0.0301
L4,Immune_uftLAM,Uterine and fallopian tube lipid-associated macrophages,2760,celltype_OvarySanger2026,Immune_Mac_Fetal,3,14,310,0.2143,0.0097
L4,Immune_uftLAM,Uterine and fallopian tube lipid-associated macrophages,2760,celltype_OvarySanger2026,Immune_Monocyte,3,14,325,0.2143,0.0092
L4,Immune_uftLAM,Uterine and fallopian tube lipid-associated macrophages,2760,celltype_Ulrich2022,macrophage,110,110,3103,1.0,0.0354
L4,Immune_uftLAM,Uterine and fallopian tube lipid-associated macrophages,2760,celltype_Ulrich2024,Macrophage,94,94,2630,1.0,0.0357
L4,Immune_uftLAM,Uterine and fallopian tube lipid-associated macrophages,2760,celltype_Weigert2025,macrophage,841,841,5151,1.0,0.1633
L4,Immune_γδT_Vγ9Vδ2,Vγ9/Vδ2+ γδT,781,celltype_GarciaAlonso2022,Immune,16,16,1802,1.0,0.0089
L4,Immune_γδT_Vγ9Vδ2,Vγ9/Vδ2+ γδT,781,celltype_HECA,Immune_Lymphoid,9,9,17740,1.0,0.0005
L4,Immune_γδT_Vγ9Vδ2,Vγ9/Vδ2+ γδT,781,celltype_Lardenois2026,Immune,12,12,461,1.0,0.026
L4,Immune_γδT_Vγ9Vδ2,Vγ9/Vδ2+ γδT,781,celltype_Lorenzi2025,Immune,8,8,2126,1.0,0.0038
L4,Immune_γδT_Vγ9Vδ2,Vγ9/Vδ2+ γδT,781,celltype_OvarySanger2026,Immune_NK_CD16-,11,16,137,0.6875,0.0803
L4,Immune_γδT_Vγ9Vδ2,Vγ9/Vδ2+ γδT,781,celltype_OvarySanger2026,Immune_Tem/Trm_CD8,5,16,951,0.3125,0.0053
L4,Immune_γδT_Vγ9Vδ2,Vγ9/Vδ2+ γδT,781,celltype_Ulrich2022,mature NK T cell,3,3,5002,1.0,0.0006
L4,Immune_γδT_Vγ9Vδ2,Vγ9/Vδ2+ γδT,781,celltype_Ulrich2024,TMEM-CD8,3,5,1575,0.6,0.0019
L4,Immune_γδT_Vγ9Vδ2,Vγ9/Vδ2+ γδT,781,celltype_Ulrich2024,NK-cells,2,5,4506,0.4,0.0004
L4,Immune_γδT_Vγ9Vδ2,Vγ9/Vδ2+ γδT,781,celltype_Weigert2025,lymphocyte,9,9,11837,1.0,0.0008
L3,Mesen_AdvFibs,Adventitial fibroblasts,19,celltype_GarciaAlonso2021,Fibroblast C7,3,4,678,0.75,0.0044
L3,Mesen_AdvFibs,Adventitial fibroblasts,19,celltype_GarciaAlonso2021,dS,1,4,21021,0.25,0.0
L3,Mesen_AdvFibs,Adventitial fibroblasts,19,celltype_HECA,dStromal_mid,3,3,21067,1.0,0.0001
L3,Mesen_AdvFibs,Adventitial fibroblasts,19,celltype_Ulrich2024,C7-Fibroblast,2,4,1120,0.5,0.0018
L3,Mesen_AdvFibs,Adventitial fibroblasts,19,celltype_Ulrich2024,uSMC,1,4,7719,0.25,0.0001
L3,Mesen_AdvFibs,Adventitial fibroblasts,19,celltype_Ulrich2024,dS2,1,4,23111,0.25,0.0
L4,Mesen_AdvFibsIntr,Transitioning adventitial fibroblasts,33795,celltype_GarciaAlonso2021,Fibroblast C7,546,613,678,0.8907,0.8053
L4,Mesen_AdvFibsIntr,Transitioning adventitial fibroblasts,33795,celltype_GarciaAlonso2021,dS,28,613,21021,0.0457,0.0013
L4,Mesen_AdvFibsIntr,Transitioning adventitial fibroblasts,33795,celltype_GarciaAlonso2021,uSMC,22,613,3915,0.0359,0.0056
L4,Mesen_AdvFibsIntr,Transitioning adventitial fibroblasts,33795,celltype_GarciaAlonso2021,PV STEAP4,12,613,2680,0.0196,0.0045
L4,Mesen_AdvFibsIntr,Transitioning adventitial fibroblasts,33795,celltype_GarciaAlonso2021,eS,3,613,12569,0.0049,0.0002
L4,Mesen_AdvFibsIntr,Transitioning adventitial fibroblasts,33795,celltype_GarciaAlonso2021,Other,2,613,2101,0.0033,0.001
L4,Mesen_AdvFibsIntr,Transitioning adventitial fibroblasts,33795,celltype_HECA,dStromal_mid,43,161,21067,0.2671,0.002
L4,Mesen_AdvFibsIntr,Transitioning adventitial fibroblasts,33795,celltype_HECA,uSMCs,39,161,957,0.2422,0.0408
L4,Mesen_AdvFibsIntr,Transitioning adventitial fibroblasts,33795,celltype_HECA,Fibroblast_basalis,30,161,45,0.1863,0.6667
L4,Mesen_AdvFibsIntr,Transitioning adventitial fibroblasts,33795,celltype_HECA,eStromal,27,161,35132,0.1677,0.0008
L4,Mesen_AdvFibsIntr,Transitioning adventitial fibroblasts,33795,celltype_HECA,ePV_2,14,161,3651,0.087,0.0038
L4,Mesen_AdvFibsIntr,Transitioning adventitial fibroblasts,33795,celltype_HECA,dStromal_early,3,161,5517,0.0186,0.0005
L4,Mesen_AdvFibsIntr,Transitioning adventitial fibroblasts,33795,celltype_HECA,dStromal_late,2,161,2415,0.0124,0.0008
L4,Mesen_AdvFibsIntr,Transitioning adventitial fibroblasts,33795,celltype_HECA,mPV,2,161,478,0.0124,0.0042
L4,Mesen_AdvFibsIntr,Transitioning adventitial fibroblasts,33795,celltype_HECA,Immune_Myeloid,1,161,2097,0.0062,0.0005
L4,Mesen_AdvFibsIntr,Transitioning adventitial fibroblasts,33795,celltype_OvarySanger2026,FibC3,4147,5068,5463,0.8183,0.7591
L4,Mesen_AdvFibsIntr,Transitioning adventitial fibroblasts,33795,celltype_OvarySanger2026,Stroma_InnCor,609,5068,75307,0.1202,0.0081
L4,Mesen_AdvFibsIntr,Transitioning adventitial fibroblasts,33795,celltype_OvarySanger2026,PV_Fibroblast,74,5068,1060,0.0146,0.0698
L4,Mesen_AdvFibsIntr,Transitioning adventitial fibroblasts,33795,celltype_OvarySanger2026,Stroma_Perifoll_InnCor,71,5068,26620,0.014,0.0027
L4,Mesen_AdvFibsIntr,Transitioning adventitial fibroblasts,33795,celltype_OvarySanger2026,Stroma_OutCor_Foll,51,5068,30653,0.0101,0.0017
L4,Mesen_AdvFibsIntr,Transitioning adventitial fibroblasts,33795,celltype_OvarySanger2026,Stroma_Medulla,31,5068,9919,0.0061,0.0031
L4,Mesen_AdvFibsIntr,Transitioning adventitial fibroblasts,33795,celltype_OvarySanger2026,PV_Fetal,23,5068,3555,0.0045,0.0065
L4,Mesen_AdvFibsIntr,Transitioning adventitial fibroblasts,33795,celltype_OvarySanger2026,PV_SMC_Arterial,20,5068,31802,0.0039,0.0006
L4,Mesen_AdvFibsIntr,Transitioning adventitial fibroblasts,33795,celltype_OvarySanger2026,Stroma_Perifoll_OutCor,11,5068,4095,0.0022,0.0027
L4,Mesen_AdvFibsIntr,Transitioning adventitial fibroblasts,33795,celltype_OvarySanger2026,Theca_3structural_HedgLow,10,5068,4414,0.002,0.0023
L4,Mesen_AdvFibsIntr,Transitioning adventitial fibroblasts,33795,celltype_OvarySanger2026,Theca_1perifollicular,7,5068,2568,0.0014,0.0027
L4,Mesen_AdvFibsIntr,Transitioning adventitial fibroblasts,33795,celltype_OvarySanger2026,PV_Capillary_Pericytes,3,5068,4680,0.0006,0.0006
L4,Mesen_AdvFibsIntr,Transitioning adventitial fibroblasts,33795,celltype_OvarySanger2026,Stroma_OutCor,3,5068,2898,0.0006,0.001
L4,Mesen_AdvFibsIntr,Transitioning adventitial fibroblasts,33795,celltype_OvarySanger2026,Stroma_HOXA9,2,5068,45,0.0004,0.0444
L4,Mesen_AdvFibsIntr,Transitioning adventitial fibroblasts,33795,celltype_OvarySanger2026,Theca_3structural,2,5068,2702,0.0004,0.0007
L4,Mesen_AdvFibsIntr,Transitioning adventitial fibroblasts,33795,celltype_OvarySanger2026,FibC3_other,1,5068,4,0.0002,0.25
L4,Mesen_AdvFibsIntr,Transitioning adventitial fibroblasts,33795,celltype_OvarySanger2026,Neural_Glia_Adult,1,5068,650,0.0002,0.0015
L4,Mesen_AdvFibsIntr,Transitioning adventitial fibroblasts,33795,celltype_OvarySanger2026,Theca_1perifollicular_cycling,1,5068,1367,0.0002,0.0007
L4,Mesen_AdvFibsIntr,Transitioning adventitial fibroblasts,33795,celltype_OvarySanger2026,Theca_2androgenic_pre,1,5068,640,0.0002,0.0016
L4,Mesen_AdvFibsIntr,Transitioning adventitial fibroblasts,33795,celltype_Ulrich2022,fibroblast,1010,1034,4969,0.9768,0.2033
L4,Mesen_AdvFibsIntr,Transitioning adventitial fibroblasts,33795,celltype_Ulrich2022,myofibroblast cell,22,1034,9937,0.0213,0.0022
L4,Mesen_AdvFibsIntr,Transitioning adventitial fibroblasts,33795,celltype_Ulrich2022,macrophage,1,1034,3103,0.001,0.0003
L4,Mesen_AdvFibsIntr,Transitioning adventitial fibroblasts,33795,celltype_Ulrich2022,mast cell,1,1034,1355,0.001,0.0007
L4,Mesen_AdvFibsIntr,Transitioning adventitial fibroblasts,33795,celltype_Ulrich2024,dS2,978,2244,23111,0.4358,0.0423
L4,Mesen_AdvFibsIntr,Transitioning adventitial fibroblasts,33795,celltype_Ulrich2024,C7-Fibroblast,832,2244,1120,0.3708,0.7429
L4,Mesen_AdvFibsIntr,Transitioning adventitial fibroblasts,33795,celltype_Ulrich2024,dS3,312,2244,15871,0.139,0.0197
L4,Mesen_AdvFibsIntr,Transitioning adventitial fibroblasts,33795,celltype_Ulrich2024,PV-MYH11_CDKN1A+,73,2244,10659,0.0325,0.0068
L4,Mesen_AdvFibsIntr,Transitioning adventitial fibroblasts,33795,celltype_Ulrich2024,uSMC,17,2244,7719,0.0076,0.0022
L4,Mesen_AdvFibsIntr,Transitioning adventitial fibroblasts,33795,celltype_Ulrich2024,PV-STEAP4,16,2244,3531,0.0071,0.0045
L4,Mesen_AdvFibsIntr,Transitioning adventitial fibroblasts,33795,celltype_Ulrich2024,Tissue-resident-vascular-progenitor,6,2244,203,0.0027,0.0296
L4,Mesen_AdvFibsIntr,Transitioning adventitial fibroblasts,33795,celltype_Ulrich2024,eS-proliferative,6,2244,1386,0.0027,0.0043
L4,Mesen_AdvFibsIntr,Transitioning adventitial fibroblasts,33795,celltype_Ulrich2024,dS1,3,2244,2595,0.0013,0.0012
L4,Mesen_AdvFibsIntr,Transitioning adventitial fibroblasts,33795,celltype_Ulrich2024,PV-MYH11_CDKN1A-,1,2244,6396,0.0004,0.0002
L4,Mesen_AdvFibsIntr,Transitioning adventitial fibroblasts,33795,celltype_Weigert2025,stromal cell,2828,2837,51072,0.9968,0.0554
L4,Mesen_AdvFibsIntr,Transitioning adventitial fibroblasts,33795,celltype_Weigert2025,perivascular cell,4,2837,8542,0.0014,0.0005
L4,Mesen_AdvFibsIntr,Transitioning adventitial fibroblasts,33795,celltype_Weigert2025,smooth muscle cell,3,2837,3306,0.0011,0.0009
L4,Mesen_AdvFibsIntr,Transitioning adventitial fibroblasts,33795,celltype_Weigert2025,fallopian tube secretory epithelial cell,1,2837,3364,0.0004,0.0003
L4,Mesen_AdvFibsIntr,Transitioning adventitial fibroblasts,33795,celltype_Weigert2025,peg cell,1,2837,4600,0.0004,0.0002
L4,Mesen_AdvFibs_PI16hi,Adventitial fibroblasts PI16 high,3032,celltype_GarciaAlonso2021,Fibroblast C7,5,5,678,1.0,0.0074
L4,Mesen_AdvFibs_PI16hi,Adventitial fibroblasts PI16 high,3032,celltype_OvarySanger2026,FibC3,2,2,5463,1.0,0.0004
L4,Mesen_AdvFibs_PI16hi,Adventitial fibroblasts PI16 high,3032,celltype_Ulrich2022,fibroblast,264,265,4969,0.9962,0.0531
L4,Mesen_AdvFibs_PI16hi,Adventitial fibroblasts PI16 high,3032,celltype_Ulrich2022,blood vessel endothelial cell,1,265,3418,0.0038,0.0003
L4,Mesen_AdvFibs_PI16hi,Adventitial fibroblasts PI16 high,3032,celltype_Ulrich2024,dS2,4,10,23111,0.4,0.0002
L4,Mesen_AdvFibs_PI16hi,Adventitial fibroblasts PI16 high,3032,celltype_Ulrich2024,dS3,4,10,15871,0.4,0.0003
L4,Mesen_AdvFibs_PI16hi,Adventitial fibroblasts PI16 high,3032,celltype_Ulrich2024,C7-Fibroblast,2,10,1120,0.2,0.0018
L4,Mesen_AdvFibs_PI16hi,Adventitial fibroblasts PI16 high,3032,celltype_Weigert2025,stromal cell,1693,1698,51072,0.9971,0.0331
L4,Mesen_AdvFibs_PI16hi,Adventitial fibroblasts PI16 high,3032,celltype_Weigert2025,fallopian tube secretory epithelial cell,2,1698,3364,0.0012,0.0006
L4,Mesen_AdvFibs_PI16hi,Adventitial fibroblasts PI16 high,3032,celltype_Weigert2025,perivascular cell,2,1698,8542,0.0012,0.0002
L4,Mesen_AdvFibs_PI16hi,Adventitial fibroblasts PI16 high,3032,celltype_Weigert2025,lymphocyte,1,1698,11837,0.0006,0.0001
L4,Mesen_AdvFibs_PI16low,Adventitial fibroblasts PI16 low,18360,celltype_GarciaAlonso2021,Fibroblast C7,7,8,678,0.875,0.0103
L4,Mesen_AdvFibs_PI16low,Adventitial fibroblasts PI16 low,18360,celltype_GarciaAlonso2021,PV MYH11,1,8,2977,0.125,0.0003
L4,Mesen_AdvFibs_PI16low,Adventitial fibroblasts PI16 low,18360,celltype_HECA,ePV_2,4,4,3651,1.0,0.0011
L4,Mesen_AdvFibs_PI16low,Adventitial fibroblasts PI16 low,18360,celltype_OvarySanger2026,FibC3,330,334,5463,0.988,0.0604
L4,Mesen_AdvFibs_PI16low,Adventitial fibroblasts PI16 low,18360,celltype_OvarySanger2026,Stroma_InnCor,2,334,75307,0.006,0.0
L4,Mesen_AdvFibs_PI16low,Adventitial fibroblasts PI16 low,18360,celltype_OvarySanger2026,PV_Fetal,1,334,3555,0.003,0.0003
L4,Mesen_AdvFibs_PI16low,Adventitial fibroblasts PI16 low,18360,celltype_OvarySanger2026,Stroma_Medulla,1,334,9919,0.003,0.0001
L4,Mesen_AdvFibs_PI16low,Adventitial fibroblasts PI16 low,18360,celltype_Ulrich2022,fibroblast,2115,2206,4969,0.9587,0.4256
L4,Mesen_AdvFibs_PI16low,Adventitial fibroblasts PI16 low,18360,celltype_Ulrich2022,myofibroblast cell,86,2206,9937,0.039,0.0087
L4,Mesen_AdvFibs_PI16low,Adventitial fibroblasts PI16 low,18360,celltype_Ulrich2022,smooth muscle cell,3,2206,3500,0.0014,0.0009
L4,Mesen_AdvFibs_PI16low,Adventitial fibroblasts PI16 low,18360,celltype_Ulrich2022,blood vessel endothelial cell,1,2206,3418,0.0005,0.0003
L4,Mesen_AdvFibs_PI16low,Adventitial fibroblasts PI16 low,18360,celltype_Ulrich2022,secretory cell,1,2206,11019,0.0005,0.0001
L4,Mesen_AdvFibs_PI16low,Adventitial fibroblasts PI16 low,18360,celltype_Ulrich2024,dS2,27,61,23111,0.4426,0.0012
L4,Mesen_AdvFibs_PI16low,Adventitial fibroblasts PI16 low,18360,celltype_Ulrich2024,dS3,14,61,15871,0.2295,0.0009
L4,Mesen_AdvFibs_PI16low,Adventitial fibroblasts PI16 low,18360,celltype_Ulrich2024,C7-Fibroblast,13,61,1120,0.2131,0.0116
L4,Mesen_AdvFibs_PI16low,Adventitial fibroblasts PI16 low,18360,celltype_Ulrich2024,PV-MYH11_CDKN1A+,3,61,10659,0.0492,0.0003
L4,Mesen_AdvFibs_PI16low,Adventitial fibroblasts PI16 low,18360,celltype_Ulrich2024,PV-STEAP4,3,61,3531,0.0492,0.0008
L4,Mesen_AdvFibs_PI16low,Adventitial fibroblasts PI16 low,18360,celltype_Ulrich2024,PV-MYH11_CDKN1A-,1,61,6396,0.0164,0.0002
L4,Mesen_AdvFibs_PI16low,Adventitial fibroblasts PI16 low,18360,celltype_Weigert2025,stromal cell,4740,4752,51072,0.9975,0.0928
L4,Mesen_AdvFibs_PI16low,Adventitial fibroblasts PI16 low,18360,celltype_Weigert2025,perivascular cell,6,4752,8542,0.0013,0.0007
L4,Mesen_AdvFibs_PI16low,Adventitial fibroblasts PI16 low,18360,celltype_Weigert2025,smooth muscle cell,3,4752,3306,0.0006,0.0009
L4,Mesen_AdvFibs_PI16low,Adventitial fibroblasts PI16 low,18360,celltype_Weigert2025,fallopian tube secretory epithelial cell,2,4752,3364,0.0004,0.0006
L4,Mesen_AdvFibs_PI16low,Adventitial fibroblasts PI16 low,18360,celltype_Weigert2025,peg cell,1,4752,4600,0.0002,0.0002
L4,Mesen_CervixFib_Fetal,Fetal cervical fibroblast,11916,celltype_GarciaAlonso2022,Mesenchymal_GATA2,23,25,42064,0.92,0.0005
L4,Mesen_CervixFib_Fetal,Fetal cervical fibroblast,11916,celltype_GarciaAlonso2022,SMCs,2,25,2910,0.08,0.0007
L4,Mesen_CervixFib_Fetal,Fetal cervical fibroblast,11916,celltype_Lorenzi2025,Cervix/Vagina Lig,5640,11900,7698,0.4739,0.7327
L4,Mesen_CervixFib_Fetal,Fetal cervical fibroblast,11916,celltype_Lorenzi2025,Cervix Mese,3377,11900,8232,0.2838,0.4102
L4,Mesen_CervixFib_Fetal,Fetal cervical fibroblast,11916,celltype_Lorenzi2025,Cervix/Upper Vagina SmMu,880,11900,11093,0.0739,0.0793
L4,Mesen_CervixFib_Fetal,Fetal cervical fibroblast,11916,celltype_Lorenzi2025,Uterus Lig,587,11900,10625,0.0493,0.0552
L4,Mesen_CervixFib_Fetal,Fetal cervical fibroblast,11916,celltype_Lorenzi2025,Upper Vagina Mese,310,11900,7172,0.0261,0.0432
L4,Mesen_CervixFib_Fetal,Fetal cervical fibroblast,11916,celltype_Lorenzi2025,Uterus Mese,247,11900,29149,0.0208,0.0085
L4,Mesen_CervixFib_Fetal,Fetal cervical fibroblast,11916,celltype_Lorenzi2025,Lower Vagina Mese,207,11900,3228,0.0174,0.0641
L4,Mesen_CervixFib_Fetal,Fetal cervical fibroblast,11916,celltype_Lorenzi2025,Uterus SmMu,167,11900,7029,0.014,0.0238
L4,Mesen_CervixFib_Fetal,Fetal cervical fibroblast,11916,celltype_Lorenzi2025,Urogenital Sinus Lig,152,11900,5172,0.0128,0.0294
L4,Mesen_CervixFib_Fetal,Fetal cervical fibroblast,11916,celltype_Lorenzi2025,Pre-Perivascular,149,11900,3970,0.0125,0.0375
L4,Mesen_CervixFib_Fetal,Fetal cervical fibroblast,11916,celltype_Lorenzi2025,Fallopian Mese,62,11900,29799,0.0052,0.0021
L4,Mesen_CervixFib_Fetal,Fetal cervical fibroblast,11916,celltype_Lorenzi2025,Fallopian Lig,34,11900,17659,0.0029,0.0019
L4,Mesen_CervixFib_Fetal,Fetal cervical fibroblast,11916,celltype_Lorenzi2025,Upper Urogenital Sinus Mese,25,11900,2667,0.0021,0.0094
L4,Mesen_CervixFib_Fetal,Fetal cervical fibroblast,11916,celltype_Lorenzi2025,Epoophron Mese,21,11900,12245,0.0018,0.0017
L4,Mesen_CervixFib_Fetal,Fetal cervical fibroblast,11916,celltype_Lorenzi2025,Perivascular,13,11900,13206,0.0011,0.001
L4,Mesen_CervixFib_Fetal,Fetal cervical fibroblast,11916,celltype_Lorenzi2025,Corpus Cavernosum,7,11900,9075,0.0006,0.0008
L4,Mesen_CervixFib_Fetal,Fetal cervical fibroblast,11916,celltype_Lorenzi2025,Lower Urogenital Sinus Mese,6,11900,6828,0.0005,0.0009
L4,Mesen_CervixFib_Fetal,Fetal cervical fibroblast,11916,celltype_Lorenzi2025,Glans,5,11900,5648,0.0004,0.0009
L4,Mesen_CervixFib_Fetal,Fetal cervical fibroblast,11916,celltype_Lorenzi2025,Wolffian/Mesonephros Lig,4,11900,614,0.0003,0.0065
L4,Mesen_CervixFib_Fetal,Fetal cervical fibroblast,11916,celltype_Lorenzi2025,Vas Deferens Mese,3,11900,1966,0.0003,0.0015
L4,Mesen_CervixFib_Fetal,Fetal cervical fibroblast,11916,celltype_Lorenzi2025,Preputial Lamina Epi,2,11900,2666,0.0002,0.0008
L4,Mesen_CervixFib_Fetal,Fetal cervical fibroblast,11916,celltype_Lorenzi2025,Fallopian Epi,1,11900,7650,0.0001,0.0001
L4,Mesen_CervixFib_Fetal,Fetal cervical fibroblast,11916,celltype_Lorenzi2025,Fallopian SmMu,1,11900,5499,0.0001,0.0002
L4,Mesen_CervixFib_Fetal,Fetal cervical fibroblast,11916,celltype_OvarySanger2026,Epoophon_mesen_Fetal,3,5,4579,0.6,0.0007
L4,Mesen_CervixFib_Fetal,Fetal cervical fibroblast,11916,celltype_OvarySanger2026,Fallopian_SMCs_Fetal,1,5,2339,0.2,0.0004
L4,Mesen_CervixFib_Fetal,Fetal cervical fibroblast,11916,celltype_OvarySanger2026,Fallopian_mesen_Fetal,1,5,7774,0.2,0.0001
L4,Mesen_CervixVaginaSMCs_Fetal,Fetal cervicovaginal smooth muscle,11569,celltype_GarciaAlonso2022,SMCs,8,13,2910,0.6154,0.0027
L4,Mesen_CervixVaginaSMCs_Fetal,Fetal cervicovaginal smooth muscle,11569,celltype_GarciaAlonso2022,Mesenchymal_GATA2,3,13,42064,0.2308,0.0001
L4,Mesen_CervixVaginaSMCs_Fetal,Fetal cervicovaginal smooth muscle,11569,celltype_GarciaAlonso2022,Endothelial,1,13,6280,0.0769,0.0002
L4,Mesen_CervixVaginaSMCs_Fetal,Fetal cervicovaginal smooth muscle,11569,celltype_GarciaAlonso2022,PV,1,13,9621,0.0769,0.0001
L4,Mesen_CervixVaginaSMCs_Fetal,Fetal cervicovaginal smooth muscle,11569,celltype_Lorenzi2025,Cervix/Upper Vagina SmMu,9365,11552,11093,0.8107,0.8442
L4,Mesen_CervixVaginaSMCs_Fetal,Fetal cervicovaginal smooth muscle,11569,celltype_Lorenzi2025,Uterus SmMu,1219,11552,7029,0.1055,0.1734
L4,Mesen_CervixVaginaSMCs_Fetal,Fetal cervicovaginal smooth muscle,11569,celltype_Lorenzi2025,Uterus Mese,560,11552,29149,0.0485,0.0192
L4,Mesen_CervixVaginaSMCs_Fetal,Fetal cervicovaginal smooth muscle,11569,celltype_Lorenzi2025,Cervix Mese,181,11552,8232,0.0157,0.022
L4,Mesen_CervixVaginaSMCs_Fetal,Fetal cervicovaginal smooth muscle,11569,celltype_Lorenzi2025,Cervix/Vagina Lig,124,11552,7698,0.0107,0.0161
L4,Mesen_CervixVaginaSMCs_Fetal,Fetal cervicovaginal smooth muscle,11569,celltype_Lorenzi2025,Uterus Lig,19,11552,10625,0.0016,0.0018
L4,Mesen_CervixVaginaSMCs_Fetal,Fetal cervicovaginal smooth muscle,11569,celltype_Lorenzi2025,Perivascular,15,11552,13206,0.0013,0.0011
L4,Mesen_CervixVaginaSMCs_Fetal,Fetal cervicovaginal smooth muscle,11569,celltype_Lorenzi2025,Upper Vagina Mese,10,11552,7172,0.0009,0.0014
L4,Mesen_CervixVaginaSMCs_Fetal,Fetal cervicovaginal smooth muscle,11569,celltype_Lorenzi2025,Fallopian Lig,8,11552,17659,0.0007,0.0005
L4,Mesen_CervixVaginaSMCs_Fetal,Fetal cervicovaginal smooth muscle,11569,celltype_Lorenzi2025,Fallopian SmMu,7,11552,5499,0.0006,0.0013
L4,Mesen_CervixVaginaSMCs_Fetal,Fetal cervicovaginal smooth muscle,11569,celltype_Lorenzi2025,Fallopian Mese,6,11552,29799,0.0005,0.0002
L4,Mesen_CervixVaginaSMCs_Fetal,Fetal cervicovaginal smooth muscle,11569,celltype_Lorenzi2025,Lower Vagina SmMu,6,11552,1405,0.0005,0.0043
L4,Mesen_CervixVaginaSMCs_Fetal,Fetal cervicovaginal smooth muscle,11569,celltype_Lorenzi2025,Pre-Perivascular,6,11552,3970,0.0005,0.0015
L4,Mesen_CervixVaginaSMCs_Fetal,Fetal cervicovaginal smooth muscle,11569,celltype_Lorenzi2025,Lower Vagina Mese,5,11552,3228,0.0004,0.0015
L4,Mesen_CervixVaginaSMCs_Fetal,Fetal cervicovaginal smooth muscle,11569,celltype_Lorenzi2025,Corpus Spongiosum,3,11552,6065,0.0003,0.0005
L4,Mesen_CervixVaginaSMCs_Fetal,Fetal cervicovaginal smooth muscle,11569,celltype_Lorenzi2025,Fallopian Epi,3,11552,7650,0.0003,0.0004
L4,Mesen_CervixVaginaSMCs_Fetal,Fetal cervicovaginal smooth muscle,11569,celltype_Lorenzi2025,Corpus Cavernosum,2,11552,9075,0.0002,0.0002
L4,Mesen_CervixVaginaSMCs_Fetal,Fetal cervicovaginal smooth muscle,11569,celltype_Lorenzi2025,Glans,2,11552,5648,0.0002,0.0004
L4,Mesen_CervixVaginaSMCs_Fetal,Fetal cervicovaginal smooth muscle,11569,celltype_Lorenzi2025,Immune,2,11552,2126,0.0002,0.0009
L4,Mesen_CervixVaginaSMCs_Fetal,Fetal cervicovaginal smooth muscle,11569,celltype_Lorenzi2025,Lower Urogenital Sinus Mese,2,11552,6828,0.0002,0.0003
L4,Mesen_CervixVaginaSMCs_Fetal,Fetal cervicovaginal smooth muscle,11569,celltype_Lorenzi2025,Schwann,2,11552,7553,0.0002,0.0003
L4,Mesen_CervixVaginaSMCs_Fetal,Fetal cervicovaginal smooth muscle,11569,celltype_Lorenzi2025,Urogenital Sinus SmMu,2,11552,187,0.0002,0.0107
L4,Mesen_CervixVaginaSMCs_Fetal,Fetal cervicovaginal smooth muscle,11569,celltype_Lorenzi2025,Preputial Lamina Epi,1,11552,2666,0.0001,0.0004
L4,Mesen_CervixVaginaSMCs_Fetal,Fetal cervicovaginal smooth muscle,11569,celltype_Lorenzi2025,Upper Urogenital Sinus Mese,1,11552,2667,0.0001,0.0004
L4,Mesen_CervixVaginaSMCs_Fetal,Fetal cervicovaginal smooth muscle,11569,celltype_Lorenzi2025,Urogenital Sinus Lig,1,11552,5172,0.0001,0.0002
L4,Mesen_CervixVaginaSMCs_Fetal,Fetal cervicovaginal smooth muscle,11569,celltype_OvarySanger2026,Fallopian_SMCs_Fetal,5,9,2339,0.5556,0.0021
L4,Mesen_CervixVaginaSMCs_Fetal,Fetal cervicovaginal smooth muscle,11569,celltype_OvarySanger2026,Endo_Lymph,1,9,601,0.1111,0.0017
L4,Mesen_CervixVaginaSMCs_Fetal,Fetal cervicovaginal smooth muscle,11569,celltype_OvarySanger2026,Fallopian_lig_Fetal,1,9,3990,0.1111,0.0003
L4,Mesen_CervixVaginaSMCs_Fetal,Fetal cervicovaginal smooth muscle,11569,celltype_OvarySanger2026,Fallopian_mesen_Fetal,1,9,7774,0.1111,0.0001
L4,Mesen_CervixVaginaSMCs_Fetal,Fetal cervicovaginal smooth muscle,11569,celltype_OvarySanger2026,SMCs,1,9,474,0.1111,0.0021
L4,Mesen_CorpusCavernosumFib_Fetal,Fetal corpus cavernosum fibroblast,9472,celltype_Lorenzi2025,Corpus Cavernosum,7777,9150,9075,0.8499,0.857
L4,Mesen_CorpusCavernosumFib_Fetal,Fetal corpus cavernosum fibroblast,9472,celltype_Lorenzi2025,Prepuce,823,9150,3904,0.0899,0.2108
L4,Mesen_CorpusCavernosumFib_Fetal,Fetal corpus cavernosum fibroblast,9472,celltype_Lorenzi2025,Glans,138,9150,5648,0.0151,0.0244
L4,Mesen_CorpusCavernosumFib_Fetal,Fetal corpus cavernosum fibroblast,9472,celltype_Lorenzi2025,Corpus Spongiosum,131,9150,6065,0.0143,0.0216
L4,Mesen_CorpusCavernosumFib_Fetal,Fetal corpus cavernosum fibroblast,9472,celltype_Lorenzi2025,Labio-Scrotal Swelling,109,9150,3319,0.0119,0.0328
L4,Mesen_CorpusCavernosumFib_Fetal,Fetal corpus cavernosum fibroblast,9472,celltype_Lorenzi2025,Urogenital Sinus Lig,87,9150,5172,0.0095,0.0168
L4,Mesen_CorpusCavernosumFib_Fetal,Fetal corpus cavernosum fibroblast,9472,celltype_Lorenzi2025,Pre-Perivascular,22,9150,3970,0.0024,0.0055
L4,Mesen_CorpusCavernosumFib_Fetal,Fetal corpus cavernosum fibroblast,9472,celltype_Lorenzi2025,Lower Urogenital Sinus Mese,18,9150,6828,0.002,0.0026
L4,Mesen_CorpusCavernosumFib_Fetal,Fetal corpus cavernosum fibroblast,9472,celltype_Lorenzi2025,Urogenital Sinus SmMu,18,9150,187,0.002,0.0963
L4,Mesen_CorpusCavernosumFib_Fetal,Fetal corpus cavernosum fibroblast,9472,celltype_Lorenzi2025,Perivascular,11,9150,13206,0.0012,0.0008
L4,Mesen_CorpusCavernosumFib_Fetal,Fetal corpus cavernosum fibroblast,9472,celltype_Lorenzi2025,Upper Urogenital Sinus Mese,7,9150,2667,0.0008,0.0026
L4,Mesen_CorpusCavernosumFib_Fetal,Fetal corpus cavernosum fibroblast,9472,celltype_Lorenzi2025,Preputial Lamina Epi,6,9150,2666,0.0007,0.0023
L4,Mesen_CorpusCavernosumFib_Fetal,Fetal corpus cavernosum fibroblast,9472,celltype_Lorenzi2025,Epoophron Mese,1,9150,12245,0.0001,0.0001
L4,Mesen_CorpusCavernosumFib_Fetal,Fetal corpus cavernosum fibroblast,9472,celltype_Lorenzi2025,Lower Vagina Mese,1,9150,3228,0.0001,0.0003
L4,Mesen_CorpusCavernosumFib_Fetal,Fetal corpus cavernosum fibroblast,9472,celltype_Lorenzi2025,Schwann,1,9150,7553,0.0001,0.0001
L4,Mesen_CorpusSpongiosumFib_Fetal,Fetal corpus spongiosum fibroblast,10169,celltype_Lorenzi2025,Corpus Spongiosum,5522,9968,6065,0.554,0.9105
L4,Mesen_CorpusSpongiosumFib_Fetal,Fetal corpus spongiosum fibroblast,10169,celltype_Lorenzi2025,Lower Urogenital Sinus Mese,1952,9968,6828,0.1958,0.2859
L4,Mesen_CorpusSpongiosumFib_Fetal,Fetal corpus spongiosum fibroblast,10169,celltype_Lorenzi2025,Lower Vagina Mese,1505,9968,3228,0.151,0.4662
L4,Mesen_CorpusSpongiosumFib_Fetal,Fetal corpus spongiosum fibroblast,10169,celltype_Lorenzi2025,Corpus Cavernosum,415,9968,9075,0.0416,0.0457
L4,Mesen_CorpusSpongiosumFib_Fetal,Fetal corpus spongiosum fibroblast,10169,celltype_Lorenzi2025,Prepuce,219,9968,3904,0.022,0.0561
L4,Mesen_CorpusSpongiosumFib_Fetal,Fetal corpus spongiosum fibroblast,10169,celltype_Lorenzi2025,Labio-Scrotal Swelling,135,9968,3319,0.0135,0.0407
L4,Mesen_CorpusSpongiosumFib_Fetal,Fetal corpus spongiosum fibroblast,10169,celltype_Lorenzi2025,Glans,75,9968,5648,0.0075,0.0133
L4,Mesen_CorpusSpongiosumFib_Fetal,Fetal corpus spongiosum fibroblast,10169,celltype_Lorenzi2025,Urogenital Sinus Lig,64,9968,5172,0.0064,0.0124
L4,Mesen_CorpusSpongiosumFib_Fetal,Fetal corpus spongiosum fibroblast,10169,celltype_Lorenzi2025,Upper Vagina Mese,23,9968,7172,0.0023,0.0032
L4,Mesen_CorpusSpongiosumFib_Fetal,Fetal corpus spongiosum fibroblast,10169,celltype_Lorenzi2025,Upper Urogenital Sinus Mese,16,9968,2667,0.0016,0.006
L4,Mesen_CorpusSpongiosumFib_Fetal,Fetal corpus spongiosum fibroblast,10169,celltype_Lorenzi2025,Perivascular,10,9968,13206,0.001,0.0008
L4,Mesen_CorpusSpongiosumFib_Fetal,Fetal corpus spongiosum fibroblast,10169,celltype_Lorenzi2025,Urogenital Sinus SmMu,9,9968,187,0.0009,0.0481
L4,Mesen_CorpusSpongiosumFib_Fetal,Fetal corpus spongiosum fibroblast,10169,celltype_Lorenzi2025,Preputial Lamina Epi,6,9968,2666,0.0006,0.0023
L4,Mesen_CorpusSpongiosumFib_Fetal,Fetal corpus spongiosum fibroblast,10169,celltype_Lorenzi2025,Pre-Perivascular,5,9968,3970,0.0005,0.0013
L4,Mesen_CorpusSpongiosumFib_Fetal,Fetal corpus spongiosum fibroblast,10169,celltype_Lorenzi2025,Schwann,3,9968,7553,0.0003,0.0004
L4,Mesen_CorpusSpongiosumFib_Fetal,Fetal corpus spongiosum fibroblast,10169,celltype_Lorenzi2025,Epoophron Mese,2,9968,12245,0.0002,0.0002
L4,Mesen_CorpusSpongiosumFib_Fetal,Fetal corpus spongiosum fibroblast,10169,celltype_Lorenzi2025,Fallopian Mese,2,9968,29799,0.0002,0.0001
L4,Mesen_CorpusSpongiosumFib_Fetal,Fetal corpus spongiosum fibroblast,10169,celltype_Lorenzi2025,Fallopian Epi,1,9968,7650,0.0001,0.0001
L4,Mesen_CorpusSpongiosumFib_Fetal,Fetal corpus spongiosum fibroblast,10169,celltype_Lorenzi2025,Lower Vagina Epi,1,9968,6543,0.0001,0.0002
L4,Mesen_CorpusSpongiosumFib_Fetal,Fetal corpus spongiosum fibroblast,10169,celltype_Lorenzi2025,Lower Vagina SmMu,1,9968,1405,0.0001,0.0007
L4,Mesen_CorpusSpongiosumFib_Fetal,Fetal corpus spongiosum fibroblast,10169,celltype_Lorenzi2025,Uterus SmMu,1,9968,7029,0.0001,0.0001
L4,Mesen_CorpusSpongiosumFib_Fetal,Fetal corpus spongiosum fibroblast,10169,celltype_Lorenzi2025,Wolffian/Mesonephros Mese,1,9968,18850,0.0001,0.0001
L3,Mesen_EndoGlandBas,Endometrial basalis stroma,535,celltype_GarciaAlonso2021,dS,1,1,21021,1.0,0.0
L3,Mesen_EndoGlandBas,Endometrial basalis stroma,535,celltype_HECA,dStromal_mid,1,2,21067,0.5,0.0
L3,Mesen_EndoGlandBas,Endometrial basalis stroma,535,celltype_HECA,eStromal,1,2,35132,0.5,0.0
L3,Mesen_EndoGlandBas,Endometrial basalis stroma,535,celltype_Ulrich2024,dS2,483,518,23111,0.9324,0.0209
L3,Mesen_EndoGlandBas,Endometrial basalis stroma,535,celltype_Ulrich2024,PV-MYH11_CDKN1A+,16,518,10659,0.0309,0.0015
L3,Mesen_EndoGlandBas,Endometrial basalis stroma,535,celltype_Ulrich2024,dS3,14,518,15871,0.027,0.0009
L3,Mesen_EndoGlandBas,Endometrial basalis stroma,535,celltype_Ulrich2024,dS1,3,518,2595,0.0058,0.0012
L3,Mesen_EndoGlandBas,Endometrial basalis stroma,535,celltype_Ulrich2024,eS-proliferative,2,518,1386,0.0039,0.0014
L4,Mesen_EndoStromalFib_Menopause,Endometrial stroma in postmenopause,2855,celltype_GarciaAlonso2021,dS,24,52,21021,0.4615,0.0011
L4,Mesen_EndoStromalFib_Menopause,Endometrial stroma in postmenopause,2855,celltype_GarciaAlonso2021,uSMC,10,52,3915,0.1923,0.0026
L4,Mesen_EndoStromalFib_Menopause,Endometrial stroma in postmenopause,2855,celltype_GarciaAlonso2021,eS,9,52,12569,0.1731,0.0007
L4,Mesen_EndoStromalFib_Menopause,Endometrial stroma in postmenopause,2855,celltype_GarciaAlonso2021,Fibroblast C7,5,52,678,0.0962,0.0074
L4,Mesen_EndoStromalFib_Menopause,Endometrial stroma in postmenopause,2855,celltype_GarciaAlonso2021,PV STEAP4,4,52,2680,0.0769,0.0015
L4,Mesen_EndoStromalFib_Menopause,Endometrial stroma in postmenopause,2855,celltype_HECA,eStromal,24,60,35132,0.4,0.0007
L4,Mesen_EndoStromalFib_Menopause,Endometrial stroma in postmenopause,2855,celltype_HECA,dStromal_mid,18,60,21067,0.3,0.0009
L4,Mesen_EndoStromalFib_Menopause,Endometrial stroma in postmenopause,2855,celltype_HECA,uSMCs,9,60,957,0.15,0.0094
L4,Mesen_EndoStromalFib_Menopause,Endometrial stroma in postmenopause,2855,celltype_HECA,HOXA13,5,60,203,0.0833,0.0246
L4,Mesen_EndoStromalFib_Menopause,Endometrial stroma in postmenopause,2855,celltype_HECA,ePV_2,4,60,3651,0.0667,0.0011
L4,Mesen_EndoStromalFib_Menopause,Endometrial stroma in postmenopause,2855,celltype_Ulrich2024,dS2,68,112,23111,0.6071,0.0029
L4,Mesen_EndoStromalFib_Menopause,Endometrial stroma in postmenopause,2855,celltype_Ulrich2024,dS3,14,112,15871,0.125,0.0009
L4,Mesen_EndoStromalFib_Menopause,Endometrial stroma in postmenopause,2855,celltype_Ulrich2024,C7-Fibroblast,11,112,1120,0.0982,0.0098
L4,Mesen_EndoStromalFib_Menopause,Endometrial stroma in postmenopause,2855,celltype_Ulrich2024,PV-MYH11_CDKN1A+,5,112,10659,0.0446,0.0005
L4,Mesen_EndoStromalFib_Menopause,Endometrial stroma in postmenopause,2855,celltype_Ulrich2024,PV-STEAP4,4,112,3531,0.0357,0.0011
L4,Mesen_EndoStromalFib_Menopause,Endometrial stroma in postmenopause,2855,celltype_Ulrich2024,dS1,3,112,2595,0.0268,0.0012
L4,Mesen_EndoStromalFib_Menopause,Endometrial stroma in postmenopause,2855,celltype_Ulrich2024,uSMC,3,112,7719,0.0268,0.0004
L4,Mesen_EndoStromalFib_Menopause,Endometrial stroma in postmenopause,2855,celltype_Ulrich2024,Tissue-resident-vascular-progenitor,2,112,203,0.0179,0.0099
L4,Mesen_EndoStromalFib_Menopause,Endometrial stroma in postmenopause,2855,celltype_Ulrich2024,Gland-sec-progenitor-B,1,112,1161,0.0089,0.0009
L4,Mesen_EndoStromalFib_Menopause,Endometrial stroma in postmenopause,2855,celltype_Ulrich2024,eS-proliferative,1,112,1386,0.0089,0.0007
L4,Mesen_EndoStromalFib_MenstrualEutopic,Endometrial stroma of the menstrual phase,13034,celltype_GarciaAlonso2021,dS,2,5,21021,0.4,0.0001
L4,Mesen_EndoStromalFib_MenstrualEutopic,Endometrial stroma of the menstrual phase,13034,celltype_GarciaAlonso2021,PV STEAP4,1,5,2680,0.2,0.0004
L4,Mesen_EndoStromalFib_MenstrualEutopic,Endometrial stroma of the menstrual phase,13034,celltype_GarciaAlonso2021,eS,1,5,12569,0.2,0.0001
L4,Mesen_EndoStromalFib_MenstrualEutopic,Endometrial stroma of the menstrual phase,13034,celltype_GarciaAlonso2021,uSMC,1,5,3915,0.2,0.0003
L4,Mesen_EndoStromalFib_MenstrualEutopic,Endometrial stroma of the menstrual phase,13034,celltype_HECA,eStromal_MMPs,7,11,186,0.6364,0.0376
L4,Mesen_EndoStromalFib_MenstrualEutopic,Endometrial stroma of the menstrual phase,13034,celltype_HECA,eStromal,2,11,35132,0.1818,0.0001
L4,Mesen_EndoStromalFib_MenstrualEutopic,Endometrial stroma of the menstrual phase,13034,celltype_HECA,dStromal_late,1,11,2415,0.0909,0.0004
L4,Mesen_EndoStromalFib_MenstrualEutopic,Endometrial stroma of the menstrual phase,13034,celltype_HECA,ePV_2,1,11,3651,0.0909,0.0003
L4,Mesen_EndoStromalFib_MenstrualEutopic,Endometrial stroma of the menstrual phase,13034,celltype_Ulrich2024,dS3,39,62,15871,0.629,0.0025
L4,Mesen_EndoStromalFib_MenstrualEutopic,Endometrial stroma of the menstrual phase,13034,celltype_Ulrich2024,dS1,11,62,2595,0.1774,0.0042
L4,Mesen_EndoStromalFib_MenstrualEutopic,Endometrial stroma of the menstrual phase,13034,celltype_Ulrich2024,dS2,10,62,23111,0.1613,0.0004
L4,Mesen_EndoStromalFib_MenstrualEutopic,Endometrial stroma of the menstrual phase,13034,celltype_Ulrich2024,RUNX3+_Fibroblast,1,62,23,0.0161,0.0435
L4,Mesen_EndoStromalFib_MenstrualEutopic,Endometrial stroma of the menstrual phase,13034,celltype_Ulrich2024,uSMC,1,62,7719,0.0161,0.0001
L4,Mesen_EndoStromalFib_MenstrualFluid,Endometrial stroma of the menstrual effluent,27092,celltype_GarciaAlonso2021,dS,16,16,21021,1.0,0.0008
L4,Mesen_EndoStromalFib_MenstrualFluid,Endometrial stroma of the menstrual effluent,27092,celltype_HECA,dStromal_mid,6,15,21067,0.4,0.0003
L4,Mesen_EndoStromalFib_MenstrualFluid,Endometrial stroma of the menstrual effluent,27092,celltype_HECA,dStromal_late,4,15,2415,0.2667,0.0017
L4,Mesen_EndoStromalFib_MenstrualFluid,Endometrial stroma of the menstrual effluent,27092,celltype_HECA,eStromal,3,15,35132,0.2,0.0001
L4,Mesen_EndoStromalFib_MenstrualFluid,Endometrial stroma of the menstrual effluent,27092,celltype_HECA,dStromal_early,2,15,5517,0.1333,0.0004
L4,Mesen_EndoStromalFib_MenstrualFluid,Endometrial stroma of the menstrual effluent,27092,celltype_Ulrich2024,dS2,21,33,23111,0.6364,0.0009
L4,Mesen_EndoStromalFib_MenstrualFluid,Endometrial stroma of the menstrual effluent,27092,celltype_Ulrich2024,dS3,5,33,15871,0.1515,0.0003
L4,Mesen_EndoStromalFib_MenstrualFluid,Endometrial stroma of the menstrual effluent,27092,celltype_Ulrich2024,dS1,4,33,2595,0.1212,0.0015
L4,Mesen_EndoStromalFib_MenstrualFluid,Endometrial stroma of the menstrual effluent,27092,celltype_Ulrich2024,Gland-sec-progenitor-A,1,33,4403,0.0303,0.0002
L4,Mesen_EndoStromalFib_MenstrualFluid,Endometrial stroma of the menstrual effluent,27092,celltype_Ulrich2024,MUC16+_Gland_sec,1,33,1447,0.0303,0.0007
L4,Mesen_EndoStromalFib_MenstrualFluid,Endometrial stroma of the menstrual effluent,27092,celltype_Ulrich2024,PV-MYH11_CDKN1A+,1,33,10659,0.0303,0.0001
L4,Mesen_EndoStromalFib_Prolif,Endometrial stroma of proliferative phase,164476,celltype_GarciaAlonso2021,eS,8833,10241,12569,0.8625,0.7028
L4,Mesen_EndoStromalFib_Prolif,Endometrial stroma of proliferative phase,164476,celltype_GarciaAlonso2021,dS,1324,10241,21021,0.1293,0.063
L4,Mesen_EndoStromalFib_Prolif,Endometrial stroma of proliferative phase,164476,celltype_GarciaAlonso2021,PV STEAP4,40,10241,2680,0.0039,0.0149
L4,Mesen_EndoStromalFib_Prolif,Endometrial stroma of proliferative phase,164476,celltype_GarciaAlonso2021,Fibroblast C7,12,10241,678,0.0012,0.0177
L4,Mesen_EndoStromalFib_Prolif,Endometrial stroma of proliferative phase,164476,celltype_GarciaAlonso2021,Other,11,10241,2101,0.0011,0.0052
L4,Mesen_EndoStromalFib_Prolif,Endometrial stroma of proliferative phase,164476,celltype_GarciaAlonso2021,uSMC,10,10241,3915,0.001,0.0026
L4,Mesen_EndoStromalFib_Prolif,Endometrial stroma of proliferative phase,164476,celltype_GarciaAlonso2021,Myeloid,4,10241,561,0.0004,0.0071
L4,Mesen_EndoStromalFib_Prolif,Endometrial stroma of proliferative phase,164476,celltype_GarciaAlonso2021,Endothelial ACKR1,3,10241,5413,0.0003,0.0006
L4,Mesen_EndoStromalFib_Prolif,Endometrial stroma of proliferative phase,164476,celltype_GarciaAlonso2021,Lumenal,2,10241,11402,0.0002,0.0002
L4,Mesen_EndoStromalFib_Prolif,Endometrial stroma of proliferative phase,164476,celltype_GarciaAlonso2021,Glandular,1,10241,10071,0.0001,0.0001
L4,Mesen_EndoStromalFib_Prolif,Endometrial stroma of proliferative phase,164476,celltype_GarciaAlonso2021,Lymphoid,1,10241,1281,0.0001,0.0008
L4,Mesen_EndoStromalFib_Prolif,Endometrial stroma of proliferative phase,164476,celltype_HECA,eStromal,29105,31853,35132,0.9137,0.8284
L4,Mesen_EndoStromalFib_Prolif,Endometrial stroma of proliferative phase,164476,celltype_HECA,dStromal_early,1351,31853,5517,0.0424,0.2449
L4,Mesen_EndoStromalFib_Prolif,Endometrial stroma of proliferative phase,164476,celltype_HECA,dStromal_mid,637,31853,21067,0.02,0.0302
L4,Mesen_EndoStromalFib_Prolif,Endometrial stroma of proliferative phase,164476,celltype_HECA,HOXA13,189,31853,203,0.0059,0.931
L4,Mesen_EndoStromalFib_Prolif,Endometrial stroma of proliferative phase,164476,celltype_HECA,eStromal_cycling,160,31853,4088,0.005,0.0391
L4,Mesen_EndoStromalFib_Prolif,Endometrial stroma of proliferative phase,164476,celltype_HECA,sHormones,144,31853,248,0.0045,0.5806
L4,Mesen_EndoStromalFib_Prolif,Endometrial stroma of proliferative phase,164476,celltype_HECA,ePV_2,97,31853,3651,0.003,0.0266
L4,Mesen_EndoStromalFib_Prolif,Endometrial stroma of proliferative phase,164476,celltype_HECA,dStromal_late,80,31853,2415,0.0025,0.0331
L4,Mesen_EndoStromalFib_Prolif,Endometrial stroma of proliferative phase,164476,celltype_HECA,eStromal_MMPs,58,31853,186,0.0018,0.3118
L4,Mesen_EndoStromalFib_Prolif,Endometrial stroma of proliferative phase,164476,celltype_HECA,Immune_Myeloid,24,31853,2097,0.0008,0.0114
L4,Mesen_EndoStromalFib_Prolif,Endometrial stroma of proliferative phase,164476,celltype_HECA,ePV_1b,2,31853,1789,0.0001,0.0011
L4,Mesen_EndoStromalFib_Prolif,Endometrial stroma of proliferative phase,164476,celltype_HECA,uSMCs,2,31853,957,0.0001,0.0021
L4,Mesen_EndoStromalFib_Prolif,Endometrial stroma of proliferative phase,164476,celltype_HECA,Fibroblast_basalis,1,31853,45,0.0,0.0222
L4,Mesen_EndoStromalFib_Prolif,Endometrial stroma of proliferative phase,164476,celltype_HECA,Immune_Lymphoid,1,31853,17740,0.0,0.0001
L4,Mesen_EndoStromalFib_Prolif,Endometrial stroma of proliferative phase,164476,celltype_HECA,SOX9_luminal,1,31853,1936,0.0,0.0005
L4,Mesen_EndoStromalFib_Prolif,Endometrial stroma of proliferative phase,164476,celltype_HECA,eHormones,1,31853,395,0.0,0.0025
L4,Mesen_EndoStromalFib_Prolif,Endometrial stroma of proliferative phase,164476,celltype_Ulrich2024,dS3,7295,13210,15871,0.5522,0.4596
L4,Mesen_EndoStromalFib_Prolif,Endometrial stroma of proliferative phase,164476,celltype_Ulrich2024,dS2,5405,13210,23111,0.4092,0.2339
L4,Mesen_EndoStromalFib_Prolif,Endometrial stroma of proliferative phase,164476,celltype_Ulrich2024,uSMC,165,13210,7719,0.0125,0.0214
L4,Mesen_EndoStromalFib_Prolif,Endometrial stroma of proliferative phase,164476,celltype_Ulrich2024,dS1,153,13210,2595,0.0116,0.059
L4,Mesen_EndoStromalFib_Prolif,Endometrial stroma of proliferative phase,164476,celltype_Ulrich2024,C7-Fibroblast,52,13210,1120,0.0039,0.0464
L4,Mesen_EndoStromalFib_Prolif,Endometrial stroma of proliferative phase,164476,celltype_Ulrich2024,PV-MYH11_CDKN1A+,49,13210,10659,0.0037,0.0046
L4,Mesen_EndoStromalFib_Prolif,Endometrial stroma of proliferative phase,164476,celltype_Ulrich2024,eS-proliferative,40,13210,1386,0.003,0.0289
L4,Mesen_EndoStromalFib_Prolif,Endometrial stroma of proliferative phase,164476,celltype_Ulrich2024,Myoepithelial,20,13210,110,0.0015,0.1818
L4,Mesen_EndoStromalFib_Prolif,Endometrial stroma of proliferative phase,164476,celltype_Ulrich2024,Tissue-resident-vascular-progenitor,10,13210,203,0.0008,0.0493
L4,Mesen_EndoStromalFib_Prolif,Endometrial stroma of proliferative phase,164476,celltype_Ulrich2024,PV-STEAP4,6,13210,3531,0.0005,0.0017
L4,Mesen_EndoStromalFib_Prolif,Endometrial stroma of proliferative phase,164476,celltype_Ulrich2024,MUC16+_Gland_sec,4,13210,1447,0.0003,0.0028
L4,Mesen_EndoStromalFib_Prolif,Endometrial stroma of proliferative phase,164476,celltype_Ulrich2024,Gland-sec-progenitor-A,3,13210,4403,0.0002,0.0007
L4,Mesen_EndoStromalFib_Prolif,Endometrial stroma of proliferative phase,164476,celltype_Ulrich2024,HMGB2-Prolif,3,13210,1402,0.0002,0.0021
L4,Mesen_EndoStromalFib_Prolif,Endometrial stroma of proliferative phase,164476,celltype_Ulrich2024,Artery,1,13210,1128,0.0001,0.0009
L4,Mesen_EndoStromalFib_Prolif,Endometrial stroma of proliferative phase,164476,celltype_Ulrich2024,Fibrocytes,1,13210,46,0.0001,0.0217
L4,Mesen_EndoStromalFib_Prolif,Endometrial stroma of proliferative phase,164476,celltype_Ulrich2024,Lumenal,1,13210,2673,0.0001,0.0004
L4,Mesen_EndoStromalFib_Prolif,Endometrial stroma of proliferative phase,164476,celltype_Ulrich2024,RUNX3+_Fibroblast,1,13210,23,0.0001,0.0435
L4,Mesen_EndoStromalFib_Prolif,Endometrial stroma of proliferative phase,164476,celltype_Ulrich2024,Sox9-Glandular,1,13210,2917,0.0001,0.0003
L4,Mesen_EndoStromalFib_Prolif_Cyc,Endometrial stroma of proliferative phase cycling,32491,celltype_GarciaAlonso2021,eS,1773,1971,12569,0.8995,0.1411
L4,Mesen_EndoStromalFib_Prolif_Cyc,Endometrial stroma of proliferative phase cycling,32491,celltype_GarciaAlonso2021,Other,121,1971,2101,0.0614,0.0576
L4,Mesen_EndoStromalFib_Prolif_Cyc,Endometrial stroma of proliferative phase cycling,32491,celltype_GarciaAlonso2021,dS,53,1971,21021,0.0269,0.0025
L4,Mesen_EndoStromalFib_Prolif_Cyc,Endometrial stroma of proliferative phase cycling,32491,celltype_GarciaAlonso2021,PV STEAP4,19,1971,2680,0.0096,0.0071
L4,Mesen_EndoStromalFib_Prolif_Cyc,Endometrial stroma of proliferative phase cycling,32491,celltype_GarciaAlonso2021,Lymphoid,3,1971,1281,0.0015,0.0023
L4,Mesen_EndoStromalFib_Prolif_Cyc,Endometrial stroma of proliferative phase cycling,32491,celltype_GarciaAlonso2021,SOX9,1,1971,2584,0.0005,0.0004
L4,Mesen_EndoStromalFib_Prolif_Cyc,Endometrial stroma of proliferative phase cycling,32491,celltype_GarciaAlonso2021,uSMC,1,1971,3915,0.0005,0.0003
L4,Mesen_EndoStromalFib_Prolif_Cyc,Endometrial stroma of proliferative phase cycling,32491,celltype_HECA,eStromal_cycling,3841,6030,4088,0.637,0.9396
L4,Mesen_EndoStromalFib_Prolif_Cyc,Endometrial stroma of proliferative phase cycling,32491,celltype_HECA,eStromal,2073,6030,35132,0.3438,0.059
L4,Mesen_EndoStromalFib_Prolif_Cyc,Endometrial stroma of proliferative phase cycling,32491,celltype_HECA,ePV_2,40,6030,3651,0.0066,0.011
L4,Mesen_EndoStromalFib_Prolif_Cyc,Endometrial stroma of proliferative phase cycling,32491,celltype_HECA,dStromal_mid,30,6030,21067,0.005,0.0014
L4,Mesen_EndoStromalFib_Prolif_Cyc,Endometrial stroma of proliferative phase cycling,32491,celltype_HECA,dStromal_early,25,6030,5517,0.0041,0.0045
L4,Mesen_EndoStromalFib_Prolif_Cyc,Endometrial stroma of proliferative phase cycling,32491,celltype_HECA,ePV_1b,9,6030,1789,0.0015,0.005
L4,Mesen_EndoStromalFib_Prolif_Cyc,Endometrial stroma of proliferative phase cycling,32491,celltype_HECA,dStromal_late,4,6030,2415,0.0007,0.0017
L4,Mesen_EndoStromalFib_Prolif_Cyc,Endometrial stroma of proliferative phase cycling,32491,celltype_HECA,Immune_Myeloid,3,6030,2097,0.0005,0.0014
L4,Mesen_EndoStromalFib_Prolif_Cyc,Endometrial stroma of proliferative phase cycling,32491,celltype_HECA,sHormones,2,6030,248,0.0003,0.0081
L4,Mesen_EndoStromalFib_Prolif_Cyc,Endometrial stroma of proliferative phase cycling,32491,celltype_HECA,uSMCs,2,6030,957,0.0003,0.0021
L4,Mesen_EndoStromalFib_Prolif_Cyc,Endometrial stroma of proliferative phase cycling,32491,celltype_HECA,eStromal_MMPs,1,6030,186,0.0002,0.0054
L4,Mesen_EndoStromalFib_Prolif_Cyc,Endometrial stroma of proliferative phase cycling,32491,celltype_Ulrich2024,eS-proliferative,1178,2131,1386,0.5528,0.8499
L4,Mesen_EndoStromalFib_Prolif_Cyc,Endometrial stroma of proliferative phase cycling,32491,celltype_Ulrich2024,dS3,416,2131,15871,0.1952,0.0262
L4,Mesen_EndoStromalFib_Prolif_Cyc,Endometrial stroma of proliferative phase cycling,32491,celltype_Ulrich2024,dS2,341,2131,23111,0.16,0.0148
L4,Mesen_EndoStromalFib_Prolif_Cyc,Endometrial stroma of proliferative phase cycling,32491,celltype_Ulrich2024,PV-MYH11_CDKN1A+,137,2131,10659,0.0643,0.0129
L4,Mesen_EndoStromalFib_Prolif_Cyc,Endometrial stroma of proliferative phase cycling,32491,celltype_Ulrich2024,uSMC,49,2131,7719,0.023,0.0063
L4,Mesen_EndoStromalFib_Prolif_Cyc,Endometrial stroma of proliferative phase cycling,32491,celltype_Ulrich2024,dS1,7,2131,2595,0.0033,0.0027
L4,Mesen_EndoStromalFib_Prolif_Cyc,Endometrial stroma of proliferative phase cycling,32491,celltype_Ulrich2024,Tissue-resident-vascular-progenitor,2,2131,203,0.0009,0.0099
L4,Mesen_EndoStromalFib_Prolif_Cyc,Endometrial stroma of proliferative phase cycling,32491,celltype_Ulrich2024,PV-STEAP4,1,2131,3531,0.0005,0.0003
L4,Mesen_EndoStromalFib_eSec,Endometrial stroma of early secretory phase,17251,celltype_GarciaAlonso2021,dS,1891,2103,21021,0.8992,0.09
L4,Mesen_EndoStromalFib_eSec,Endometrial stroma of early secretory phase,17251,celltype_GarciaAlonso2021,eS,200,2103,12569,0.0951,0.0159
L4,Mesen_EndoStromalFib_eSec,Endometrial stroma of early secretory phase,17251,celltype_GarciaAlonso2021,PV STEAP4,5,2103,2680,0.0024,0.0019
L4,Mesen_EndoStromalFib_eSec,Endometrial stroma of early secretory phase,17251,celltype_GarciaAlonso2021,Fibroblast C7,4,2103,678,0.0019,0.0059
L4,Mesen_EndoStromalFib_eSec,Endometrial stroma of early secretory phase,17251,celltype_GarciaAlonso2021,Lymphoid,1,2103,1281,0.0005,0.0008
L4,Mesen_EndoStromalFib_eSec,Endometrial stroma of early secretory phase,17251,celltype_GarciaAlonso2021,Myeloid,1,2103,561,0.0005,0.0018
L4,Mesen_EndoStromalFib_eSec,Endometrial stroma of early secretory phase,17251,celltype_GarciaAlonso2021,uSMC,1,2103,3915,0.0005,0.0003
L4,Mesen_EndoStromalFib_eSec,Endometrial stroma of early secretory phase,17251,celltype_HECA,dStromal_early,2735,5229,5517,0.523,0.4957
L4,Mesen_EndoStromalFib_eSec,Endometrial stroma of early secretory phase,17251,celltype_HECA,eStromal,1529,5229,35132,0.2924,0.0435
L4,Mesen_EndoStromalFib_eSec,Endometrial stroma of early secretory phase,17251,celltype_HECA,dStromal_mid,915,5229,21067,0.175,0.0434
L4,Mesen_EndoStromalFib_eSec,Endometrial stroma of early secretory phase,17251,celltype_HECA,dStromal_late,21,5229,2415,0.004,0.0087
L4,Mesen_EndoStromalFib_eSec,Endometrial stroma of early secretory phase,17251,celltype_HECA,sHormones,14,5229,248,0.0027,0.0565
L4,Mesen_EndoStromalFib_eSec,Endometrial stroma of early secretory phase,17251,celltype_HECA,ePV_2,8,5229,3651,0.0015,0.0022
L4,Mesen_EndoStromalFib_eSec,Endometrial stroma of early secretory phase,17251,celltype_HECA,eStromal_cycling,3,5229,4088,0.0006,0.0007
L4,Mesen_EndoStromalFib_eSec,Endometrial stroma of early secretory phase,17251,celltype_HECA,Immune_Myeloid,2,5229,2097,0.0004,0.001
L4,Mesen_EndoStromalFib_eSec,Endometrial stroma of early secretory phase,17251,celltype_HECA,Fibroblast_basalis,1,5229,45,0.0002,0.0222
L4,Mesen_EndoStromalFib_eSec,Endometrial stroma of early secretory phase,17251,celltype_HECA,Immune_Lymphoid,1,5229,17740,0.0002,0.0001
L4,Mesen_EndoStromalFib_eSec,Endometrial stroma of early secretory phase,17251,celltype_Ulrich2024,dS2,1462,3097,23111,0.4721,0.0633
L4,Mesen_EndoStromalFib_eSec,Endometrial stroma of early secretory phase,17251,celltype_Ulrich2024,dS3,1328,3097,15871,0.4288,0.0837
L4,Mesen_EndoStromalFib_eSec,Endometrial stroma of early secretory phase,17251,celltype_Ulrich2024,uSMC,166,3097,7719,0.0536,0.0215
L4,Mesen_EndoStromalFib_eSec,Endometrial stroma of early secretory phase,17251,celltype_Ulrich2024,dS1,86,3097,2595,0.0278,0.0331
L4,Mesen_EndoStromalFib_eSec,Endometrial stroma of early secretory phase,17251,celltype_Ulrich2024,PV-MYH11_CDKN1A+,24,3097,10659,0.0077,0.0023
L4,Mesen_EndoStromalFib_eSec,Endometrial stroma of early secretory phase,17251,celltype_Ulrich2024,eS-proliferative,16,3097,1386,0.0052,0.0115
L4,Mesen_EndoStromalFib_eSec,Endometrial stroma of early secretory phase,17251,celltype_Ulrich2024,C7-Fibroblast,10,3097,1120,0.0032,0.0089
L4,Mesen_EndoStromalFib_eSec,Endometrial stroma of early secretory phase,17251,celltype_Ulrich2024,Tissue-resident-vascular-progenitor,4,3097,203,0.0013,0.0197
L4,Mesen_EndoStromalFib_eSec,Endometrial stroma of early secretory phase,17251,celltype_Ulrich2024,Myoepithelial,1,3097,110,0.0003,0.0091
L4,Mesen_EndoStromalFib_lSec,Endometrial stroma of late secretory phase,36137,celltype_GarciaAlonso2021,dS,3280,3532,21021,0.9287,0.156
L4,Mesen_EndoStromalFib_lSec,Endometrial stroma of late secretory phase,36137,celltype_GarciaAlonso2021,eS,117,3532,12569,0.0331,0.0093
L4,Mesen_EndoStromalFib_lSec,Endometrial stroma of late secretory phase,36137,celltype_GarciaAlonso2021,uSMC,111,3532,3915,0.0314,0.0284
L4,Mesen_EndoStromalFib_lSec,Endometrial stroma of late secretory phase,36137,celltype_GarciaAlonso2021,PV STEAP4,10,3532,2680,0.0028,0.0037
L4,Mesen_EndoStromalFib_lSec,Endometrial stroma of late secretory phase,36137,celltype_GarciaAlonso2021,Fibroblast C7,6,3532,678,0.0017,0.0088
L4,Mesen_EndoStromalFib_lSec,Endometrial stroma of late secretory phase,36137,celltype_GarciaAlonso2021,Other,5,3532,2101,0.0014,0.0024
L4,Mesen_EndoStromalFib_lSec,Endometrial stroma of late secretory phase,36137,celltype_GarciaAlonso2021,Lymphoid,2,3532,1281,0.0006,0.0016
L4,Mesen_EndoStromalFib_lSec,Endometrial stroma of late secretory phase,36137,celltype_GarciaAlonso2021,Ciliated,1,3532,1814,0.0003,0.0006
L4,Mesen_EndoStromalFib_lSec,Endometrial stroma of late secretory phase,36137,celltype_HECA,dStromal_mid,4724,6565,21067,0.7196,0.2242
L4,Mesen_EndoStromalFib_lSec,Endometrial stroma of late secretory phase,36137,celltype_HECA,dStromal_late,1471,6565,2415,0.2241,0.6091
L4,Mesen_EndoStromalFib_lSec,Endometrial stroma of late secretory phase,36137,celltype_HECA,eStromal,221,6565,35132,0.0337,0.0063
L4,Mesen_EndoStromalFib_lSec,Endometrial stroma of late secretory phase,36137,celltype_HECA,dStromal_early,103,6565,5517,0.0157,0.0187
L4,Mesen_EndoStromalFib_lSec,Endometrial stroma of late secretory phase,36137,celltype_HECA,eStromal_cycling,14,6565,4088,0.0021,0.0034
L4,Mesen_EndoStromalFib_lSec,Endometrial stroma of late secretory phase,36137,celltype_HECA,sHormones,13,6565,248,0.002,0.0524
L4,Mesen_EndoStromalFib_lSec,Endometrial stroma of late secretory phase,36137,celltype_HECA,ePV_2,7,6565,3651,0.0011,0.0019
L4,Mesen_EndoStromalFib_lSec,Endometrial stroma of late secretory phase,36137,celltype_HECA,HOXA13,2,6565,203,0.0003,0.0099
L4,Mesen_EndoStromalFib_lSec,Endometrial stroma of late secretory phase,36137,celltype_HECA,Immune_Myeloid,2,6565,2097,0.0003,0.001
L4,Mesen_EndoStromalFib_lSec,Endometrial stroma of late secretory phase,36137,celltype_HECA,ePV_1b,2,6565,1789,0.0003,0.0011
L4,Mesen_EndoStromalFib_lSec,Endometrial stroma of late secretory phase,36137,celltype_HECA,eStromal_MMPs,2,6565,186,0.0003,0.0108
L4,Mesen_EndoStromalFib_lSec,Endometrial stroma of late secretory phase,36137,celltype_HECA,uSMCs,2,6565,957,0.0003,0.0021
L4,Mesen_EndoStromalFib_lSec,Endometrial stroma of late secretory phase,36137,celltype_HECA,Fibroblast_basalis,1,6565,45,0.0002,0.0222
L4,Mesen_EndoStromalFib_lSec,Endometrial stroma of late secretory phase,36137,celltype_HECA,ePV_1a,1,6565,173,0.0002,0.0058
L4,Mesen_EndoStromalFib_lSec,Endometrial stroma of late secretory phase,36137,celltype_Ulrich2024,dS2,2763,4846,23111,0.5702,0.1196
L4,Mesen_EndoStromalFib_lSec,Endometrial stroma of late secretory phase,36137,celltype_Ulrich2024,uSMC,832,4846,7719,0.1717,0.1078
L4,Mesen_EndoStromalFib_lSec,Endometrial stroma of late secretory phase,36137,celltype_Ulrich2024,dS3,607,4846,15871,0.1253,0.0382
L4,Mesen_EndoStromalFib_lSec,Endometrial stroma of late secretory phase,36137,celltype_Ulrich2024,dS1,508,4846,2595,0.1048,0.1958
L4,Mesen_EndoStromalFib_lSec,Endometrial stroma of late secretory phase,36137,celltype_Ulrich2024,PV-MYH11_CDKN1A+,65,4846,10659,0.0134,0.0061
L4,Mesen_EndoStromalFib_lSec,Endometrial stroma of late secretory phase,36137,celltype_Ulrich2024,C7-Fibroblast,19,4846,1120,0.0039,0.017
L4,Mesen_EndoStromalFib_lSec,Endometrial stroma of late secretory phase,36137,celltype_Ulrich2024,PV-STEAP4,17,4846,3531,0.0035,0.0048
L4,Mesen_EndoStromalFib_lSec,Endometrial stroma of late secretory phase,36137,celltype_Ulrich2024,Tissue-resident-vascular-progenitor,15,4846,203,0.0031,0.0739
L4,Mesen_EndoStromalFib_lSec,Endometrial stroma of late secretory phase,36137,celltype_Ulrich2024,eS-proliferative,15,4846,1386,0.0031,0.0108
L4,Mesen_EndoStromalFib_lSec,Endometrial stroma of late secretory phase,36137,celltype_Ulrich2024,Myoepithelial,2,4846,110,0.0004,0.0182
L4,Mesen_EndoStromalFib_lSec,Endometrial stroma of late secretory phase,36137,celltype_Ulrich2024,EndoMT,1,4846,125,0.0002,0.008
L4,Mesen_EndoStromalFib_lSec,Endometrial stroma of late secretory phase,36137,celltype_Ulrich2024,Fibrocytes,1,4846,46,0.0002,0.0217
L4,Mesen_EndoStromalFib_lSec,Endometrial stroma of late secretory phase,36137,celltype_Ulrich2024,RUNX3+_Fibroblast,1,4846,23,0.0002,0.0435
L4,Mesen_EndoStromalFib_mSec,Endometrial stroma of mid secretory phase,103861,celltype_GarciaAlonso2021,dS,6820,7866,21021,0.867,0.3244
L4,Mesen_EndoStromalFib_mSec,Endometrial stroma of mid secretory phase,103861,celltype_GarciaAlonso2021,eS,907,7866,12569,0.1153,0.0722
L4,Mesen_EndoStromalFib_mSec,Endometrial stroma of mid secretory phase,103861,celltype_GarciaAlonso2021,PV STEAP4,60,7866,2680,0.0076,0.0224
L4,Mesen_EndoStromalFib_mSec,Endometrial stroma of mid secretory phase,103861,celltype_GarciaAlonso2021,Fibroblast C7,34,7866,678,0.0043,0.0501
L4,Mesen_EndoStromalFib_mSec,Endometrial stroma of mid secretory phase,103861,celltype_GarciaAlonso2021,Other,26,7866,2101,0.0033,0.0124
L4,Mesen_EndoStromalFib_mSec,Endometrial stroma of mid secretory phase,103861,celltype_GarciaAlonso2021,uSMC,12,7866,3915,0.0015,0.0031
L4,Mesen_EndoStromalFib_mSec,Endometrial stroma of mid secretory phase,103861,celltype_GarciaAlonso2021,Lymphoid,3,7866,1281,0.0004,0.0023
L4,Mesen_EndoStromalFib_mSec,Endometrial stroma of mid secretory phase,103861,celltype_GarciaAlonso2021,Endothelial ACKR1,2,7866,5413,0.0003,0.0004
L4,Mesen_EndoStromalFib_mSec,Endometrial stroma of mid secretory phase,103861,celltype_GarciaAlonso2021,Glandular,1,7866,10071,0.0001,0.0001
L4,Mesen_EndoStromalFib_mSec,Endometrial stroma of mid secretory phase,103861,celltype_GarciaAlonso2021,Lumenal,1,7866,11402,0.0001,0.0001
L4,Mesen_EndoStromalFib_mSec,Endometrial stroma of mid secretory phase,103861,celltype_HECA,dStromal_mid,6954,8787,21067,0.7914,0.3301
L4,Mesen_EndoStromalFib_mSec,Endometrial stroma of mid secretory phase,103861,celltype_HECA,dStromal_early,806,8787,5517,0.0917,0.1461
L4,Mesen_EndoStromalFib_mSec,Endometrial stroma of mid secretory phase,103861,celltype_HECA,eStromal,737,8787,35132,0.0839,0.021
L4,Mesen_EndoStromalFib_mSec,Endometrial stroma of mid secretory phase,103861,celltype_HECA,dStromal_late,186,8787,2415,0.0212,0.077
L4,Mesen_EndoStromalFib_mSec,Endometrial stroma of mid secretory phase,103861,celltype_HECA,sHormones,34,8787,248,0.0039,0.1371
L4,Mesen_EndoStromalFib_mSec,Endometrial stroma of mid secretory phase,103861,celltype_HECA,ePV_2,22,8787,3651,0.0025,0.006
L4,Mesen_EndoStromalFib_mSec,Endometrial stroma of mid secretory phase,103861,celltype_HECA,eStromal_MMPs,20,8787,186,0.0023,0.1075
L4,Mesen_EndoStromalFib_mSec,Endometrial stroma of mid secretory phase,103861,celltype_HECA,Immune_Myeloid,9,8787,2097,0.001,0.0043
L4,Mesen_EndoStromalFib_mSec,Endometrial stroma of mid secretory phase,103861,celltype_HECA,eStromal_cycling,5,8787,4088,0.0006,0.0012
L4,Mesen_EndoStromalFib_mSec,Endometrial stroma of mid secretory phase,103861,celltype_HECA,uSMCs,4,8787,957,0.0005,0.0042
L4,Mesen_EndoStromalFib_mSec,Endometrial stroma of mid secretory phase,103861,celltype_HECA,HOXA13,3,8787,203,0.0003,0.0148
L4,Mesen_EndoStromalFib_mSec,Endometrial stroma of mid secretory phase,103861,celltype_HECA,mPV,3,8787,478,0.0003,0.0063
L4,Mesen_EndoStromalFib_mSec,Endometrial stroma of mid secretory phase,103861,celltype_HECA,Fibroblast_basalis,2,8787,45,0.0002,0.0444
L4,Mesen_EndoStromalFib_mSec,Endometrial stroma of mid secretory phase,103861,celltype_HECA,ePV_1b,2,8787,1789,0.0002,0.0011
L4,Mesen_EndoStromalFib_mSec,Endometrial stroma of mid secretory phase,103861,celltype_Ulrich2024,dS2,4575,9313,23111,0.4912,0.198
L4,Mesen_EndoStromalFib_mSec,Endometrial stroma of mid secretory phase,103861,celltype_Ulrich2024,dS3,2790,9313,15871,0.2996,0.1758
L4,Mesen_EndoStromalFib_mSec,Endometrial stroma of mid secretory phase,103861,celltype_Ulrich2024,dS1,1214,9313,2595,0.1304,0.4678
L4,Mesen_EndoStromalFib_mSec,Endometrial stroma of mid secretory phase,103861,celltype_Ulrich2024,uSMC,436,9313,7719,0.0468,0.0565
L4,Mesen_EndoStromalFib_mSec,Endometrial stroma of mid secretory phase,103861,celltype_Ulrich2024,C7-Fibroblast,106,9313,1120,0.0114,0.0946
L4,Mesen_EndoStromalFib_mSec,Endometrial stroma of mid secretory phase,103861,celltype_Ulrich2024,PV-MYH11_CDKN1A+,104,9313,10659,0.0112,0.0098
L4,Mesen_EndoStromalFib_mSec,Endometrial stroma of mid secretory phase,103861,celltype_Ulrich2024,PV-STEAP4,24,9313,3531,0.0026,0.0068
L4,Mesen_EndoStromalFib_mSec,Endometrial stroma of mid secretory phase,103861,celltype_Ulrich2024,Tissue-resident-vascular-progenitor,23,9313,203,0.0025,0.1133
L4,Mesen_EndoStromalFib_mSec,Endometrial stroma of mid secretory phase,103861,celltype_Ulrich2024,eS-proliferative,23,9313,1386,0.0025,0.0166
L4,Mesen_EndoStromalFib_mSec,Endometrial stroma of mid secretory phase,103861,celltype_Ulrich2024,EndoMT,5,9313,125,0.0005,0.04
L4,Mesen_EndoStromalFib_mSec,Endometrial stroma of mid secretory phase,103861,celltype_Ulrich2024,Myoepithelial,5,9313,110,0.0005,0.0455
L4,Mesen_EndoStromalFib_mSec,Endometrial stroma of mid secretory phase,103861,celltype_Ulrich2024,Fibrocytes,3,9313,46,0.0003,0.0652
L4,Mesen_EndoStromalFib_mSec,Endometrial stroma of mid secretory phase,103861,celltype_Ulrich2024,PV-MYH11_CDKN1A-,2,9313,6396,0.0002,0.0003
L4,Mesen_EndoStromalFib_mSec,Endometrial stroma of mid secretory phase,103861,celltype_Ulrich2024,Hematopoietic-progenitor,1,9313,452,0.0001,0.0022
L4,Mesen_EndoStromalFib_mSec,Endometrial stroma of mid secretory phase,103861,celltype_Ulrich2024,MUC16+_Gland_sec,1,9313,1447,0.0001,0.0007
L4,Mesen_EndoStromalFib_mSec,Endometrial stroma of mid secretory phase,103861,celltype_Ulrich2024,RUNX3+_Fibroblast,1,9313,23,0.0001,0.0435
L4,Mesen_EndoStromalFib_nEMC,Endometrial stroma in no endogenous menstrual cycle (nEMC),48007,celltype_GarciaAlonso2021,dS,471,636,21021,0.7406,0.0224
L4,Mesen_EndoStromalFib_nEMC,Endometrial stroma in no endogenous menstrual cycle (nEMC),48007,celltype_GarciaAlonso2021,eS,129,636,12569,0.2028,0.0103
L4,Mesen_EndoStromalFib_nEMC,Endometrial stroma in no endogenous menstrual cycle (nEMC),48007,celltype_GarciaAlonso2021,Other,15,636,2101,0.0236,0.0071
L4,Mesen_EndoStromalFib_nEMC,Endometrial stroma in no endogenous menstrual cycle (nEMC),48007,celltype_GarciaAlonso2021,uSMC,14,636,3915,0.022,0.0036
L4,Mesen_EndoStromalFib_nEMC,Endometrial stroma in no endogenous menstrual cycle (nEMC),48007,celltype_GarciaAlonso2021,PV STEAP4,3,636,2680,0.0047,0.0011
L4,Mesen_EndoStromalFib_nEMC,Endometrial stroma in no endogenous menstrual cycle (nEMC),48007,celltype_GarciaAlonso2021,Fibroblast C7,2,636,678,0.0031,0.0029
L4,Mesen_EndoStromalFib_nEMC,Endometrial stroma in no endogenous menstrual cycle (nEMC),48007,celltype_GarciaAlonso2021,Lymphoid,1,636,1281,0.0016,0.0008
L4,Mesen_EndoStromalFib_nEMC,Endometrial stroma in no endogenous menstrual cycle (nEMC),48007,celltype_GarciaAlonso2021,Myeloid,1,636,561,0.0016,0.0018
L4,Mesen_EndoStromalFib_nEMC,Endometrial stroma in no endogenous menstrual cycle (nEMC),48007,celltype_HECA,dStromal_mid,330,909,21067,0.363,0.0157
L4,Mesen_EndoStromalFib_nEMC,Endometrial stroma in no endogenous menstrual cycle (nEMC),48007,celltype_HECA,eStromal,269,909,35132,0.2959,0.0077
L4,Mesen_EndoStromalFib_nEMC,Endometrial stroma in no endogenous menstrual cycle (nEMC),48007,celltype_HECA,dStromal_late,165,909,2415,0.1815,0.0683
L4,Mesen_EndoStromalFib_nEMC,Endometrial stroma in no endogenous menstrual cycle (nEMC),48007,celltype_HECA,eStromal_MMPs,80,909,186,0.088,0.4301
L4,Mesen_EndoStromalFib_nEMC,Endometrial stroma in no endogenous menstrual cycle (nEMC),48007,celltype_HECA,dStromal_early,47,909,5517,0.0517,0.0085
L4,Mesen_EndoStromalFib_nEMC,Endometrial stroma in no endogenous menstrual cycle (nEMC),48007,celltype_HECA,sHormones,6,909,248,0.0066,0.0242
L4,Mesen_EndoStromalFib_nEMC,Endometrial stroma in no endogenous menstrual cycle (nEMC),48007,celltype_HECA,Immune_Myeloid,3,909,2097,0.0033,0.0014
L4,Mesen_EndoStromalFib_nEMC,Endometrial stroma in no endogenous menstrual cycle (nEMC),48007,celltype_HECA,eStromal_cycling,3,909,4088,0.0033,0.0007
L4,Mesen_EndoStromalFib_nEMC,Endometrial stroma in no endogenous menstrual cycle (nEMC),48007,celltype_HECA,ePV_2,2,909,3651,0.0022,0.0005
L4,Mesen_EndoStromalFib_nEMC,Endometrial stroma in no endogenous menstrual cycle (nEMC),48007,celltype_HECA,uSMCs,2,909,957,0.0022,0.0021
L4,Mesen_EndoStromalFib_nEMC,Endometrial stroma in no endogenous menstrual cycle (nEMC),48007,celltype_HECA,ePV_1a,1,909,173,0.0011,0.0058
L4,Mesen_EndoStromalFib_nEMC,Endometrial stroma in no endogenous menstrual cycle (nEMC),48007,celltype_HECA,ePV_1b,1,909,1789,0.0011,0.0006
L4,Mesen_EndoStromalFib_nEMC,Endometrial stroma in no endogenous menstrual cycle (nEMC),48007,celltype_Ulrich2024,dS3,359,883,15871,0.4066,0.0226
L4,Mesen_EndoStromalFib_nEMC,Endometrial stroma in no endogenous menstrual cycle (nEMC),48007,celltype_Ulrich2024,dS2,353,883,23111,0.3998,0.0153
L4,Mesen_EndoStromalFib_nEMC,Endometrial stroma in no endogenous menstrual cycle (nEMC),48007,celltype_Ulrich2024,uSMC,112,883,7719,0.1268,0.0145
L4,Mesen_EndoStromalFib_nEMC,Endometrial stroma in no endogenous menstrual cycle (nEMC),48007,celltype_Ulrich2024,dS1,39,883,2595,0.0442,0.015
L4,Mesen_EndoStromalFib_nEMC,Endometrial stroma in no endogenous menstrual cycle (nEMC),48007,celltype_Ulrich2024,C7-Fibroblast,7,883,1120,0.0079,0.0063
L4,Mesen_EndoStromalFib_nEMC,Endometrial stroma in no endogenous menstrual cycle (nEMC),48007,celltype_Ulrich2024,PV-MYH11_CDKN1A+,4,883,10659,0.0045,0.0004
L4,Mesen_EndoStromalFib_nEMC,Endometrial stroma in no endogenous menstrual cycle (nEMC),48007,celltype_Ulrich2024,eS-proliferative,3,883,1386,0.0034,0.0022
L4,Mesen_EndoStromalFib_nEMC,Endometrial stroma in no endogenous menstrual cycle (nEMC),48007,celltype_Ulrich2024,EndoMT,1,883,125,0.0011,0.008
L4,Mesen_EndoStromalFib_nEMC,Endometrial stroma in no endogenous menstrual cycle (nEMC),48007,celltype_Ulrich2024,Fibrocytes,1,883,46,0.0011,0.0217
L4,Mesen_EndoStromalFib_nEMC,Endometrial stroma in no endogenous menstrual cycle (nEMC),48007,celltype_Ulrich2024,Myoepithelial,1,883,110,0.0011,0.0091
L4,Mesen_EndoStromalFib_nEMC,Endometrial stroma in no endogenous menstrual cycle (nEMC),48007,celltype_Ulrich2024,PV-MYH11_CDKN1A-,1,883,6396,0.0011,0.0002
L4,Mesen_EndoStromalFib_nEMC,Endometrial stroma in no endogenous menstrual cycle (nEMC),48007,celltype_Ulrich2024,PV-STEAP4,1,883,3531,0.0011,0.0003
L4,Mesen_EndoStromalFib_nEMC,Endometrial stroma in no endogenous menstrual cycle (nEMC),48007,celltype_Ulrich2024,Tissue-resident-vascular-progenitor,1,883,203,0.0011,0.0049
L4,Mesen_EndoStromalFib_nEMC_Cyc,Endometrial stroma in no endogenous menstrual cycle (nEMC) cycling,12895,celltype_GarciaAlonso2021,eS,71,135,12569,0.5259,0.0056
L4,Mesen_EndoStromalFib_nEMC_Cyc,Endometrial stroma in no endogenous menstrual cycle (nEMC) cycling,12895,celltype_GarciaAlonso2021,dS,57,135,21021,0.4222,0.0027
L4,Mesen_EndoStromalFib_nEMC_Cyc,Endometrial stroma in no endogenous menstrual cycle (nEMC) cycling,12895,celltype_GarciaAlonso2021,Fibroblast C7,3,135,678,0.0222,0.0044
L4,Mesen_EndoStromalFib_nEMC_Cyc,Endometrial stroma in no endogenous menstrual cycle (nEMC) cycling,12895,celltype_GarciaAlonso2021,PV STEAP4,2,135,2680,0.0148,0.0007
L4,Mesen_EndoStromalFib_nEMC_Cyc,Endometrial stroma in no endogenous menstrual cycle (nEMC) cycling,12895,celltype_GarciaAlonso2021,uSMC,2,135,3915,0.0148,0.0005
L4,Mesen_EndoStromalFib_nEMC_Cyc,Endometrial stroma in no endogenous menstrual cycle (nEMC) cycling,12895,celltype_HECA,eStromal,371,458,35132,0.81,0.0106
L4,Mesen_EndoStromalFib_nEMC_Cyc,Endometrial stroma in no endogenous menstrual cycle (nEMC) cycling,12895,celltype_HECA,dStromal_mid,37,458,21067,0.0808,0.0018
L4,Mesen_EndoStromalFib_nEMC_Cyc,Endometrial stroma in no endogenous menstrual cycle (nEMC) cycling,12895,celltype_HECA,dStromal_early,24,458,5517,0.0524,0.0044
L4,Mesen_EndoStromalFib_nEMC_Cyc,Endometrial stroma in no endogenous menstrual cycle (nEMC) cycling,12895,celltype_HECA,sHormones,8,458,248,0.0175,0.0323
L4,Mesen_EndoStromalFib_nEMC_Cyc,Endometrial stroma in no endogenous menstrual cycle (nEMC) cycling,12895,celltype_HECA,ePV_2,6,458,3651,0.0131,0.0016
L4,Mesen_EndoStromalFib_nEMC_Cyc,Endometrial stroma in no endogenous menstrual cycle (nEMC) cycling,12895,celltype_HECA,eStromal_cycling,5,458,4088,0.0109,0.0012
L4,Mesen_EndoStromalFib_nEMC_Cyc,Endometrial stroma in no endogenous menstrual cycle (nEMC) cycling,12895,celltype_HECA,dStromal_late,4,458,2415,0.0087,0.0017
L4,Mesen_EndoStromalFib_nEMC_Cyc,Endometrial stroma in no endogenous menstrual cycle (nEMC) cycling,12895,celltype_HECA,eStromal_MMPs,2,458,186,0.0044,0.0108
L4,Mesen_EndoStromalFib_nEMC_Cyc,Endometrial stroma in no endogenous menstrual cycle (nEMC) cycling,12895,celltype_HECA,Fibroblast_basalis,1,458,45,0.0022,0.0222
L4,Mesen_EndoStromalFib_nEMC_Cyc,Endometrial stroma in no endogenous menstrual cycle (nEMC) cycling,12895,celltype_Ulrich2024,dS3,116,182,15871,0.6374,0.0073
L4,Mesen_EndoStromalFib_nEMC_Cyc,Endometrial stroma in no endogenous menstrual cycle (nEMC) cycling,12895,celltype_Ulrich2024,dS2,48,182,23111,0.2637,0.0021
L4,Mesen_EndoStromalFib_nEMC_Cyc,Endometrial stroma in no endogenous menstrual cycle (nEMC) cycling,12895,celltype_Ulrich2024,uSMC,11,182,7719,0.0604,0.0014
L4,Mesen_EndoStromalFib_nEMC_Cyc,Endometrial stroma in no endogenous menstrual cycle (nEMC) cycling,12895,celltype_Ulrich2024,C7-Fibroblast,6,182,1120,0.033,0.0054
L4,Mesen_EndoStromalFib_nEMC_Cyc,Endometrial stroma in no endogenous menstrual cycle (nEMC) cycling,12895,celltype_Ulrich2024,eS-proliferative,1,182,1386,0.0055,0.0007
L4,Mesen_EndoStromalFib_nEMC_Sec,"Endometrial stroma in no endogenous menstrual cycle (nEMC), decidualised",50283,celltype_GarciaAlonso2021,dS,6949,7490,21021,0.9278,0.3306
L4,Mesen_EndoStromalFib_nEMC_Sec,"Endometrial stroma in no endogenous menstrual cycle (nEMC), decidualised",50283,celltype_GarciaAlonso2021,eS,453,7490,12569,0.0605,0.036
L4,Mesen_EndoStromalFib_nEMC_Sec,"Endometrial stroma in no endogenous menstrual cycle (nEMC), decidualised",50283,celltype_GarciaAlonso2021,uSMC,53,7490,3915,0.0071,0.0135
L4,Mesen_EndoStromalFib_nEMC_Sec,"Endometrial stroma in no endogenous menstrual cycle (nEMC), decidualised",50283,celltype_GarciaAlonso2021,Fibroblast C7,12,7490,678,0.0016,0.0177
L4,Mesen_EndoStromalFib_nEMC_Sec,"Endometrial stroma in no endogenous menstrual cycle (nEMC), decidualised",50283,celltype_GarciaAlonso2021,Lymphoid,12,7490,1281,0.0016,0.0094
L4,Mesen_EndoStromalFib_nEMC_Sec,"Endometrial stroma in no endogenous menstrual cycle (nEMC), decidualised",50283,celltype_GarciaAlonso2021,Other,5,7490,2101,0.0007,0.0024
L4,Mesen_EndoStromalFib_nEMC_Sec,"Endometrial stroma in no endogenous menstrual cycle (nEMC), decidualised",50283,celltype_GarciaAlonso2021,PV STEAP4,3,7490,2680,0.0004,0.0011
L4,Mesen_EndoStromalFib_nEMC_Sec,"Endometrial stroma in no endogenous menstrual cycle (nEMC), decidualised",50283,celltype_GarciaAlonso2021,Myeloid,2,7490,561,0.0003,0.0036
L4,Mesen_EndoStromalFib_nEMC_Sec,"Endometrial stroma in no endogenous menstrual cycle (nEMC), decidualised",50283,celltype_GarciaAlonso2021,Endothelial ACKR1,1,7490,5413,0.0001,0.0002
L4,Mesen_EndoStromalFib_nEMC_Sec,"Endometrial stroma in no endogenous menstrual cycle (nEMC), decidualised",50283,celltype_HECA,dStromal_mid,7242,8442,21067,0.8579,0.3438
L4,Mesen_EndoStromalFib_nEMC_Sec,"Endometrial stroma in no endogenous menstrual cycle (nEMC), decidualised",50283,celltype_HECA,dStromal_late,463,8442,2415,0.0548,0.1917
L4,Mesen_EndoStromalFib_nEMC_Sec,"Endometrial stroma in no endogenous menstrual cycle (nEMC), decidualised",50283,celltype_HECA,dStromal_early,375,8442,5517,0.0444,0.068
L4,Mesen_EndoStromalFib_nEMC_Sec,"Endometrial stroma in no endogenous menstrual cycle (nEMC), decidualised",50283,celltype_HECA,eStromal,322,8442,35132,0.0381,0.0092
L4,Mesen_EndoStromalFib_nEMC_Sec,"Endometrial stroma in no endogenous menstrual cycle (nEMC), decidualised",50283,celltype_HECA,sHormones,17,8442,248,0.002,0.0685
L4,Mesen_EndoStromalFib_nEMC_Sec,"Endometrial stroma in no endogenous menstrual cycle (nEMC), decidualised",50283,celltype_HECA,eStromal_MMPs,9,8442,186,0.0011,0.0484
L4,Mesen_EndoStromalFib_nEMC_Sec,"Endometrial stroma in no endogenous menstrual cycle (nEMC), decidualised",50283,celltype_HECA,Immune_Myeloid,6,8442,2097,0.0007,0.0029
L4,Mesen_EndoStromalFib_nEMC_Sec,"Endometrial stroma in no endogenous menstrual cycle (nEMC), decidualised",50283,celltype_HECA,eStromal_cycling,5,8442,4088,0.0006,0.0012
L4,Mesen_EndoStromalFib_nEMC_Sec,"Endometrial stroma in no endogenous menstrual cycle (nEMC), decidualised",50283,celltype_HECA,dHormones,1,8442,1,0.0001,1.0
L4,Mesen_EndoStromalFib_nEMC_Sec,"Endometrial stroma in no endogenous menstrual cycle (nEMC), decidualised",50283,celltype_HECA,ePV_1b,1,8442,1789,0.0001,0.0006
L4,Mesen_EndoStromalFib_nEMC_Sec,"Endometrial stroma in no endogenous menstrual cycle (nEMC), decidualised",50283,celltype_HECA,ePV_2,1,8442,3651,0.0001,0.0003
L4,Mesen_EndoStromalFib_nEMC_Sec,"Endometrial stroma in no endogenous menstrual cycle (nEMC), decidualised",50283,celltype_Ulrich2024,dS2,4660,8310,23111,0.5608,0.2016
L4,Mesen_EndoStromalFib_nEMC_Sec,"Endometrial stroma in no endogenous menstrual cycle (nEMC), decidualised",50283,celltype_Ulrich2024,dS3,1905,8310,15871,0.2292,0.12
L4,Mesen_EndoStromalFib_nEMC_Sec,"Endometrial stroma in no endogenous menstrual cycle (nEMC), decidualised",50283,celltype_Ulrich2024,uSMC,1105,8310,7719,0.133,0.1432
L4,Mesen_EndoStromalFib_nEMC_Sec,"Endometrial stroma in no endogenous menstrual cycle (nEMC), decidualised",50283,celltype_Ulrich2024,dS1,540,8310,2595,0.065,0.2081
L4,Mesen_EndoStromalFib_nEMC_Sec,"Endometrial stroma in no endogenous menstrual cycle (nEMC), decidualised",50283,celltype_Ulrich2024,PV-MYH11_CDKN1A+,49,8310,10659,0.0059,0.0046
L4,Mesen_EndoStromalFib_nEMC_Sec,"Endometrial stroma in no endogenous menstrual cycle (nEMC), decidualised",50283,celltype_Ulrich2024,C7-Fibroblast,21,8310,1120,0.0025,0.0187
L4,Mesen_EndoStromalFib_nEMC_Sec,"Endometrial stroma in no endogenous menstrual cycle (nEMC), decidualised",50283,celltype_Ulrich2024,Tissue-resident-vascular-progenitor,19,8310,203,0.0023,0.0936
L4,Mesen_EndoStromalFib_nEMC_Sec,"Endometrial stroma in no endogenous menstrual cycle (nEMC), decidualised",50283,celltype_Ulrich2024,eS-proliferative,6,8310,1386,0.0007,0.0043
L4,Mesen_EndoStromalFib_nEMC_Sec,"Endometrial stroma in no endogenous menstrual cycle (nEMC), decidualised",50283,celltype_Ulrich2024,PV-STEAP4,2,8310,3531,0.0002,0.0006
L4,Mesen_EndoStromalFib_nEMC_Sec,"Endometrial stroma in no endogenous menstrual cycle (nEMC), decidualised",50283,celltype_Ulrich2024,EndoMT,1,8310,125,0.0001,0.008
L4,Mesen_EndoStromalFib_nEMC_Sec,"Endometrial stroma in no endogenous menstrual cycle (nEMC), decidualised",50283,celltype_Ulrich2024,Fibrocytes,1,8310,46,0.0001,0.0217
L4,Mesen_EndoStromalFib_nEMC_Sec,"Endometrial stroma in no endogenous menstrual cycle (nEMC), decidualised",50283,celltype_Ulrich2024,Myoepithelial,1,8310,110,0.0001,0.0091
L4,Mesen_EpoophronFib_Fetal,Fetal epoophoron fibroblast,13877,celltype_GarciaAlonso2022,Mesenchymal_GATA2,6189,6428,42064,0.9628,0.1471
L4,Mesen_EpoophronFib_Fetal,Fetal epoophoron fibroblast,13877,celltype_GarciaAlonso2022,Oi,147,6428,23391,0.0229,0.0063
L4,Mesen_EpoophronFib_Fetal,Fetal epoophoron fibroblast,13877,celltype_GarciaAlonso2022,PV,75,6428,9621,0.0117,0.0078
L4,Mesen_EpoophronFib_Fetal,Fetal epoophoron fibroblast,13877,celltype_GarciaAlonso2022,SMCs,9,6428,2910,0.0014,0.0031
L4,Mesen_EpoophronFib_Fetal,Fetal epoophoron fibroblast,13877,celltype_GarciaAlonso2022,preGC_I,3,6428,15678,0.0005,0.0002
L4,Mesen_EpoophronFib_Fetal,Fetal epoophoron fibroblast,13877,celltype_GarciaAlonso2022,Gi,2,6428,2853,0.0003,0.0007
L4,Mesen_EpoophronFib_Fetal,Fetal epoophoron fibroblast,13877,celltype_GarciaAlonso2022,Immune,2,6428,1802,0.0003,0.0011
L4,Mesen_EpoophronFib_Fetal,Fetal epoophoron fibroblast,13877,celltype_GarciaAlonso2022,Epithelial,1,6428,9596,0.0002,0.0001
L4,Mesen_EpoophronFib_Fetal,Fetal epoophoron fibroblast,13877,celltype_Lardenois2026,Interstitial,13,19,9615,0.6842,0.0014
L4,Mesen_EpoophronFib_Fetal,Fetal epoophoron fibroblast,13877,celltype_Lardenois2026,Perivascular,6,19,147,0.3158,0.0408
L4,Mesen_EpoophronFib_Fetal,Fetal epoophoron fibroblast,13877,celltype_Lorenzi2025,Epoophron Mese,7069,8051,12245,0.878,0.5773
L4,Mesen_EpoophronFib_Fetal,Fetal epoophoron fibroblast,13877,celltype_Lorenzi2025,Wolffian/Mesonephros Mese,325,8051,18850,0.0404,0.0172
L4,Mesen_EpoophronFib_Fetal,Fetal epoophoron fibroblast,13877,celltype_Lorenzi2025,Fallopian Lig,273,8051,17659,0.0339,0.0155
L4,Mesen_EpoophronFib_Fetal,Fetal epoophoron fibroblast,13877,celltype_Lorenzi2025,Pre-Perivascular,212,8051,3970,0.0263,0.0534
L4,Mesen_EpoophronFib_Fetal,Fetal epoophoron fibroblast,13877,celltype_Lorenzi2025,Uterus Lig,54,8051,10625,0.0067,0.0051
L4,Mesen_EpoophronFib_Fetal,Fetal epoophoron fibroblast,13877,celltype_Lorenzi2025,Fallopian Mese,33,8051,29799,0.0041,0.0011
L4,Mesen_EpoophronFib_Fetal,Fetal epoophoron fibroblast,13877,celltype_Lorenzi2025,Cervix/Vagina Lig,18,8051,7698,0.0022,0.0023
L4,Mesen_EpoophronFib_Fetal,Fetal epoophoron fibroblast,13877,celltype_Lorenzi2025,Glans,16,8051,5648,0.002,0.0028
L4,Mesen_EpoophronFib_Fetal,Fetal epoophoron fibroblast,13877,celltype_Lorenzi2025,Perivascular,16,8051,13206,0.002,0.0012
L4,Mesen_EpoophronFib_Fetal,Fetal epoophoron fibroblast,13877,celltype_Lorenzi2025,Wolffian/Mesonephros Lig,11,8051,614,0.0014,0.0179
L4,Mesen_EpoophronFib_Fetal,Fetal epoophoron fibroblast,13877,celltype_Lorenzi2025,Cervix/Upper Vagina SmMu,4,8051,11093,0.0005,0.0004
L4,Mesen_EpoophronFib_Fetal,Fetal epoophoron fibroblast,13877,celltype_Lorenzi2025,Urogenital Sinus Lig,4,8051,5172,0.0005,0.0008
L4,Mesen_EpoophronFib_Fetal,Fetal epoophoron fibroblast,13877,celltype_Lorenzi2025,Uterus SmMu,4,8051,7029,0.0005,0.0006
L4,Mesen_EpoophronFib_Fetal,Fetal epoophoron fibroblast,13877,celltype_Lorenzi2025,Fallopian SmMu,2,8051,5499,0.0002,0.0004
L4,Mesen_EpoophronFib_Fetal,Fetal epoophoron fibroblast,13877,celltype_Lorenzi2025,Lower Vagina Mese,2,8051,3228,0.0002,0.0006
L4,Mesen_EpoophronFib_Fetal,Fetal epoophoron fibroblast,13877,celltype_Lorenzi2025,Vas Deferens Mese,2,8051,1966,0.0002,0.001
L4,Mesen_EpoophronFib_Fetal,Fetal epoophoron fibroblast,13877,celltype_Lorenzi2025,Cervix Mese,1,8051,8232,0.0001,0.0001
L4,Mesen_EpoophronFib_Fetal,Fetal epoophoron fibroblast,13877,celltype_Lorenzi2025,Corpus Cavernosum,1,8051,9075,0.0001,0.0001
L4,Mesen_EpoophronFib_Fetal,Fetal epoophoron fibroblast,13877,celltype_Lorenzi2025,Lower Urogenital Sinus Mese,1,8051,6828,0.0001,0.0001
L4,Mesen_EpoophronFib_Fetal,Fetal epoophoron fibroblast,13877,celltype_Lorenzi2025,Lower Vagina Epi,1,8051,6543,0.0001,0.0002
L4,Mesen_EpoophronFib_Fetal,Fetal epoophoron fibroblast,13877,celltype_Lorenzi2025,Upper Urogenital Sinus Mese,1,8051,2667,0.0001,0.0004
L4,Mesen_EpoophronFib_Fetal,Fetal epoophoron fibroblast,13877,celltype_Lorenzi2025,Uterus Mese,1,8051,29149,0.0001,0.0
L4,Mesen_EpoophronFib_Fetal,Fetal epoophoron fibroblast,13877,celltype_OvarySanger2026,Epoophon_mesen_Fetal,3968,5895,4579,0.6731,0.8666
L4,Mesen_EpoophronFib_Fetal,Fetal epoophoron fibroblast,13877,celltype_OvarySanger2026,RepTract_prePV_Fetal,1196,5895,5285,0.2029,0.2263
L4,Mesen_EpoophronFib_Fetal,Fetal epoophoron fibroblast,13877,celltype_OvarySanger2026,Fallopian_lig_Fetal,478,5895,3990,0.0811,0.1198
L4,Mesen_EpoophronFib_Fetal,Fetal epoophoron fibroblast,13877,celltype_OvarySanger2026,Stroma_Fetal,117,5895,15369,0.0198,0.0076
L4,Mesen_EpoophronFib_Fetal,Fetal epoophoron fibroblast,13877,celltype_OvarySanger2026,Fallopian_mesen_Fetal,55,5895,7774,0.0093,0.0071
L4,Mesen_EpoophronFib_Fetal,Fetal epoophoron fibroblast,13877,celltype_OvarySanger2026,Stroma_Medulla,22,5895,9919,0.0037,0.0022
L4,Mesen_EpoophronFib_Fetal,Fetal epoophoron fibroblast,13877,celltype_OvarySanger2026,Stroma_InnCor,20,5895,75307,0.0034,0.0003
L4,Mesen_EpoophronFib_Fetal,Fetal epoophoron fibroblast,13877,celltype_OvarySanger2026,PV_Fetal,15,5895,3555,0.0025,0.0042
L4,Mesen_EpoophronFib_Fetal,Fetal epoophoron fibroblast,13877,celltype_OvarySanger2026,FibC3,10,5895,5463,0.0017,0.0018
L4,Mesen_EpoophronFib_Fetal,Fetal epoophoron fibroblast,13877,celltype_OvarySanger2026,Stroma_OutCor,7,5895,2898,0.0012,0.0024
L4,Mesen_EpoophronFib_Fetal,Fetal epoophoron fibroblast,13877,celltype_OvarySanger2026,Fallopian_SMCs_Fetal,2,5895,2339,0.0003,0.0009
L4,Mesen_EpoophronFib_Fetal,Fetal epoophoron fibroblast,13877,celltype_OvarySanger2026,SMCs,2,5895,474,0.0003,0.0042
L4,Mesen_EpoophronFib_Fetal,Fetal epoophoron fibroblast,13877,celltype_OvarySanger2026,preGranulosa_I_Fetal,2,5895,5506,0.0003,0.0004
L4,Mesen_EpoophronFib_Fetal,Fetal epoophoron fibroblast,13877,celltype_OvarySanger2026,Epithelial,1,5895,5470,0.0002,0.0002
L4,Mesen_FallopianFib_Fetal,Fetal fallopian tube fibroblast,41092,celltype_GarciaAlonso2022,Mesenchymal_GATA2,8950,9033,42064,0.9908,0.2128
L4,Mesen_FallopianFib_Fetal,Fetal fallopian tube fibroblast,41092,celltype_GarciaAlonso2022,Oi,39,9033,23391,0.0043,0.0017
L4,Mesen_FallopianFib_Fetal,Fetal fallopian tube fibroblast,41092,celltype_GarciaAlonso2022,CoelEpi_GATA2,11,9033,3446,0.0012,0.0032
L4,Mesen_FallopianFib_Fetal,Fetal fallopian tube fibroblast,41092,celltype_GarciaAlonso2022,preGC_I,8,9033,15678,0.0009,0.0005
L4,Mesen_FallopianFib_Fetal,Fetal fallopian tube fibroblast,41092,celltype_GarciaAlonso2022,Epithelial,6,9033,9596,0.0007,0.0006
L4,Mesen_FallopianFib_Fetal,Fetal fallopian tube fibroblast,41092,celltype_GarciaAlonso2022,SMCs,6,9033,2910,0.0007,0.0021
L4,Mesen_FallopianFib_Fetal,Fetal fallopian tube fibroblast,41092,celltype_GarciaAlonso2022,PV,5,9033,9621,0.0006,0.0005
L4,Mesen_FallopianFib_Fetal,Fetal fallopian tube fibroblast,41092,celltype_GarciaAlonso2022,Gi,4,9033,2853,0.0004,0.0014
L4,Mesen_FallopianFib_Fetal,Fetal fallopian tube fibroblast,41092,celltype_GarciaAlonso2022,CoelEpi_LHX9,1,9033,4334,0.0001,0.0002
L4,Mesen_FallopianFib_Fetal,Fetal fallopian tube fibroblast,41092,celltype_GarciaAlonso2022,Immune,1,9033,1802,0.0001,0.0006
L4,Mesen_FallopianFib_Fetal,Fetal fallopian tube fibroblast,41092,celltype_GarciaAlonso2022,Neural,1,9033,1893,0.0001,0.0005
L4,Mesen_FallopianFib_Fetal,Fetal fallopian tube fibroblast,41092,celltype_GarciaAlonso2022,preGC_IIa,1,9033,12096,0.0001,0.0001
L4,Mesen_FallopianFib_Fetal,Fetal fallopian tube fibroblast,41092,celltype_Lardenois2026,Interstitial,9,11,9615,0.8182,0.0009
L4,Mesen_FallopianFib_Fetal,Fetal fallopian tube fibroblast,41092,celltype_Lardenois2026,Extragonadal_CE,1,11,538,0.0909,0.0019
L4,Mesen_FallopianFib_Fetal,Fetal fallopian tube fibroblast,41092,celltype_Lardenois2026,Mesonephric_mesenchymal,1,11,406,0.0909,0.0025
L4,Mesen_FallopianFib_Fetal,Fetal fallopian tube fibroblast,41092,celltype_Lorenzi2025,Fallopian Mese,27801,33543,29799,0.8288,0.933
L4,Mesen_FallopianFib_Fetal,Fetal fallopian tube fibroblast,41092,celltype_Lorenzi2025,Fallopian Lig,4193,33543,17659,0.125,0.2374
L4,Mesen_FallopianFib_Fetal,Fetal fallopian tube fibroblast,41092,celltype_Lorenzi2025,Uterus Mese,678,33543,29149,0.0202,0.0233
L4,Mesen_FallopianFib_Fetal,Fetal fallopian tube fibroblast,41092,celltype_Lorenzi2025,Perivascular,305,33543,13206,0.0091,0.0231
L4,Mesen_FallopianFib_Fetal,Fetal fallopian tube fibroblast,41092,celltype_Lorenzi2025,Müllerian Mese,189,33543,2592,0.0056,0.0729
L4,Mesen_FallopianFib_Fetal,Fetal fallopian tube fibroblast,41092,celltype_Lorenzi2025,Fallopian SmMu,152,33543,5499,0.0045,0.0276
L4,Mesen_FallopianFib_Fetal,Fetal fallopian tube fibroblast,41092,celltype_Lorenzi2025,Wolffian/Mesonephros Mese,45,33543,18850,0.0013,0.0024
L4,Mesen_FallopianFib_Fetal,Fetal fallopian tube fibroblast,41092,celltype_Lorenzi2025,Epoophron Mese,38,33543,12245,0.0011,0.0031
L4,Mesen_FallopianFib_Fetal,Fetal fallopian tube fibroblast,41092,celltype_Lorenzi2025,Glans,37,33543,5648,0.0011,0.0066
L4,Mesen_FallopianFib_Fetal,Fetal fallopian tube fibroblast,41092,celltype_Lorenzi2025,Vas Deferens Mese,22,33543,1966,0.0007,0.0112
L4,Mesen_FallopianFib_Fetal,Fetal fallopian tube fibroblast,41092,celltype_Lorenzi2025,Uterus Lig,15,33543,10625,0.0004,0.0014
L4,Mesen_FallopianFib_Fetal,Fetal fallopian tube fibroblast,41092,celltype_Lorenzi2025,Coelomic Epi,12,33543,6305,0.0004,0.0019
L4,Mesen_FallopianFib_Fetal,Fetal fallopian tube fibroblast,41092,celltype_Lorenzi2025,Urogenital Sinus Lig,11,33543,5172,0.0003,0.0021
L4,Mesen_FallopianFib_Fetal,Fetal fallopian tube fibroblast,41092,celltype_Lorenzi2025,Cervix Mese,8,33543,8232,0.0002,0.001
L4,Mesen_FallopianFib_Fetal,Fetal fallopian tube fibroblast,41092,celltype_Lorenzi2025,Fallopian Epi,8,33543,7650,0.0002,0.001
L4,Mesen_FallopianFib_Fetal,Fetal fallopian tube fibroblast,41092,celltype_Lorenzi2025,Pre-Perivascular,8,33543,3970,0.0002,0.002
L4,Mesen_FallopianFib_Fetal,Fetal fallopian tube fibroblast,41092,celltype_Lorenzi2025,Uterus SmMu,5,33543,7029,0.0001,0.0007
L4,Mesen_FallopianFib_Fetal,Fetal fallopian tube fibroblast,41092,celltype_Lorenzi2025,Immune,3,33543,2126,0.0001,0.0014
L4,Mesen_FallopianFib_Fetal,Fetal fallopian tube fibroblast,41092,celltype_Lorenzi2025,Cervix/Upper Vagina SmMu,2,33543,11093,0.0001,0.0002
L4,Mesen_FallopianFib_Fetal,Fetal fallopian tube fibroblast,41092,celltype_Lorenzi2025,Endothelial,2,33543,7907,0.0001,0.0003
L4,Mesen_FallopianFib_Fetal,Fetal fallopian tube fibroblast,41092,celltype_Lorenzi2025,Lower Urogenital Sinus Mese,2,33543,6828,0.0001,0.0003
L4,Mesen_FallopianFib_Fetal,Fetal fallopian tube fibroblast,41092,celltype_Lorenzi2025,Upper Urogenital Sinus Mese,2,33543,2667,0.0001,0.0007
L4,Mesen_FallopianFib_Fetal,Fetal fallopian tube fibroblast,41092,celltype_Lorenzi2025,Cervix/Vagina Lig,1,33543,7698,0.0,0.0001
L4,Mesen_FallopianFib_Fetal,Fetal fallopian tube fibroblast,41092,celltype_Lorenzi2025,Corpus Spongiosum,1,33543,6065,0.0,0.0002
L4,Mesen_FallopianFib_Fetal,Fetal fallopian tube fibroblast,41092,celltype_Lorenzi2025,Labio-Scrotal Swelling,1,33543,3319,0.0,0.0003
L4,Mesen_FallopianFib_Fetal,Fetal fallopian tube fibroblast,41092,celltype_Lorenzi2025,Prepuce,1,33543,3904,0.0,0.0003
L4,Mesen_FallopianFib_Fetal,Fetal fallopian tube fibroblast,41092,celltype_Lorenzi2025,Uterus/Cervix Epi,1,33543,7381,0.0,0.0001
L4,Mesen_FallopianFib_Fetal,Fetal fallopian tube fibroblast,41092,celltype_OvarySanger2026,Fallopian_mesen_Fetal,6158,6378,7774,0.9655,0.7921
L4,Mesen_FallopianFib_Fetal,Fetal fallopian tube fibroblast,41092,celltype_OvarySanger2026,Fallopian_lig_Fetal,159,6378,3990,0.0249,0.0398
L4,Mesen_FallopianFib_Fetal,Fetal fallopian tube fibroblast,41092,celltype_OvarySanger2026,Epoophon_mesen_Fetal,24,6378,4579,0.0038,0.0052
L4,Mesen_FallopianFib_Fetal,Fetal fallopian tube fibroblast,41092,celltype_OvarySanger2026,Stroma_Fetal,11,6378,15369,0.0017,0.0007
L4,Mesen_FallopianFib_Fetal,Fetal fallopian tube fibroblast,41092,celltype_OvarySanger2026,Epithelial,5,6378,5470,0.0008,0.0009
L4,Mesen_FallopianFib_Fetal,Fetal fallopian tube fibroblast,41092,celltype_OvarySanger2026,Fallopian_SMCs_Fetal,5,6378,2339,0.0008,0.0021
L4,Mesen_FallopianFib_Fetal,Fetal fallopian tube fibroblast,41092,celltype_OvarySanger2026,Stroma_OutCor,4,6378,2898,0.0006,0.0014
L4,Mesen_FallopianFib_Fetal,Fetal fallopian tube fibroblast,41092,celltype_OvarySanger2026,preGranulosa_I_Fetal,3,6378,5506,0.0005,0.0005
L4,Mesen_FallopianFib_Fetal,Fetal fallopian tube fibroblast,41092,celltype_OvarySanger2026,RepTract_prePV_Fetal,2,6378,5285,0.0003,0.0004
L4,Mesen_FallopianFib_Fetal,Fetal fallopian tube fibroblast,41092,celltype_OvarySanger2026,SMCs,2,6378,474,0.0003,0.0042
L4,Mesen_FallopianFib_Fetal,Fetal fallopian tube fibroblast,41092,celltype_OvarySanger2026,Stroma_InnCor,2,6378,75307,0.0003,0.0
L4,Mesen_FallopianFib_Fetal,Fetal fallopian tube fibroblast,41092,celltype_OvarySanger2026,Neural_Glia_Adult,1,6378,650,0.0002,0.0015
L4,Mesen_FallopianFib_Fetal,Fetal fallopian tube fibroblast,41092,celltype_OvarySanger2026,PV_Fetal,1,6378,3555,0.0002,0.0003
L4,Mesen_FallopianFib_Fetal,Fetal fallopian tube fibroblast,41092,celltype_OvarySanger2026,PV_Fibroblast,1,6378,1060,0.0002,0.0009
L4,Mesen_FallopianFibs,Fallopian tube stroma,64649,celltype_Ulrich2022,myofibroblast cell,9529,10450,9937,0.9119,0.9589
L4,Mesen_FallopianFibs,Fallopian tube stroma,64649,celltype_Ulrich2022,fibroblast,784,10450,4969,0.075,0.1578
L4,Mesen_FallopianFibs,Fallopian tube stroma,64649,celltype_Ulrich2022,smooth muscle cell,130,10450,3500,0.0124,0.0371
L4,Mesen_FallopianFibs,Fallopian tube stroma,64649,celltype_Ulrich2022,macrophage,5,10450,3103,0.0005,0.0016
L4,Mesen_FallopianFibs,Fallopian tube stroma,64649,celltype_Ulrich2022,ciliated epithelial cell,2,10450,1702,0.0002,0.0012
L4,Mesen_FallopianFibs,Fallopian tube stroma,64649,celltype_Weigert2025,stromal cell,41325,42170,51072,0.98,0.8092
L4,Mesen_FallopianFibs,Fallopian tube stroma,64649,celltype_Weigert2025,smooth muscle cell,744,42170,3306,0.0176,0.225
L4,Mesen_FallopianFibs,Fallopian tube stroma,64649,celltype_Weigert2025,perivascular cell,51,42170,8542,0.0012,0.006
L4,Mesen_FallopianFibs,Fallopian tube stroma,64649,celltype_Weigert2025,peg cell,16,42170,4600,0.0004,0.0035
L4,Mesen_FallopianFibs,Fallopian tube stroma,64649,celltype_Weigert2025,ciliated epithelial cell,11,42170,5184,0.0003,0.0021
L4,Mesen_FallopianFibs,Fallopian tube stroma,64649,celltype_Weigert2025,fallopian tube secretory epithelial cell,10,42170,3364,0.0002,0.003
L4,Mesen_FallopianFibs,Fallopian tube stroma,64649,celltype_Weigert2025,endothelial cell,8,42170,4780,0.0002,0.0017
L4,Mesen_FallopianFibs,Fallopian tube stroma,64649,celltype_Weigert2025,mast cell,2,42170,592,0.0,0.0034
L4,Mesen_FallopianFibs,Fallopian tube stroma,64649,celltype_Weigert2025,macrophage,2,42170,5151,0.0,0.0004
L4,Mesen_FallopianFibs,Fallopian tube stroma,64649,celltype_Weigert2025,lymphocyte,1,42170,11837,0.0,0.0001
L4,Mesen_FallopianLig_Fetal,Fetal fallopian tube ligament fibroblast,18265,celltype_GarciaAlonso2022,Mesenchymal_GATA2,4421,4712,42064,0.9382,0.1051
L4,Mesen_FallopianLig_Fetal,Fetal fallopian tube ligament fibroblast,18265,celltype_GarciaAlonso2022,Oi,264,4712,23391,0.056,0.0113
L4,Mesen_FallopianLig_Fetal,Fetal fallopian tube ligament fibroblast,18265,celltype_GarciaAlonso2022,CoelEpi_GATA2,8,4712,3446,0.0017,0.0023
L4,Mesen_FallopianLig_Fetal,Fetal fallopian tube ligament fibroblast,18265,celltype_GarciaAlonso2022,PV,7,4712,9621,0.0015,0.0007
L4,Mesen_FallopianLig_Fetal,Fetal fallopian tube ligament fibroblast,18265,celltype_GarciaAlonso2022,Gi,4,4712,2853,0.0008,0.0014
L4,Mesen_FallopianLig_Fetal,Fetal fallopian tube ligament fibroblast,18265,celltype_GarciaAlonso2022,SMCs,4,4712,2910,0.0008,0.0014
L4,Mesen_FallopianLig_Fetal,Fetal fallopian tube ligament fibroblast,18265,celltype_GarciaAlonso2022,CoelEpi_LHX9,2,4712,4334,0.0004,0.0005
L4,Mesen_FallopianLig_Fetal,Fetal fallopian tube ligament fibroblast,18265,celltype_GarciaAlonso2022,early_somatic,2,4712,2397,0.0004,0.0008
L4,Mesen_FallopianLig_Fetal,Fetal fallopian tube ligament fibroblast,18265,celltype_Lardenois2026,Interstitial,25,25,9615,1.0,0.0026
L4,Mesen_FallopianLig_Fetal,Fetal fallopian tube ligament fibroblast,18265,celltype_Lorenzi2025,Fallopian Lig,11952,13814,17659,0.8652,0.6768
L4,Mesen_FallopianLig_Fetal,Fetal fallopian tube ligament fibroblast,18265,celltype_Lorenzi2025,Uterus Lig,724,13814,10625,0.0524,0.0681
L4,Mesen_FallopianLig_Fetal,Fetal fallopian tube ligament fibroblast,18265,celltype_Lorenzi2025,Fallopian Mese,326,13814,29799,0.0236,0.0109
L4,Mesen_FallopianLig_Fetal,Fetal fallopian tube ligament fibroblast,18265,celltype_Lorenzi2025,Fallopian SmMu,199,13814,5499,0.0144,0.0362
L4,Mesen_FallopianLig_Fetal,Fetal fallopian tube ligament fibroblast,18265,celltype_Lorenzi2025,Müllerian Mese,157,13814,2592,0.0114,0.0606
L4,Mesen_FallopianLig_Fetal,Fetal fallopian tube ligament fibroblast,18265,celltype_Lorenzi2025,Glans,142,13814,5648,0.0103,0.0251
L4,Mesen_FallopianLig_Fetal,Fetal fallopian tube ligament fibroblast,18265,celltype_Lorenzi2025,Epoophron Mese,137,13814,12245,0.0099,0.0112
L4,Mesen_FallopianLig_Fetal,Fetal fallopian tube ligament fibroblast,18265,celltype_Lorenzi2025,Pre-Perivascular,60,13814,3970,0.0043,0.0151
L4,Mesen_FallopianLig_Fetal,Fetal fallopian tube ligament fibroblast,18265,celltype_Lorenzi2025,Vas Deferens Mese,35,13814,1966,0.0025,0.0178
L4,Mesen_FallopianLig_Fetal,Fetal fallopian tube ligament fibroblast,18265,celltype_Lorenzi2025,Wolffian/Mesonephros Lig,23,13814,614,0.0017,0.0375
L4,Mesen_FallopianLig_Fetal,Fetal fallopian tube ligament fibroblast,18265,celltype_Lorenzi2025,Coelomic Epi,16,13814,6305,0.0012,0.0025
L4,Mesen_FallopianLig_Fetal,Fetal fallopian tube ligament fibroblast,18265,celltype_Lorenzi2025,Uterus Mese,11,13814,29149,0.0008,0.0004
L4,Mesen_FallopianLig_Fetal,Fetal fallopian tube ligament fibroblast,18265,celltype_Lorenzi2025,Cervix Mese,5,13814,8232,0.0004,0.0006
L4,Mesen_FallopianLig_Fetal,Fetal fallopian tube ligament fibroblast,18265,celltype_Lorenzi2025,Perivascular,5,13814,13206,0.0004,0.0004
L4,Mesen_FallopianLig_Fetal,Fetal fallopian tube ligament fibroblast,18265,celltype_Lorenzi2025,Wolffian/Mesonephros Mese,5,13814,18850,0.0004,0.0003
L4,Mesen_FallopianLig_Fetal,Fetal fallopian tube ligament fibroblast,18265,celltype_Lorenzi2025,Cervix/Vagina Lig,4,13814,7698,0.0003,0.0005
L4,Mesen_FallopianLig_Fetal,Fetal fallopian tube ligament fibroblast,18265,celltype_Lorenzi2025,Urogenital Sinus Lig,3,13814,5172,0.0002,0.0006
L4,Mesen_FallopianLig_Fetal,Fetal fallopian tube ligament fibroblast,18265,celltype_Lorenzi2025,Cervix/Upper Vagina SmMu,2,13814,11093,0.0001,0.0002
L4,Mesen_FallopianLig_Fetal,Fetal fallopian tube ligament fibroblast,18265,celltype_Lorenzi2025,Fallopian Epi,2,13814,7650,0.0001,0.0003
L4,Mesen_FallopianLig_Fetal,Fetal fallopian tube ligament fibroblast,18265,celltype_Lorenzi2025,Labia,1,13814,1737,0.0001,0.0006
L4,Mesen_FallopianLig_Fetal,Fetal fallopian tube ligament fibroblast,18265,celltype_Lorenzi2025,Lower Urogenital Sinus Mese,1,13814,6828,0.0001,0.0001
L4,Mesen_FallopianLig_Fetal,Fetal fallopian tube ligament fibroblast,18265,celltype_Lorenzi2025,Müllerian Epi,1,13814,2490,0.0001,0.0004
L4,Mesen_FallopianLig_Fetal,Fetal fallopian tube ligament fibroblast,18265,celltype_Lorenzi2025,Preputial Lamina Epi,1,13814,2666,0.0001,0.0004
L4,Mesen_FallopianLig_Fetal,Fetal fallopian tube ligament fibroblast,18265,celltype_Lorenzi2025,Schwann,1,13814,7553,0.0001,0.0001
L4,Mesen_FallopianLig_Fetal,Fetal fallopian tube ligament fibroblast,18265,celltype_Lorenzi2025,Uterus SmMu,1,13814,7029,0.0001,0.0001
L4,Mesen_FallopianLig_Fetal,Fetal fallopian tube ligament fibroblast,18265,celltype_OvarySanger2026,Fallopian_lig_Fetal,2798,4152,3990,0.6739,0.7013
L4,Mesen_FallopianLig_Fetal,Fetal fallopian tube ligament fibroblast,18265,celltype_OvarySanger2026,Fallopian_mesen_Fetal,1036,4152,7774,0.2495,0.1333
L4,Mesen_FallopianLig_Fetal,Fetal fallopian tube ligament fibroblast,18265,celltype_OvarySanger2026,Stroma_Fetal,231,4152,15369,0.0556,0.015
L4,Mesen_FallopianLig_Fetal,Fetal fallopian tube ligament fibroblast,18265,celltype_OvarySanger2026,RepTract_prePV_Fetal,37,4152,5285,0.0089,0.007
L4,Mesen_FallopianLig_Fetal,Fetal fallopian tube ligament fibroblast,18265,celltype_OvarySanger2026,Epoophon_mesen_Fetal,30,4152,4579,0.0072,0.0066
L4,Mesen_FallopianLig_Fetal,Fetal fallopian tube ligament fibroblast,18265,celltype_OvarySanger2026,Fallopian_SMCs_Fetal,6,4152,2339,0.0014,0.0026
L4,Mesen_FallopianLig_Fetal,Fetal fallopian tube ligament fibroblast,18265,celltype_OvarySanger2026,Stroma_InnCor,5,4152,75307,0.0012,0.0001
L4,Mesen_FallopianLig_Fetal,Fetal fallopian tube ligament fibroblast,18265,celltype_OvarySanger2026,Epithelial,4,4152,5470,0.001,0.0007
L4,Mesen_FallopianLig_Fetal,Fetal fallopian tube ligament fibroblast,18265,celltype_OvarySanger2026,Stroma_OutCor,3,4152,2898,0.0007,0.001
L4,Mesen_FallopianLig_Fetal,Fetal fallopian tube ligament fibroblast,18265,celltype_OvarySanger2026,FibC3,2,4152,5463,0.0005,0.0004
L4,Mesen_FallopianSMCs_Fetal,Fetal fallopian tube smooth muscle,8413,celltype_GarciaAlonso2022,SMCs,2812,2960,2910,0.95,0.9663
L4,Mesen_FallopianSMCs_Fetal,Fetal fallopian tube smooth muscle,8413,celltype_GarciaAlonso2022,Mesenchymal_GATA2,138,2960,42064,0.0466,0.0033
L4,Mesen_FallopianSMCs_Fetal,Fetal fallopian tube smooth muscle,8413,celltype_GarciaAlonso2022,PV,9,2960,9621,0.003,0.0009
L4,Mesen_FallopianSMCs_Fetal,Fetal fallopian tube smooth muscle,8413,celltype_GarciaAlonso2022,Gi,1,2960,2853,0.0003,0.0004
L4,Mesen_FallopianSMCs_Fetal,Fetal fallopian tube smooth muscle,8413,celltype_Lorenzi2025,Fallopian SmMu,4976,5351,5499,0.9299,0.9049
L4,Mesen_FallopianSMCs_Fetal,Fetal fallopian tube smooth muscle,8413,celltype_Lorenzi2025,Fallopian Mese,111,5351,29799,0.0207,0.0037
L4,Mesen_FallopianSMCs_Fetal,Fetal fallopian tube smooth muscle,8413,celltype_Lorenzi2025,Uterus Mese,82,5351,29149,0.0153,0.0028
L4,Mesen_FallopianSMCs_Fetal,Fetal fallopian tube smooth muscle,8413,celltype_Lorenzi2025,Fallopian Lig,76,5351,17659,0.0142,0.0043
L4,Mesen_FallopianSMCs_Fetal,Fetal fallopian tube smooth muscle,8413,celltype_Lorenzi2025,Uterus SmMu,61,5351,7029,0.0114,0.0087
L4,Mesen_FallopianSMCs_Fetal,Fetal fallopian tube smooth muscle,8413,celltype_Lorenzi2025,Cervix/Upper Vagina SmMu,19,5351,11093,0.0036,0.0017
L4,Mesen_FallopianSMCs_Fetal,Fetal fallopian tube smooth muscle,8413,celltype_Lorenzi2025,Glans,9,5351,5648,0.0017,0.0016
L4,Mesen_FallopianSMCs_Fetal,Fetal fallopian tube smooth muscle,8413,celltype_Lorenzi2025,Perivascular,4,5351,13206,0.0007,0.0003
L4,Mesen_FallopianSMCs_Fetal,Fetal fallopian tube smooth muscle,8413,celltype_Lorenzi2025,Uterus Lig,3,5351,10625,0.0006,0.0003
L4,Mesen_FallopianSMCs_Fetal,Fetal fallopian tube smooth muscle,8413,celltype_Lorenzi2025,Cervix/Vagina Lig,2,5351,7698,0.0004,0.0003
L4,Mesen_FallopianSMCs_Fetal,Fetal fallopian tube smooth muscle,8413,celltype_Lorenzi2025,Epoophron Mese,2,5351,12245,0.0004,0.0002
L4,Mesen_FallopianSMCs_Fetal,Fetal fallopian tube smooth muscle,8413,celltype_Lorenzi2025,Cervix Mese,1,5351,8232,0.0002,0.0001
L4,Mesen_FallopianSMCs_Fetal,Fetal fallopian tube smooth muscle,8413,celltype_Lorenzi2025,Fallopian Epi,1,5351,7650,0.0002,0.0001
L4,Mesen_FallopianSMCs_Fetal,Fetal fallopian tube smooth muscle,8413,celltype_Lorenzi2025,Immune,1,5351,2126,0.0002,0.0005
L4,Mesen_FallopianSMCs_Fetal,Fetal fallopian tube smooth muscle,8413,celltype_Lorenzi2025,Preputial Lamina Epi,1,5351,2666,0.0002,0.0004
L4,Mesen_FallopianSMCs_Fetal,Fetal fallopian tube smooth muscle,8413,celltype_Lorenzi2025,Urogenital Sinus Epi,1,5351,1290,0.0002,0.0008
L4,Mesen_FallopianSMCs_Fetal,Fetal fallopian tube smooth muscle,8413,celltype_Lorenzi2025,Wolffian/Mesonephros Mese,1,5351,18850,0.0002,0.0001
L4,Mesen_FallopianSMCs_Fetal,Fetal fallopian tube smooth muscle,8413,celltype_OvarySanger2026,Fallopian_SMCs_Fetal,2282,2917,2339,0.7823,0.9756
L4,Mesen_FallopianSMCs_Fetal,Fetal fallopian tube smooth muscle,8413,celltype_OvarySanger2026,SMCs,461,2917,474,0.158,0.9726
L4,Mesen_FallopianSMCs_Fetal,Fetal fallopian tube smooth muscle,8413,celltype_OvarySanger2026,Fallopian_mesen_Fetal,144,2917,7774,0.0494,0.0185
L4,Mesen_FallopianSMCs_Fetal,Fetal fallopian tube smooth muscle,8413,celltype_OvarySanger2026,RepTract_prePV_Fetal,10,2917,5285,0.0034,0.0019
L4,Mesen_FallopianSMCs_Fetal,Fetal fallopian tube smooth muscle,8413,celltype_OvarySanger2026,Epoophon_mesen_Fetal,8,2917,4579,0.0027,0.0017
L4,Mesen_FallopianSMCs_Fetal,Fetal fallopian tube smooth muscle,8413,celltype_OvarySanger2026,Stroma_InnCor,7,2917,75307,0.0024,0.0001
L4,Mesen_FallopianSMCs_Fetal,Fetal fallopian tube smooth muscle,8413,celltype_OvarySanger2026,PV_SMC_Arterial,3,2917,31802,0.001,0.0001
L4,Mesen_FallopianSMCs_Fetal,Fetal fallopian tube smooth muscle,8413,celltype_OvarySanger2026,Fallopian_lig_Fetal,2,2917,3990,0.0007,0.0005
L4,Mesen_GlansFib_Fetal,Fetal glans fibroblast,5416,celltype_Lorenzi2025,Glans,4823,5388,5648,0.8951,0.8539
L4,Mesen_GlansFib_Fetal,Fetal glans fibroblast,5416,celltype_Lorenzi2025,Corpus Cavernosum,298,5388,9075,0.0553,0.0328
L4,Mesen_GlansFib_Fetal,Fetal glans fibroblast,5416,celltype_Lorenzi2025,Prepuce,126,5388,3904,0.0234,0.0323
L4,Mesen_GlansFib_Fetal,Fetal glans fibroblast,5416,celltype_Lorenzi2025,Corpus Spongiosum,89,5388,6065,0.0165,0.0147
L4,Mesen_GlansFib_Fetal,Fetal glans fibroblast,5416,celltype_Lorenzi2025,Urogenital Sinus Lig,17,5388,5172,0.0032,0.0033
L4,Mesen_GlansFib_Fetal,Fetal glans fibroblast,5416,celltype_Lorenzi2025,Perivascular,11,5388,13206,0.002,0.0008
L4,Mesen_GlansFib_Fetal,Fetal glans fibroblast,5416,celltype_Lorenzi2025,Labio-Scrotal Swelling,9,5388,3319,0.0017,0.0027
L4,Mesen_GlansFib_Fetal,Fetal glans fibroblast,5416,celltype_Lorenzi2025,Pre-Perivascular,8,5388,3970,0.0015,0.002
L4,Mesen_GlansFib_Fetal,Fetal glans fibroblast,5416,celltype_Lorenzi2025,Preputial Lamina Epi,2,5388,2666,0.0004,0.0008
L4,Mesen_GlansFib_Fetal,Fetal glans fibroblast,5416,celltype_Lorenzi2025,Lower Vagina Mese,1,5388,3228,0.0002,0.0003
L4,Mesen_GlansFib_Fetal,Fetal glans fibroblast,5416,celltype_Lorenzi2025,Müllerian Epi,1,5388,2490,0.0002,0.0004
L4,Mesen_GlansFib_Fetal,Fetal glans fibroblast,5416,celltype_Lorenzi2025,Schwann,1,5388,7553,0.0002,0.0001
L4,Mesen_GlansFib_Fetal,Fetal glans fibroblast,5416,celltype_Lorenzi2025,Upper Urogenital Sinus Mese,1,5388,2667,0.0002,0.0004
L4,Mesen_GlansFib_Fetal,Fetal glans fibroblast,5416,celltype_Lorenzi2025,Wolffian/Mesonephros Mese,1,5388,18850,0.0002,0.0001
L3,Mesen_GonadalFibs_Undiff,Gonadal fibroblast,26055,celltype_GarciaAlonso2022,Oi,3218,9457,23391,0.3403,0.1376
L3,Mesen_GonadalFibs_Undiff,Gonadal fibroblast,26055,celltype_GarciaAlonso2022,Mesenchymal_GATA2,2705,9457,42064,0.286,0.0643
L3,Mesen_GonadalFibs_Undiff,Gonadal fibroblast,26055,celltype_GarciaAlonso2022,Gi,2201,9457,2853,0.2327,0.7715
L3,Mesen_GonadalFibs_Undiff,Gonadal fibroblast,26055,celltype_GarciaAlonso2022,CoelEpi_LHX9_cycling,543,9457,1336,0.0574,0.4064
L3,Mesen_GonadalFibs_Undiff,Gonadal fibroblast,26055,celltype_GarciaAlonso2022,early_somatic,331,9457,2397,0.035,0.1381
L3,Mesen_GonadalFibs_Undiff,Gonadal fibroblast,26055,celltype_GarciaAlonso2022,CoelEpi_GATA2,138,9457,3446,0.0146,0.04
L3,Mesen_GonadalFibs_Undiff,Gonadal fibroblast,26055,celltype_GarciaAlonso2022,CoelEpi_LHX9,126,9457,4334,0.0133,0.0291
L3,Mesen_GonadalFibs_Undiff,Gonadal fibroblast,26055,celltype_GarciaAlonso2022,early_sPAX8,104,9457,3557,0.011,0.0292
L3,Mesen_GonadalFibs_Undiff,Gonadal fibroblast,26055,celltype_GarciaAlonso2022,PV,33,9457,9621,0.0035,0.0034
L3,Mesen_GonadalFibs_Undiff,Gonadal fibroblast,26055,celltype_GarciaAlonso2022,preGC_IIa,14,9457,12096,0.0015,0.0012
L3,Mesen_GonadalFibs_Undiff,Gonadal fibroblast,26055,celltype_GarciaAlonso2022,Epithelial,13,9457,9596,0.0014,0.0014
L3,Mesen_GonadalFibs_Undiff,Gonadal fibroblast,26055,celltype_GarciaAlonso2022,preGC_I,12,9457,15678,0.0013,0.0008
L3,Mesen_GonadalFibs_Undiff,Gonadal fibroblast,26055,celltype_GarciaAlonso2022,OSE,9,9457,7453,0.001,0.0012
L3,Mesen_GonadalFibs_Undiff,Gonadal fibroblast,26055,celltype_GarciaAlonso2022,preGC_IIb,5,9457,23159,0.0005,0.0002
L3,Mesen_GonadalFibs_Undiff,Gonadal fibroblast,26055,celltype_GarciaAlonso2022,early_supporting,4,9457,4387,0.0004,0.0009
L3,Mesen_GonadalFibs_Undiff,Gonadal fibroblast,26055,celltype_GarciaAlonso2022,GermCells,1,9457,6937,0.0001,0.0001
L3,Mesen_GonadalFibs_Undiff,Gonadal fibroblast,26055,celltype_Lardenois2026,Interstitial,5332,6286,9615,0.8482,0.5546
L3,Mesen_GonadalFibs_Undiff,Gonadal fibroblast,26055,celltype_Lardenois2026,Gonadal_CE,415,6286,3117,0.066,0.1331
L3,Mesen_GonadalFibs_Undiff,Gonadal fibroblast,26055,celltype_Lardenois2026,Somatic_progenitors,299,6286,3490,0.0476,0.0857
L3,Mesen_GonadalFibs_Undiff,Gonadal fibroblast,26055,celltype_Lardenois2026,Mesonephric_mesenchymal,161,6286,406,0.0256,0.3966
L3,Mesen_GonadalFibs_Undiff,Gonadal fibroblast,26055,celltype_Lardenois2026,Perivascular,36,6286,147,0.0057,0.2449
L3,Mesen_GonadalFibs_Undiff,Gonadal fibroblast,26055,celltype_Lardenois2026,Extragonadal_CE,14,6286,538,0.0022,0.026
L3,Mesen_GonadalFibs_Undiff,Gonadal fibroblast,26055,celltype_Lardenois2026,Pre_granulosa,14,6286,22112,0.0022,0.0006
L3,Mesen_GonadalFibs_Undiff,Gonadal fibroblast,26055,celltype_Lardenois2026,Undifferentiated_supporting,9,6286,8626,0.0014,0.001
L3,Mesen_GonadalFibs_Undiff,Gonadal fibroblast,26055,celltype_Lardenois2026,Rete_testis_ovarii,5,6286,974,0.0008,0.0051
L3,Mesen_GonadalFibs_Undiff,Gonadal fibroblast,26055,celltype_Lardenois2026,Low_QC,1,6286,87,0.0002,0.0115
L3,Mesen_GonadalFibs_Undiff,Gonadal fibroblast,26055,celltype_Lorenzi2025,Wolffian/Mesonephros Mese,1810,4029,18850,0.4492,0.096
L3,Mesen_GonadalFibs_Undiff,Gonadal fibroblast,26055,celltype_Lorenzi2025,Epoophron Mese,853,4029,12245,0.2117,0.0697
L3,Mesen_GonadalFibs_Undiff,Gonadal fibroblast,26055,celltype_Lorenzi2025,Wolffian/Mesonephros Lig,368,4029,614,0.0913,0.5993
L3,Mesen_GonadalFibs_Undiff,Gonadal fibroblast,26055,celltype_Lorenzi2025,Fallopian Mese,262,4029,29799,0.065,0.0088
L3,Mesen_GonadalFibs_Undiff,Gonadal fibroblast,26055,celltype_Lorenzi2025,Fallopian Lig,203,4029,17659,0.0504,0.0115
L3,Mesen_GonadalFibs_Undiff,Gonadal fibroblast,26055,celltype_Lorenzi2025,Uterus Lig,113,4029,10625,0.028,0.0106
L3,Mesen_GonadalFibs_Undiff,Gonadal fibroblast,26055,celltype_Lorenzi2025,Vas Deferens Mese,90,4029,1966,0.0223,0.0458
L3,Mesen_GonadalFibs_Undiff,Gonadal fibroblast,26055,celltype_Lorenzi2025,Pre-Perivascular,67,4029,3970,0.0166,0.0169
L3,Mesen_GonadalFibs_Undiff,Gonadal fibroblast,26055,celltype_Lorenzi2025,Urogenital Sinus Lig,63,4029,5172,0.0156,0.0122
L3,Mesen_GonadalFibs_Undiff,Gonadal fibroblast,26055,celltype_Lorenzi2025,Müllerian Mese,54,4029,2592,0.0134,0.0208
L3,Mesen_GonadalFibs_Undiff,Gonadal fibroblast,26055,celltype_Lorenzi2025,Perivascular,43,4029,13206,0.0107,0.0033
L3,Mesen_GonadalFibs_Undiff,Gonadal fibroblast,26055,celltype_Lorenzi2025,Uterus Mese,22,4029,29149,0.0055,0.0008
L3,Mesen_GonadalFibs_Undiff,Gonadal fibroblast,26055,celltype_Lorenzi2025,Glans,21,4029,5648,0.0052,0.0037
L3,Mesen_GonadalFibs_Undiff,Gonadal fibroblast,26055,celltype_Lorenzi2025,Upper Urogenital Sinus Mese,18,4029,2667,0.0045,0.0067
L3,Mesen_GonadalFibs_Undiff,Gonadal fibroblast,26055,celltype_Lorenzi2025,Cervix/Vagina Lig,8,4029,7698,0.002,0.001
L3,Mesen_GonadalFibs_Undiff,Gonadal fibroblast,26055,celltype_Lorenzi2025,Immune,5,4029,2126,0.0012,0.0024
L3,Mesen_GonadalFibs_Undiff,Gonadal fibroblast,26055,celltype_Lorenzi2025,Lower Vagina Mese,5,4029,3228,0.0012,0.0015
L3,Mesen_GonadalFibs_Undiff,Gonadal fibroblast,26055,celltype_Lorenzi2025,Corpus Cavernosum,4,4029,9075,0.001,0.0004
L3,Mesen_GonadalFibs_Undiff,Gonadal fibroblast,26055,celltype_Lorenzi2025,Lower Urogenital Sinus Mese,4,4029,6828,0.001,0.0006
L3,Mesen_GonadalFibs_Undiff,Gonadal fibroblast,26055,celltype_Lorenzi2025,Coelomic Epi,3,4029,6305,0.0007,0.0005
L3,Mesen_GonadalFibs_Undiff,Gonadal fibroblast,26055,celltype_Lorenzi2025,Upper Vagina Mese,3,4029,7172,0.0007,0.0004
L3,Mesen_GonadalFibs_Undiff,Gonadal fibroblast,26055,celltype_Lorenzi2025,Fallopian SmMu,2,4029,5499,0.0005,0.0004
L3,Mesen_GonadalFibs_Undiff,Gonadal fibroblast,26055,celltype_Lorenzi2025,Cervix Mese,1,4029,8232,0.0002,0.0001
L3,Mesen_GonadalFibs_Undiff,Gonadal fibroblast,26055,celltype_Lorenzi2025,Corpus Spongiosum,1,4029,6065,0.0002,0.0002
L3,Mesen_GonadalFibs_Undiff,Gonadal fibroblast,26055,celltype_Lorenzi2025,Fallopian Epi,1,4029,7650,0.0002,0.0001
L3,Mesen_GonadalFibs_Undiff,Gonadal fibroblast,26055,celltype_Lorenzi2025,Labio-Scrotal Swelling,1,4029,3319,0.0002,0.0003
L3,Mesen_GonadalFibs_Undiff,Gonadal fibroblast,26055,celltype_Lorenzi2025,Müllerian Epi,1,4029,2490,0.0002,0.0004
L3,Mesen_GonadalFibs_Undiff,Gonadal fibroblast,26055,celltype_Lorenzi2025,Prepuce,1,4029,3904,0.0002,0.0003
L3,Mesen_GonadalFibs_Undiff,Gonadal fibroblast,26055,celltype_Lorenzi2025,Schwann,1,4029,7553,0.0002,0.0001
L3,Mesen_GonadalFibs_Undiff,Gonadal fibroblast,26055,celltype_Lorenzi2025,Wolffian Epi,1,4029,2733,0.0002,0.0004
L3,Mesen_GonadalFibs_Undiff,Gonadal fibroblast,26055,celltype_OvarySanger2026,Stroma_Fetal,1212,1952,15369,0.6209,0.0789
L3,Mesen_GonadalFibs_Undiff,Gonadal fibroblast,26055,celltype_OvarySanger2026,RepTract_prePV_Fetal,365,1952,5285,0.187,0.0691
L3,Mesen_GonadalFibs_Undiff,Gonadal fibroblast,26055,celltype_OvarySanger2026,Epoophon_mesen_Fetal,179,1952,4579,0.0917,0.0391
L3,Mesen_GonadalFibs_Undiff,Gonadal fibroblast,26055,celltype_OvarySanger2026,Fallopian_lig_Fetal,108,1952,3990,0.0553,0.0271
L3,Mesen_GonadalFibs_Undiff,Gonadal fibroblast,26055,celltype_OvarySanger2026,Fallopian_mesen_Fetal,36,1952,7774,0.0184,0.0046
L3,Mesen_GonadalFibs_Undiff,Gonadal fibroblast,26055,celltype_OvarySanger2026,Stroma_InnCor,14,1952,75307,0.0072,0.0002
L3,Mesen_GonadalFibs_Undiff,Gonadal fibroblast,26055,celltype_OvarySanger2026,Stroma_OutCor,9,1952,2898,0.0046,0.0031
L3,Mesen_GonadalFibs_Undiff,Gonadal fibroblast,26055,celltype_OvarySanger2026,PV_cycling,5,1952,471,0.0026,0.0106
L3,Mesen_GonadalFibs_Undiff,Gonadal fibroblast,26055,celltype_OvarySanger2026,Epithelial,3,1952,5470,0.0015,0.0005
L3,Mesen_GonadalFibs_Undiff,Gonadal fibroblast,26055,celltype_OvarySanger2026,FibC3,3,1952,5463,0.0015,0.0005
L3,Mesen_GonadalFibs_Undiff,Gonadal fibroblast,26055,celltype_OvarySanger2026,Granulosa_AMH_cycling,3,1952,5506,0.0015,0.0005
L3,Mesen_GonadalFibs_Undiff,Gonadal fibroblast,26055,celltype_OvarySanger2026,OSE_cycling,3,1952,581,0.0015,0.0052
L3,Mesen_GonadalFibs_Undiff,Gonadal fibroblast,26055,celltype_OvarySanger2026,Stroma_Medulla,2,1952,9919,0.001,0.0002
L3,Mesen_GonadalFibs_Undiff,Gonadal fibroblast,26055,celltype_OvarySanger2026,Stroma_Perifoll_InnCor,2,1952,26620,0.001,0.0001
L3,Mesen_GonadalFibs_Undiff,Gonadal fibroblast,26055,celltype_OvarySanger2026,preGranulosa_I_Fetal,2,1952,5506,0.001,0.0004
L3,Mesen_GonadalFibs_Undiff,Gonadal fibroblast,26055,celltype_OvarySanger2026,Granulosa_AMH_atr,1,1952,2721,0.0005,0.0004
L3,Mesen_GonadalFibs_Undiff,Gonadal fibroblast,26055,celltype_OvarySanger2026,PV_Fetal,1,1952,3555,0.0005,0.0003
L3,Mesen_GonadalFibs_Undiff,Gonadal fibroblast,26055,celltype_OvarySanger2026,PV_SMC_Arterial,1,1952,31802,0.0005,0.0
L3,Mesen_GonadalFibs_Undiff,Gonadal fibroblast,26055,celltype_OvarySanger2026,Theca_1perifollicular_cycling,1,1952,1367,0.0005,0.0007
L3,Mesen_GonadalFibs_Undiff,Gonadal fibroblast,26055,celltype_OvarySanger2026,Theca_2androgenic_pre,1,1952,640,0.0005,0.0016
L3,Mesen_GonadalFibs_Undiff,Gonadal fibroblast,26055,celltype_OvarySanger2026,preGranulosa_II_Fetal,1,1952,18524,0.0005,0.0001
L4,Mesen_LabiaFib_Fetal,Fetal labial fibroblast,1794,celltype_Lorenzi2025,Labia,1695,1792,1737,0.9459,0.9758
L4,Mesen_LabiaFib_Fetal,Fetal labial fibroblast,1794,celltype_Lorenzi2025,Prepuce,59,1792,3904,0.0329,0.0151
L4,Mesen_LabiaFib_Fetal,Fetal labial fibroblast,1794,celltype_Lorenzi2025,Labio-Scrotal Swelling,22,1792,3319,0.0123,0.0066
L4,Mesen_LabiaFib_Fetal,Fetal labial fibroblast,1794,celltype_Lorenzi2025,Glans,6,1792,5648,0.0033,0.0011
L4,Mesen_LabiaFib_Fetal,Fetal labial fibroblast,1794,celltype_Lorenzi2025,Corpus Spongiosum,3,1792,6065,0.0017,0.0005
L4,Mesen_LabiaFib_Fetal,Fetal labial fibroblast,1794,celltype_Lorenzi2025,Pre-Perivascular,3,1792,3970,0.0017,0.0008
L4,Mesen_LabiaFib_Fetal,Fetal labial fibroblast,1794,celltype_Lorenzi2025,Lower Vagina Mese,2,1792,3228,0.0011,0.0006
L4,Mesen_LabiaFib_Fetal,Fetal labial fibroblast,1794,celltype_Lorenzi2025,Perivascular,1,1792,13206,0.0006,0.0001
L4,Mesen_LabiaFib_Fetal,Fetal labial fibroblast,1794,celltype_Lorenzi2025,Preputial Lamina Epi,1,1792,2666,0.0006,0.0004
L4,Mesen_LabioScrotalSwelling_Fetal,Fetal labioscrotal swelling fibroblast,6830,celltype_GarciaAlonso2022,Mesenchymal_GATA2,47,55,42064,0.8545,0.0011
L4,Mesen_LabioScrotalSwelling_Fetal,Fetal labioscrotal swelling fibroblast,6830,celltype_GarciaAlonso2022,PV,8,55,9621,0.1455,0.0008
L4,Mesen_LabioScrotalSwelling_Fetal,Fetal labioscrotal swelling fibroblast,6830,celltype_Lorenzi2025,Labio-Scrotal Swelling,2933,4469,3319,0.6563,0.8837
L4,Mesen_LabioScrotalSwelling_Fetal,Fetal labioscrotal swelling fibroblast,6830,celltype_Lorenzi2025,Prepuce,1208,4469,3904,0.2703,0.3094
L4,Mesen_LabioScrotalSwelling_Fetal,Fetal labioscrotal swelling fibroblast,6830,celltype_Lorenzi2025,Corpus Cavernosum,68,4469,9075,0.0152,0.0075
L4,Mesen_LabioScrotalSwelling_Fetal,Fetal labioscrotal swelling fibroblast,6830,celltype_Lorenzi2025,Urogenital Sinus Lig,64,4469,5172,0.0143,0.0124
L4,Mesen_LabioScrotalSwelling_Fetal,Fetal labioscrotal swelling fibroblast,6830,celltype_Lorenzi2025,Pre-Perivascular,61,4469,3970,0.0136,0.0154
L4,Mesen_LabioScrotalSwelling_Fetal,Fetal labioscrotal swelling fibroblast,6830,celltype_Lorenzi2025,Corpus Spongiosum,52,4469,6065,0.0116,0.0086
L4,Mesen_LabioScrotalSwelling_Fetal,Fetal labioscrotal swelling fibroblast,6830,celltype_Lorenzi2025,Labia,38,4469,1737,0.0085,0.0219
L4,Mesen_LabioScrotalSwelling_Fetal,Fetal labioscrotal swelling fibroblast,6830,celltype_Lorenzi2025,Glans,16,4469,5648,0.0036,0.0028
L4,Mesen_LabioScrotalSwelling_Fetal,Fetal labioscrotal swelling fibroblast,6830,celltype_Lorenzi2025,Fallopian Mese,6,4469,29799,0.0013,0.0002
L4,Mesen_LabioScrotalSwelling_Fetal,Fetal labioscrotal swelling fibroblast,6830,celltype_Lorenzi2025,Uterus Lig,6,4469,10625,0.0013,0.0006
L4,Mesen_LabioScrotalSwelling_Fetal,Fetal labioscrotal swelling fibroblast,6830,celltype_Lorenzi2025,Preputial Lamina Epi,5,4469,2666,0.0011,0.0019
L4,Mesen_LabioScrotalSwelling_Fetal,Fetal labioscrotal swelling fibroblast,6830,celltype_Lorenzi2025,Perivascular,4,4469,13206,0.0009,0.0003
L4,Mesen_LabioScrotalSwelling_Fetal,Fetal labioscrotal swelling fibroblast,6830,celltype_Lorenzi2025,Wolffian/Mesonephros Lig,3,4469,614,0.0007,0.0049
L4,Mesen_LabioScrotalSwelling_Fetal,Fetal labioscrotal swelling fibroblast,6830,celltype_Lorenzi2025,Fallopian Lig,2,4469,17659,0.0004,0.0001
L4,Mesen_LabioScrotalSwelling_Fetal,Fetal labioscrotal swelling fibroblast,6830,celltype_Lorenzi2025,Epoophron Mese,1,4469,12245,0.0002,0.0001
L4,Mesen_LabioScrotalSwelling_Fetal,Fetal labioscrotal swelling fibroblast,6830,celltype_Lorenzi2025,Immune,1,4469,2126,0.0002,0.0005
L4,Mesen_LabioScrotalSwelling_Fetal,Fetal labioscrotal swelling fibroblast,6830,celltype_Lorenzi2025,Uterus Mese,1,4469,29149,0.0002,0.0
L4,Mesen_LabioScrotalSwelling_Fetal,Fetal labioscrotal swelling fibroblast,6830,celltype_OvarySanger2026,Fallopian_lig_Fetal,42,53,3990,0.7925,0.0105
L4,Mesen_LabioScrotalSwelling_Fetal,Fetal labioscrotal swelling fibroblast,6830,celltype_OvarySanger2026,RepTract_prePV_HedgHigh_Fetal,6,53,185,0.1132,0.0324
L4,Mesen_LabioScrotalSwelling_Fetal,Fetal labioscrotal swelling fibroblast,6830,celltype_OvarySanger2026,RepTract_prePV_Fetal,3,53,5285,0.0566,0.0006
L4,Mesen_LabioScrotalSwelling_Fetal,Fetal labioscrotal swelling fibroblast,6830,celltype_OvarySanger2026,Epithelial,1,53,5470,0.0189,0.0002
L4,Mesen_LabioScrotalSwelling_Fetal,Fetal labioscrotal swelling fibroblast,6830,celltype_OvarySanger2026,FibC3,1,53,5463,0.0189,0.0002
L4,Mesen_MesonephricFibs_Fetal,Fetal mesonephric stromal fibroblast,28521,celltype_GarciaAlonso2022,Mesenchymal_GATA2,9585,9646,42064,0.9937,0.2279
L4,Mesen_MesonephricFibs_Fetal,Fetal mesonephric stromal fibroblast,28521,celltype_GarciaAlonso2022,Oi,34,9646,23391,0.0035,0.0015
L4,Mesen_MesonephricFibs_Fetal,Fetal mesonephric stromal fibroblast,28521,celltype_GarciaAlonso2022,PV,16,9646,9621,0.0017,0.0017
L4,Mesen_MesonephricFibs_Fetal,Fetal mesonephric stromal fibroblast,28521,celltype_GarciaAlonso2022,Gi,5,9646,2853,0.0005,0.0018
L4,Mesen_MesonephricFibs_Fetal,Fetal mesonephric stromal fibroblast,28521,celltype_GarciaAlonso2022,Epithelial,3,9646,9596,0.0003,0.0003
L4,Mesen_MesonephricFibs_Fetal,Fetal mesonephric stromal fibroblast,28521,celltype_GarciaAlonso2022,SMCs,2,9646,2910,0.0002,0.0007
L4,Mesen_MesonephricFibs_Fetal,Fetal mesonephric stromal fibroblast,28521,celltype_GarciaAlonso2022,Immune,1,9646,1802,0.0001,0.0006
L4,Mesen_MesonephricFibs_Fetal,Fetal mesonephric stromal fibroblast,28521,celltype_Lardenois2026,Mesonephric_mesenchymal,226,338,406,0.6686,0.5567
L4,Mesen_MesonephricFibs_Fetal,Fetal mesonephric stromal fibroblast,28521,celltype_Lardenois2026,Interstitial,108,338,9615,0.3195,0.0112
L4,Mesen_MesonephricFibs_Fetal,Fetal mesonephric stromal fibroblast,28521,celltype_Lardenois2026,Extragonadal_CE,2,338,538,0.0059,0.0037
L4,Mesen_MesonephricFibs_Fetal,Fetal mesonephric stromal fibroblast,28521,celltype_Lardenois2026,Perivascular,2,338,147,0.0059,0.0136
L4,Mesen_MesonephricFibs_Fetal,Fetal mesonephric stromal fibroblast,28521,celltype_Lorenzi2025,Wolffian/Mesonephros Mese,16291,21221,18850,0.7677,0.8642
L4,Mesen_MesonephricFibs_Fetal,Fetal mesonephric stromal fibroblast,28521,celltype_Lorenzi2025,Epoophron Mese,3875,21221,12245,0.1826,0.3165
L4,Mesen_MesonephricFibs_Fetal,Fetal mesonephric stromal fibroblast,28521,celltype_Lorenzi2025,Fallopian Lig,352,21221,17659,0.0166,0.0199
L4,Mesen_MesonephricFibs_Fetal,Fetal mesonephric stromal fibroblast,28521,celltype_Lorenzi2025,Vas Deferens Mese,273,21221,1966,0.0129,0.1389
L4,Mesen_MesonephricFibs_Fetal,Fetal mesonephric stromal fibroblast,28521,celltype_Lorenzi2025,Fallopian Mese,112,21221,29799,0.0053,0.0038
L4,Mesen_MesonephricFibs_Fetal,Fetal mesonephric stromal fibroblast,28521,celltype_Lorenzi2025,Pre-Perivascular,71,21221,3970,0.0033,0.0179
L4,Mesen_MesonephricFibs_Fetal,Fetal mesonephric stromal fibroblast,28521,celltype_Lorenzi2025,Perivascular,55,21221,13206,0.0026,0.0042
L4,Mesen_MesonephricFibs_Fetal,Fetal mesonephric stromal fibroblast,28521,celltype_Lorenzi2025,Uterus Mese,37,21221,29149,0.0017,0.0013
L4,Mesen_MesonephricFibs_Fetal,Fetal mesonephric stromal fibroblast,28521,celltype_Lorenzi2025,Wolffian/Mesonephros Lig,35,21221,614,0.0016,0.057
L4,Mesen_MesonephricFibs_Fetal,Fetal mesonephric stromal fibroblast,28521,celltype_Lorenzi2025,Müllerian Mese,28,21221,2592,0.0013,0.0108
L4,Mesen_MesonephricFibs_Fetal,Fetal mesonephric stromal fibroblast,28521,celltype_Lorenzi2025,Uterus Lig,26,21221,10625,0.0012,0.0024
L4,Mesen_MesonephricFibs_Fetal,Fetal mesonephric stromal fibroblast,28521,celltype_Lorenzi2025,Cervix/Vagina Lig,22,21221,7698,0.001,0.0029
L4,Mesen_MesonephricFibs_Fetal,Fetal mesonephric stromal fibroblast,28521,celltype_Lorenzi2025,Urogenital Sinus Lig,17,21221,5172,0.0008,0.0033
L4,Mesen_MesonephricFibs_Fetal,Fetal mesonephric stromal fibroblast,28521,celltype_Lorenzi2025,Glans,9,21221,5648,0.0004,0.0016
L4,Mesen_MesonephricFibs_Fetal,Fetal mesonephric stromal fibroblast,28521,celltype_Lorenzi2025,Upper Urogenital Sinus Mese,6,21221,2667,0.0003,0.0022
L4,Mesen_MesonephricFibs_Fetal,Fetal mesonephric stromal fibroblast,28521,celltype_Lorenzi2025,Cervix Mese,3,21221,8232,0.0001,0.0004
L4,Mesen_MesonephricFibs_Fetal,Fetal mesonephric stromal fibroblast,28521,celltype_Lorenzi2025,Fallopian SmMu,2,21221,5499,0.0001,0.0004
L4,Mesen_MesonephricFibs_Fetal,Fetal mesonephric stromal fibroblast,28521,celltype_Lorenzi2025,Lower Vagina Mese,2,21221,3228,0.0001,0.0006
L4,Mesen_MesonephricFibs_Fetal,Fetal mesonephric stromal fibroblast,28521,celltype_Lorenzi2025,Lower Urogenital Sinus Mese,1,21221,6828,0.0,0.0001
L4,Mesen_MesonephricFibs_Fetal,Fetal mesonephric stromal fibroblast,28521,celltype_Lorenzi2025,Müllerian Epi,1,21221,2490,0.0,0.0004
L4,Mesen_MesonephricFibs_Fetal,Fetal mesonephric stromal fibroblast,28521,celltype_Lorenzi2025,Neural,1,21221,4571,0.0,0.0002
L4,Mesen_MesonephricFibs_Fetal,Fetal mesonephric stromal fibroblast,28521,celltype_Lorenzi2025,Schwann,1,21221,7553,0.0,0.0001
L4,Mesen_MesonephricFibs_Fetal,Fetal mesonephric stromal fibroblast,28521,celltype_Lorenzi2025,Wolffian Epi,1,21221,2733,0.0,0.0004
L4,Mesen_MesonephricFibs_Fetal,Fetal mesonephric stromal fibroblast,28521,celltype_OvarySanger2026,Epoophon_mesen_Fetal,286,423,4579,0.6761,0.0625
L4,Mesen_MesonephricFibs_Fetal,Fetal mesonephric stromal fibroblast,28521,celltype_OvarySanger2026,RepTract_prePV_Fetal,98,423,5285,0.2317,0.0185
L4,Mesen_MesonephricFibs_Fetal,Fetal mesonephric stromal fibroblast,28521,celltype_OvarySanger2026,Fallopian_lig_Fetal,17,423,3990,0.0402,0.0043
L4,Mesen_MesonephricFibs_Fetal,Fetal mesonephric stromal fibroblast,28521,celltype_OvarySanger2026,Stroma_Fetal,8,423,15369,0.0189,0.0005
L4,Mesen_MesonephricFibs_Fetal,Fetal mesonephric stromal fibroblast,28521,celltype_OvarySanger2026,Fallopian_mesen_Fetal,7,423,7774,0.0165,0.0009
L4,Mesen_MesonephricFibs_Fetal,Fetal mesonephric stromal fibroblast,28521,celltype_OvarySanger2026,Stroma_InnCor,2,423,75307,0.0047,0.0
L4,Mesen_MesonephricFibs_Fetal,Fetal mesonephric stromal fibroblast,28521,celltype_OvarySanger2026,Stroma_Medulla,2,423,9919,0.0047,0.0002
L4,Mesen_MesonephricFibs_Fetal,Fetal mesonephric stromal fibroblast,28521,celltype_OvarySanger2026,Stroma_OutCor,2,423,2898,0.0047,0.0007
L4,Mesen_MesonephricFibs_Fetal,Fetal mesonephric stromal fibroblast,28521,celltype_OvarySanger2026,RepTract_prePV_HedgHigh_Fetal,1,423,185,0.0024,0.0054
L4,Mesen_MullerianFib,Fetal Müllerian fibroblast,2471,celltype_GarciaAlonso2022,Mesenchymal_GATA2,1404,1467,42064,0.9571,0.0334
L4,Mesen_MullerianFib,Fetal Müllerian fibroblast,2471,celltype_GarciaAlonso2022,CoelEpi_GATA2,51,1467,3446,0.0348,0.0148
L4,Mesen_MullerianFib,Fetal Müllerian fibroblast,2471,celltype_GarciaAlonso2022,Oi,7,1467,23391,0.0048,0.0003
L4,Mesen_MullerianFib,Fetal Müllerian fibroblast,2471,celltype_GarciaAlonso2022,Epithelial,4,1467,9596,0.0027,0.0004
L4,Mesen_MullerianFib,Fetal Müllerian fibroblast,2471,celltype_GarciaAlonso2022,early_sPAX8,1,1467,3557,0.0007,0.0003
L4,Mesen_MullerianFib,Fetal Müllerian fibroblast,2471,celltype_Lardenois2026,Extragonadal_CE,2,3,538,0.6667,0.0037
L4,Mesen_MullerianFib,Fetal Müllerian fibroblast,2471,celltype_Lardenois2026,Interstitial,1,3,9615,0.3333,0.0001
L4,Mesen_MullerianFib,Fetal Müllerian fibroblast,2471,celltype_Lorenzi2025,Müllerian Mese,1647,1908,2592,0.8632,0.6354
L4,Mesen_MullerianFib,Fetal Müllerian fibroblast,2471,celltype_Lorenzi2025,Fallopian Mese,91,1908,29799,0.0477,0.0031
L4,Mesen_MullerianFib,Fetal Müllerian fibroblast,2471,celltype_Lorenzi2025,Coelomic Epi,62,1908,6305,0.0325,0.0098
L4,Mesen_MullerianFib,Fetal Müllerian fibroblast,2471,celltype_Lorenzi2025,Uterus Mese,51,1908,29149,0.0267,0.0017
L4,Mesen_MullerianFib,Fetal Müllerian fibroblast,2471,celltype_Lorenzi2025,Fallopian Lig,27,1908,17659,0.0142,0.0015
L4,Mesen_MullerianFib,Fetal Müllerian fibroblast,2471,celltype_Lorenzi2025,Vas Deferens Mese,12,1908,1966,0.0063,0.0061
L4,Mesen_MullerianFib,Fetal Müllerian fibroblast,2471,celltype_Lorenzi2025,Wolffian/Mesonephros Mese,8,1908,18850,0.0042,0.0004
L4,Mesen_MullerianFib,Fetal Müllerian fibroblast,2471,celltype_Lorenzi2025,Urogenital Sinus Lig,3,1908,5172,0.0016,0.0006
L4,Mesen_MullerianFib,Fetal Müllerian fibroblast,2471,celltype_Lorenzi2025,Cervix Mese,2,1908,8232,0.001,0.0002
L4,Mesen_MullerianFib,Fetal Müllerian fibroblast,2471,celltype_Lorenzi2025,Müllerian Epi,2,1908,2490,0.001,0.0008
L4,Mesen_MullerianFib,Fetal Müllerian fibroblast,2471,celltype_Lorenzi2025,Fallopian Epi,1,1908,7650,0.0005,0.0001
L4,Mesen_MullerianFib,Fetal Müllerian fibroblast,2471,celltype_Lorenzi2025,Perivascular,1,1908,13206,0.0005,0.0001
L4,Mesen_MullerianFib,Fetal Müllerian fibroblast,2471,celltype_Lorenzi2025,Upper Urogenital Sinus Mese,1,1908,2667,0.0005,0.0004
L4,Mesen_MullerianFib,Fetal Müllerian fibroblast,2471,celltype_OvarySanger2026,Fallopian_mesen_Fetal,4,6,7774,0.6667,0.0005
L4,Mesen_MullerianFib,Fetal Müllerian fibroblast,2471,celltype_OvarySanger2026,Epithelial,2,6,5470,0.3333,0.0004
L3,Mesen_OvarianFibs_AdvLike,Ovarian stroma adventitial-like,507,celltype_OvarySanger2026,Stroma_InnCor,61,168,75307,0.3631,0.0008
L3,Mesen_OvarianFibs_AdvLike,Ovarian stroma adventitial-like,507,celltype_OvarySanger2026,Stroma_Perifoll_OutCor,58,168,4095,0.3452,0.0142
L3,Mesen_OvarianFibs_AdvLike,Ovarian stroma adventitial-like,507,celltype_OvarySanger2026,FibC3,40,168,5463,0.2381,0.0073
L3,Mesen_OvarianFibs_AdvLike,Ovarian stroma adventitial-like,507,celltype_OvarySanger2026,Stroma_OutCor_Foll,5,168,30653,0.0298,0.0002
L3,Mesen_OvarianFibs_AdvLike,Ovarian stroma adventitial-like,507,celltype_OvarySanger2026,Stroma_Perifoll_InnCor,2,168,26620,0.0119,0.0001
L3,Mesen_OvarianFibs_AdvLike,Ovarian stroma adventitial-like,507,celltype_OvarySanger2026,PV_Fibroblast,1,168,1060,0.006,0.0009
L3,Mesen_OvarianFibs_AdvLike,Ovarian stroma adventitial-like,507,celltype_OvarySanger2026,Theca_3structural_HedgLow,1,168,4414,0.006,0.0002
L4,Mesen_OvarianFibs_Fetal,Fetal ovarian stroma,32133,celltype_GarciaAlonso2022,Oi,19068,20634,23391,0.9241,0.8152
L4,Mesen_OvarianFibs_Fetal,Fetal ovarian stroma,32133,celltype_GarciaAlonso2022,preGC_I,485,20634,15678,0.0235,0.0309
L4,Mesen_OvarianFibs_Fetal,Fetal ovarian stroma,32133,celltype_GarciaAlonso2022,Mesenchymal_GATA2,363,20634,42064,0.0176,0.0086
L4,Mesen_OvarianFibs_Fetal,Fetal ovarian stroma,32133,celltype_GarciaAlonso2022,early_somatic,278,20634,2397,0.0135,0.116
L4,Mesen_OvarianFibs_Fetal,Fetal ovarian stroma,32133,celltype_GarciaAlonso2022,Gi,277,20634,2853,0.0134,0.0971
L4,Mesen_OvarianFibs_Fetal,Fetal ovarian stroma,32133,celltype_GarciaAlonso2022,early_sPAX8,43,20634,3557,0.0021,0.0121
L4,Mesen_OvarianFibs_Fetal,Fetal ovarian stroma,32133,celltype_GarciaAlonso2022,preGC_IIa,41,20634,12096,0.002,0.0034
L4,Mesen_OvarianFibs_Fetal,Fetal ovarian stroma,32133,celltype_GarciaAlonso2022,PV,29,20634,9621,0.0014,0.003
L4,Mesen_OvarianFibs_Fetal,Fetal ovarian stroma,32133,celltype_GarciaAlonso2022,early_supporting,17,20634,4387,0.0008,0.0039
L4,Mesen_OvarianFibs_Fetal,Fetal ovarian stroma,32133,celltype_GarciaAlonso2022,preGC_IIb,12,20634,23159,0.0006,0.0005
L4,Mesen_OvarianFibs_Fetal,Fetal ovarian stroma,32133,celltype_GarciaAlonso2022,SMCs,6,20634,2910,0.0003,0.0021
L4,Mesen_OvarianFibs_Fetal,Fetal ovarian stroma,32133,celltype_GarciaAlonso2022,CoelEpi_LHX9,5,20634,4334,0.0002,0.0012
L4,Mesen_OvarianFibs_Fetal,Fetal ovarian stroma,32133,celltype_GarciaAlonso2022,Epithelial,3,20634,9596,0.0001,0.0003
L4,Mesen_OvarianFibs_Fetal,Fetal ovarian stroma,32133,celltype_GarciaAlonso2022,OSE,2,20634,7453,0.0001,0.0003
L4,Mesen_OvarianFibs_Fetal,Fetal ovarian stroma,32133,celltype_GarciaAlonso2022,granulosa,2,20634,71,0.0001,0.0282
L4,Mesen_OvarianFibs_Fetal,Fetal ovarian stroma,32133,celltype_GarciaAlonso2022,GermCells,1,20634,6937,0.0,0.0001
L4,Mesen_OvarianFibs_Fetal,Fetal ovarian stroma,32133,celltype_GarciaAlonso2022,Immune,1,20634,1802,0.0,0.0006
L4,Mesen_OvarianFibs_Fetal,Fetal ovarian stroma,32133,celltype_GarciaAlonso2022,Neural,1,20634,1893,0.0,0.0005
L4,Mesen_OvarianFibs_Fetal,Fetal ovarian stroma,32133,celltype_Lardenois2026,Interstitial,3588,3735,9615,0.9606,0.3732
L4,Mesen_OvarianFibs_Fetal,Fetal ovarian stroma,32133,celltype_Lardenois2026,Pre_granulosa,93,3735,22112,0.0249,0.0042
L4,Mesen_OvarianFibs_Fetal,Fetal ovarian stroma,32133,celltype_Lardenois2026,Somatic_progenitors,26,3735,3490,0.007,0.0074
L4,Mesen_OvarianFibs_Fetal,Fetal ovarian stroma,32133,celltype_Lardenois2026,Undifferentiated_supporting,12,3735,8626,0.0032,0.0014
L4,Mesen_OvarianFibs_Fetal,Fetal ovarian stroma,32133,celltype_Lardenois2026,Gonadal_CE,6,3735,3117,0.0016,0.0019
L4,Mesen_OvarianFibs_Fetal,Fetal ovarian stroma,32133,celltype_Lardenois2026,Rete_testis_ovarii,5,3735,974,0.0013,0.0051
L4,Mesen_OvarianFibs_Fetal,Fetal ovarian stroma,32133,celltype_Lardenois2026,Perivascular,2,3735,147,0.0005,0.0136
L4,Mesen_OvarianFibs_Fetal,Fetal ovarian stroma,32133,celltype_Lardenois2026,Pre_Leydig,2,3735,2,0.0005,1.0
L4,Mesen_OvarianFibs_Fetal,Fetal ovarian stroma,32133,celltype_Lardenois2026,Low_QC,1,3735,87,0.0003,0.0115
L4,Mesen_OvarianFibs_Fetal,Fetal ovarian stroma,32133,celltype_Lorenzi2025,Fallopian Lig,39,171,17659,0.2281,0.0022
L4,Mesen_OvarianFibs_Fetal,Fetal ovarian stroma,32133,celltype_Lorenzi2025,Epoophron Mese,32,171,12245,0.1871,0.0026
L4,Mesen_OvarianFibs_Fetal,Fetal ovarian stroma,32133,celltype_Lorenzi2025,Wolffian/Mesonephros Mese,27,171,18850,0.1579,0.0014
L4,Mesen_OvarianFibs_Fetal,Fetal ovarian stroma,32133,celltype_Lorenzi2025,Fallopian Mese,24,171,29799,0.1404,0.0008
L4,Mesen_OvarianFibs_Fetal,Fetal ovarian stroma,32133,celltype_Lorenzi2025,Pre-Perivascular,14,171,3970,0.0819,0.0035
L4,Mesen_OvarianFibs_Fetal,Fetal ovarian stroma,32133,celltype_Lorenzi2025,Müllerian Mese,9,171,2592,0.0526,0.0035
L4,Mesen_OvarianFibs_Fetal,Fetal ovarian stroma,32133,celltype_Lorenzi2025,Uterus Lig,8,171,10625,0.0468,0.0008
L4,Mesen_OvarianFibs_Fetal,Fetal ovarian stroma,32133,celltype_Lorenzi2025,Wolffian/Mesonephros Lig,5,171,614,0.0292,0.0081
L4,Mesen_OvarianFibs_Fetal,Fetal ovarian stroma,32133,celltype_Lorenzi2025,Perivascular,4,171,13206,0.0234,0.0003
L4,Mesen_OvarianFibs_Fetal,Fetal ovarian stroma,32133,celltype_Lorenzi2025,Preputial Lamina Epi,3,171,2666,0.0175,0.0011
L4,Mesen_OvarianFibs_Fetal,Fetal ovarian stroma,32133,celltype_Lorenzi2025,Cervix/Vagina Lig,2,171,7698,0.0117,0.0003
L4,Mesen_OvarianFibs_Fetal,Fetal ovarian stroma,32133,celltype_Lorenzi2025,Upper Urogenital Sinus Mese,2,171,2667,0.0117,0.0007
L4,Mesen_OvarianFibs_Fetal,Fetal ovarian stroma,32133,celltype_Lorenzi2025,Endothelial,1,171,7907,0.0058,0.0001
L4,Mesen_OvarianFibs_Fetal,Fetal ovarian stroma,32133,celltype_Lorenzi2025,Vas Deferens Mese,1,171,1966,0.0058,0.0005
L4,Mesen_OvarianFibs_Fetal,Fetal ovarian stroma,32133,celltype_OvarySanger2026,Stroma_Fetal,13637,14953,15369,0.912,0.8873
L4,Mesen_OvarianFibs_Fetal,Fetal ovarian stroma,32133,celltype_OvarySanger2026,preGranulosa_I_Fetal,719,14953,5506,0.0481,0.1306
L4,Mesen_OvarianFibs_Fetal,Fetal ovarian stroma,32133,celltype_OvarySanger2026,Stroma_InnCor,122,14953,75307,0.0082,0.0016
L4,Mesen_OvarianFibs_Fetal,Fetal ovarian stroma,32133,celltype_OvarySanger2026,Stroma_OutCor,101,14953,2898,0.0068,0.0349
L4,Mesen_OvarianFibs_Fetal,Fetal ovarian stroma,32133,celltype_OvarySanger2026,RepTract_prePV_Fetal,96,14953,5285,0.0064,0.0182
L4,Mesen_OvarianFibs_Fetal,Fetal ovarian stroma,32133,celltype_OvarySanger2026,Fallopian_lig_Fetal,64,14953,3990,0.0043,0.016
L4,Mesen_OvarianFibs_Fetal,Fetal ovarian stroma,32133,celltype_OvarySanger2026,Epoophon_mesen_Fetal,58,14953,4579,0.0039,0.0127
L4,Mesen_OvarianFibs_Fetal,Fetal ovarian stroma,32133,celltype_OvarySanger2026,Fallopian_mesen_Fetal,41,14953,7774,0.0027,0.0053
L4,Mesen_OvarianFibs_Fetal,Fetal ovarian stroma,32133,celltype_OvarySanger2026,Stroma_Medulla,37,14953,9919,0.0025,0.0037
L4,Mesen_OvarianFibs_Fetal,Fetal ovarian stroma,32133,celltype_OvarySanger2026,Stroma_Perifoll_InnCor,27,14953,26620,0.0018,0.001
L4,Mesen_OvarianFibs_Fetal,Fetal ovarian stroma,32133,celltype_OvarySanger2026,FibC3,13,14953,5463,0.0009,0.0024
L4,Mesen_OvarianFibs_Fetal,Fetal ovarian stroma,32133,celltype_OvarySanger2026,PV_Fetal,8,14953,3555,0.0005,0.0023
L4,Mesen_OvarianFibs_Fetal,Fetal ovarian stroma,32133,celltype_OvarySanger2026,Fallopian_SMCs_Fetal,5,14953,2339,0.0003,0.0021
L4,Mesen_OvarianFibs_Fetal,Fetal ovarian stroma,32133,celltype_OvarySanger2026,PV_Fibroblast,4,14953,1060,0.0003,0.0038
L4,Mesen_OvarianFibs_Fetal,Fetal ovarian stroma,32133,celltype_OvarySanger2026,Stroma_Perifoll_OutCor,4,14953,4095,0.0003,0.001
L4,Mesen_OvarianFibs_Fetal,Fetal ovarian stroma,32133,celltype_OvarySanger2026,Epithelial,3,14953,5470,0.0002,0.0005
L4,Mesen_OvarianFibs_Fetal,Fetal ovarian stroma,32133,celltype_OvarySanger2026,Theca_1perifollicular,3,14953,2568,0.0002,0.0012
L4,Mesen_OvarianFibs_Fetal,Fetal ovarian stroma,32133,celltype_OvarySanger2026,Theca_2androgenic_pre,3,14953,640,0.0002,0.0047
L4,Mesen_OvarianFibs_Fetal,Fetal ovarian stroma,32133,celltype_OvarySanger2026,preGranulosa_II_Fetal,3,14953,18524,0.0002,0.0002
L4,Mesen_OvarianFibs_Fetal,Fetal ovarian stroma,32133,celltype_OvarySanger2026,Theca_1perifollicular_cycling,2,14953,1367,0.0001,0.0015
L4,Mesen_OvarianFibs_Fetal,Fetal ovarian stroma,32133,celltype_OvarySanger2026,Granulosa_AMH_antral_HedgLow,1,14953,3271,0.0001,0.0003
L4,Mesen_OvarianFibs_Fetal,Fetal ovarian stroma,32133,celltype_OvarySanger2026,Granulosa_AMH_atr,1,14953,2721,0.0001,0.0004
L4,Mesen_OvarianFibs_Fetal,Fetal ovarian stroma,32133,celltype_OvarySanger2026,RepTract_prePV_HedgHigh_Fetal,1,14953,185,0.0001,0.0054
L4,Mesen_OvarianFibs_InncorMedulla,Ovarian stroma of the inner cortex and medulla,125985,celltype_OvarySanger2026,Stroma_InnCor,47671,77211,75307,0.6174,0.633
L4,Mesen_OvarianFibs_InncorMedulla,Ovarian stroma of the inner cortex and medulla,125985,celltype_OvarySanger2026,Stroma_OutCor_Foll,15473,77211,30653,0.2004,0.5048
L4,Mesen_OvarianFibs_InncorMedulla,Ovarian stroma of the inner cortex and medulla,125985,celltype_OvarySanger2026,Stroma_Medulla,8271,77211,9919,0.1071,0.8339
L4,Mesen_OvarianFibs_InncorMedulla,Ovarian stroma of the inner cortex and medulla,125985,celltype_OvarySanger2026,Stroma_Perifoll_InnCor,3668,77211,26620,0.0475,0.1378
L4,Mesen_OvarianFibs_InncorMedulla,Ovarian stroma of the inner cortex and medulla,125985,celltype_OvarySanger2026,Theca_3structural_HedgLow,743,77211,4414,0.0096,0.1683
L4,Mesen_OvarianFibs_InncorMedulla,Ovarian stroma of the inner cortex and medulla,125985,celltype_OvarySanger2026,FibC3,491,77211,5463,0.0064,0.0899
L4,Mesen_OvarianFibs_InncorMedulla,Ovarian stroma of the inner cortex and medulla,125985,celltype_OvarySanger2026,Stroma_Perifoll_OutCor,301,77211,4095,0.0039,0.0735
L4,Mesen_OvarianFibs_InncorMedulla,Ovarian stroma of the inner cortex and medulla,125985,celltype_OvarySanger2026,Stroma_OutCor,233,77211,2898,0.003,0.0804
L4,Mesen_OvarianFibs_InncorMedulla,Ovarian stroma of the inner cortex and medulla,125985,celltype_OvarySanger2026,Theca_3structural,129,77211,2702,0.0017,0.0477
L4,Mesen_OvarianFibs_InncorMedulla,Ovarian stroma of the inner cortex and medulla,125985,celltype_OvarySanger2026,PV_Fibroblast,119,77211,1060,0.0015,0.1123
L4,Mesen_OvarianFibs_InncorMedulla,Ovarian stroma of the inner cortex and medulla,125985,celltype_OvarySanger2026,Theca_2androgenic_Atr,55,77211,2306,0.0007,0.0239
L4,Mesen_OvarianFibs_InncorMedulla,Ovarian stroma of the inner cortex and medulla,125985,celltype_OvarySanger2026,Theca_1perifollicular,17,77211,2568,0.0002,0.0066
L4,Mesen_OvarianFibs_InncorMedulla,Ovarian stroma of the inner cortex and medulla,125985,celltype_OvarySanger2026,Granulosa_sq_atr,10,77211,2839,0.0001,0.0035
L4,Mesen_OvarianFibs_InncorMedulla,Ovarian stroma of the inner cortex and medulla,125985,celltype_OvarySanger2026,PV_SMC_Arterial,6,77211,31802,0.0001,0.0002
L4,Mesen_OvarianFibs_InncorMedulla,Ovarian stroma of the inner cortex and medulla,125985,celltype_OvarySanger2026,Theca_1perifollicular_cycling,5,77211,1367,0.0001,0.0037
L4,Mesen_OvarianFibs_InncorMedulla,Ovarian stroma of the inner cortex and medulla,125985,celltype_OvarySanger2026,Theca_Atr,5,77211,383,0.0001,0.0131
L4,Mesen_OvarianFibs_InncorMedulla,Ovarian stroma of the inner cortex and medulla,125985,celltype_OvarySanger2026,FibC3_other,3,77211,4,0.0,0.75
L4,Mesen_OvarianFibs_InncorMedulla,Ovarian stroma of the inner cortex and medulla,125985,celltype_OvarySanger2026,Theca_2androgenic_pre,3,77211,640,0.0,0.0047
L4,Mesen_OvarianFibs_InncorMedulla,Ovarian stroma of the inner cortex and medulla,125985,celltype_OvarySanger2026,Theca_3structural_ZIM2,3,77211,20,0.0,0.15
L4,Mesen_OvarianFibs_InncorMedulla,Ovarian stroma of the inner cortex and medulla,125985,celltype_OvarySanger2026,Granulosa_sq,2,77211,5793,0.0,0.0003
L4,Mesen_OvarianFibs_InncorMedulla,Ovarian stroma of the inner cortex and medulla,125985,celltype_OvarySanger2026,Neural_Glia_DHH+,1,77211,639,0.0,0.0016
L4,Mesen_OvarianFibs_InncorMedulla,Ovarian stroma of the inner cortex and medulla,125985,celltype_OvarySanger2026,PV_Capillary_Pericytes,1,77211,4680,0.0,0.0002
L4,Mesen_OvarianFibs_InncorMedulla,Ovarian stroma of the inner cortex and medulla,125985,celltype_OvarySanger2026,PV_Fetal,1,77211,3555,0.0,0.0003
L4,Mesen_OvarianFibs_Medulla_SMCsLike,Ovarian stroma of the medulla SMCs-like,13705,celltype_OvarySanger2026,Stroma_InnCor,8552,9107,75307,0.9391,0.1136
L4,Mesen_OvarianFibs_Medulla_SMCsLike,Ovarian stroma of the medulla SMCs-like,13705,celltype_OvarySanger2026,Stroma_Medulla,166,9107,9919,0.0182,0.0167
L4,Mesen_OvarianFibs_Medulla_SMCsLike,Ovarian stroma of the medulla SMCs-like,13705,celltype_OvarySanger2026,Theca_3structural_HedgLow,121,9107,4414,0.0133,0.0274
L4,Mesen_OvarianFibs_Medulla_SMCsLike,Ovarian stroma of the medulla SMCs-like,13705,celltype_OvarySanger2026,Stroma_Perifoll_InnCor,96,9107,26620,0.0105,0.0036
L4,Mesen_OvarianFibs_Medulla_SMCsLike,Ovarian stroma of the medulla SMCs-like,13705,celltype_OvarySanger2026,Stroma_OutCor_Foll,75,9107,30653,0.0082,0.0024
L4,Mesen_OvarianFibs_Medulla_SMCsLike,Ovarian stroma of the medulla SMCs-like,13705,celltype_OvarySanger2026,Stroma_Perifoll_OutCor,49,9107,4095,0.0054,0.012
L4,Mesen_OvarianFibs_Medulla_SMCsLike,Ovarian stroma of the medulla SMCs-like,13705,celltype_OvarySanger2026,PV_Fibroblast,24,9107,1060,0.0026,0.0226
L4,Mesen_OvarianFibs_Medulla_SMCsLike,Ovarian stroma of the medulla SMCs-like,13705,celltype_OvarySanger2026,FibC3,12,9107,5463,0.0013,0.0022
L4,Mesen_OvarianFibs_Medulla_SMCsLike,Ovarian stroma of the medulla SMCs-like,13705,celltype_OvarySanger2026,PV_SMC_Arterial,3,9107,31802,0.0003,0.0001
L4,Mesen_OvarianFibs_Medulla_SMCsLike,Ovarian stroma of the medulla SMCs-like,13705,celltype_OvarySanger2026,Stroma_OutCor,3,9107,2898,0.0003,0.001
L4,Mesen_OvarianFibs_Medulla_SMCsLike,Ovarian stroma of the medulla SMCs-like,13705,celltype_OvarySanger2026,Theca_3structural,3,9107,2702,0.0003,0.0011
L4,Mesen_OvarianFibs_Medulla_SMCsLike,Ovarian stroma of the medulla SMCs-like,13705,celltype_OvarySanger2026,Theca_3structural_ZIM2,2,9107,20,0.0002,0.1
L4,Mesen_OvarianFibs_Medulla_SMCsLike,Ovarian stroma of the medulla SMCs-like,13705,celltype_OvarySanger2026,PV_Capillary_Pericytes,1,9107,4680,0.0001,0.0002
L4,Mesen_OvarianFibs_Outcor,Ovarian stroma of the outer cortex,21434,celltype_OvarySanger2026,Stroma_OutCor_Foll,13493,17796,30653,0.7582,0.4402
L4,Mesen_OvarianFibs_Outcor,Ovarian stroma of the outer cortex,21434,celltype_OvarySanger2026,Stroma_OutCor,2225,17796,2898,0.125,0.7678
L4,Mesen_OvarianFibs_Outcor,Ovarian stroma of the outer cortex,21434,celltype_OvarySanger2026,Stroma_InnCor,1186,17796,75307,0.0666,0.0157
L4,Mesen_OvarianFibs_Outcor,Ovarian stroma of the outer cortex,21434,celltype_OvarySanger2026,Stroma_Perifoll_InnCor,319,17796,26620,0.0179,0.012
L4,Mesen_OvarianFibs_Outcor,Ovarian stroma of the outer cortex,21434,celltype_OvarySanger2026,FibC3,195,17796,5463,0.011,0.0357
L4,Mesen_OvarianFibs_Outcor,Ovarian stroma of the outer cortex,21434,celltype_OvarySanger2026,Theca_3structural_HedgLow,157,17796,4414,0.0088,0.0356
L4,Mesen_OvarianFibs_Outcor,Ovarian stroma of the outer cortex,21434,celltype_OvarySanger2026,Stroma_Medulla,118,17796,9919,0.0066,0.0119
L4,Mesen_OvarianFibs_Outcor,Ovarian stroma of the outer cortex,21434,celltype_OvarySanger2026,Stroma_Perifoll_OutCor,61,17796,4095,0.0034,0.0149
L4,Mesen_OvarianFibs_Outcor,Ovarian stroma of the outer cortex,21434,celltype_OvarySanger2026,Theca_3structural,17,17796,2702,0.001,0.0063
L4,Mesen_OvarianFibs_Outcor,Ovarian stroma of the outer cortex,21434,celltype_OvarySanger2026,PV_Fibroblast,16,17796,1060,0.0009,0.0151
L4,Mesen_OvarianFibs_Outcor,Ovarian stroma of the outer cortex,21434,celltype_OvarySanger2026,Epithelial,3,17796,5470,0.0002,0.0005
L4,Mesen_OvarianFibs_Outcor,Ovarian stroma of the outer cortex,21434,celltype_OvarySanger2026,Theca_1perifollicular,2,17796,2568,0.0001,0.0008
L4,Mesen_OvarianFibs_Outcor,Ovarian stroma of the outer cortex,21434,celltype_OvarySanger2026,Theca_1perifollicular_cycling,2,17796,1367,0.0001,0.0015
L4,Mesen_OvarianFibs_Outcor,Ovarian stroma of the outer cortex,21434,celltype_OvarySanger2026,PV_Fetal,1,17796,3555,0.0001,0.0003
L4,Mesen_OvarianFibs_Outcor,Ovarian stroma of the outer cortex,21434,celltype_OvarySanger2026,Theca_2androgenic_Atr,1,17796,2306,0.0001,0.0004
L4,Mesen_OvarianFibs_Perifol,Ovarian stroma of the perifollicular niche,44411,celltype_OvarySanger2026,Stroma_Perifoll_InnCor,16057,35459,26620,0.4528,0.6032
L4,Mesen_OvarianFibs_Perifol,Ovarian stroma of the perifollicular niche,44411,celltype_OvarySanger2026,Stroma_InnCor,14715,35459,75307,0.415,0.1954
L4,Mesen_OvarianFibs_Perifol,Ovarian stroma of the perifollicular niche,44411,celltype_OvarySanger2026,Stroma_OutCor_Foll,1296,35459,30653,0.0365,0.0423
L4,Mesen_OvarianFibs_Perifol,Ovarian stroma of the perifollicular niche,44411,celltype_OvarySanger2026,Theca_3structural_HedgLow,1058,35459,4414,0.0298,0.2397
L4,Mesen_OvarianFibs_Perifol,Ovarian stroma of the perifollicular niche,44411,celltype_OvarySanger2026,Stroma_Medulla,1052,35459,9919,0.0297,0.1061
L4,Mesen_OvarianFibs_Perifol,Ovarian stroma of the perifollicular niche,44411,celltype_OvarySanger2026,Theca_3structural,618,35459,2702,0.0174,0.2287
L4,Mesen_OvarianFibs_Perifol,Ovarian stroma of the perifollicular niche,44411,celltype_OvarySanger2026,Stroma_Perifoll_OutCor,280,35459,4095,0.0079,0.0684
L4,Mesen_OvarianFibs_Perifol,Ovarian stroma of the perifollicular niche,44411,celltype_OvarySanger2026,FibC3,149,35459,5463,0.0042,0.0273
L4,Mesen_OvarianFibs_Perifol,Ovarian stroma of the perifollicular niche,44411,celltype_OvarySanger2026,Theca_1perifollicular,94,35459,2568,0.0027,0.0366
L4,Mesen_OvarianFibs_Perifol,Ovarian stroma of the perifollicular niche,44411,celltype_OvarySanger2026,Theca_2androgenic_Atr,54,35459,2306,0.0015,0.0234
L4,Mesen_OvarianFibs_Perifol,Ovarian stroma of the perifollicular niche,44411,celltype_OvarySanger2026,Stroma_OutCor,31,35459,2898,0.0009,0.0107
L4,Mesen_OvarianFibs_Perifol,Ovarian stroma of the perifollicular niche,44411,celltype_OvarySanger2026,PV_Fibroblast,21,35459,1060,0.0006,0.0198
L4,Mesen_OvarianFibs_Perifol,Ovarian stroma of the perifollicular niche,44411,celltype_OvarySanger2026,Theca_2androgenic_pre,16,35459,640,0.0005,0.025
L4,Mesen_OvarianFibs_Perifol,Ovarian stroma of the perifollicular niche,44411,celltype_OvarySanger2026,PV_Fetal,5,35459,3555,0.0001,0.0014
L4,Mesen_OvarianFibs_Perifol,Ovarian stroma of the perifollicular niche,44411,celltype_OvarySanger2026,Theca_1perifollicular_cycling,4,35459,1367,0.0001,0.0029
L4,Mesen_OvarianFibs_Perifol,Ovarian stroma of the perifollicular niche,44411,celltype_OvarySanger2026,Theca_3structural_ZIM2,3,35459,20,0.0001,0.15
L4,Mesen_OvarianFibs_Perifol,Ovarian stroma of the perifollicular niche,44411,celltype_OvarySanger2026,Theca_Atr,3,35459,383,0.0001,0.0078
L4,Mesen_OvarianFibs_Perifol,Ovarian stroma of the perifollicular niche,44411,celltype_OvarySanger2026,PV_Capillary_Pericytes,2,35459,4680,0.0001,0.0004
L4,Mesen_OvarianFibs_Perifol,Ovarian stroma of the perifollicular niche,44411,celltype_OvarySanger2026,Granulosa_sq_atr,1,35459,2839,0.0,0.0004
L3,Mesen_OvarianInclFibs,Ovarian Inclusions fibroblasts,96,celltype_OvarySanger2026,Stroma_HOXA9,42,50,45,0.84,0.9333
L3,Mesen_OvarianInclFibs,Ovarian Inclusions fibroblasts,96,celltype_OvarySanger2026,FibC3,4,50,5463,0.08,0.0007
L3,Mesen_OvarianInclFibs,Ovarian Inclusions fibroblasts,96,celltype_OvarySanger2026,Stroma_Medulla,2,50,9919,0.04,0.0002
L3,Mesen_OvarianInclFibs,Ovarian Inclusions fibroblasts,96,celltype_OvarySanger2026,Stroma_InnCor,1,50,75307,0.02,0.0
L3,Mesen_OvarianInclFibs,Ovarian Inclusions fibroblasts,96,celltype_OvarySanger2026,Stroma_OutCor_Foll,1,50,30653,0.02,0.0
L3,Mesen_PV_Fetal,Fetal perivascular,28897,celltype_GarciaAlonso2022,PV,9412,10427,9621,0.9027,0.9783
L3,Mesen_PV_Fetal,Fetal perivascular,28897,celltype_GarciaAlonso2022,Mesenchymal_GATA2,898,10427,42064,0.0861,0.0213
L3,Mesen_PV_Fetal,Fetal perivascular,28897,celltype_GarciaAlonso2022,Oi,60,10427,23391,0.0058,0.0026
L3,Mesen_PV_Fetal,Fetal perivascular,28897,celltype_GarciaAlonso2022,Epithelial,22,10427,9596,0.0021,0.0023
L3,Mesen_PV_Fetal,Fetal perivascular,28897,celltype_GarciaAlonso2022,SMCs,20,10427,2910,0.0019,0.0069
L3,Mesen_PV_Fetal,Fetal perivascular,28897,celltype_GarciaAlonso2022,Gi,4,10427,2853,0.0004,0.0014
L3,Mesen_PV_Fetal,Fetal perivascular,28897,celltype_GarciaAlonso2022,preGC_I,4,10427,15678,0.0004,0.0003
L3,Mesen_PV_Fetal,Fetal perivascular,28897,celltype_GarciaAlonso2022,preGC_IIb,2,10427,23159,0.0002,0.0001
L3,Mesen_PV_Fetal,Fetal perivascular,28897,celltype_GarciaAlonso2022,CoelEpi_LHX9_cycling,1,10427,1336,0.0001,0.0007
L3,Mesen_PV_Fetal,Fetal perivascular,28897,celltype_GarciaAlonso2022,Endothelial,1,10427,6280,0.0001,0.0002
L3,Mesen_PV_Fetal,Fetal perivascular,28897,celltype_GarciaAlonso2022,GermCells,1,10427,6937,0.0001,0.0001
L3,Mesen_PV_Fetal,Fetal perivascular,28897,celltype_GarciaAlonso2022,early_sPAX8,1,10427,3557,0.0001,0.0003
L3,Mesen_PV_Fetal,Fetal perivascular,28897,celltype_GarciaAlonso2022,early_supporting,1,10427,4387,0.0001,0.0002
L3,Mesen_PV_Fetal,Fetal perivascular,28897,celltype_Lardenois2026,Perivascular,100,156,147,0.641,0.6803
L3,Mesen_PV_Fetal,Fetal perivascular,28897,celltype_Lardenois2026,Interstitial,45,156,9615,0.2885,0.0047
L3,Mesen_PV_Fetal,Fetal perivascular,28897,celltype_Lardenois2026,Mesonephric_mesenchymal,9,156,406,0.0577,0.0222
L3,Mesen_PV_Fetal,Fetal perivascular,28897,celltype_Lardenois2026,Erythrocyte,1,156,4,0.0064,0.25
L3,Mesen_PV_Fetal,Fetal perivascular,28897,celltype_Lardenois2026,Low_QC,1,156,87,0.0064,0.0115
L3,Mesen_PV_Fetal,Fetal perivascular,28897,celltype_Lorenzi2025,Perivascular,12619,16463,13206,0.7665,0.9556
L3,Mesen_PV_Fetal,Fetal perivascular,28897,celltype_Lorenzi2025,Pre-Perivascular,3008,16463,3970,0.1827,0.7577
L3,Mesen_PV_Fetal,Fetal perivascular,28897,celltype_Lorenzi2025,Wolffian/Mesonephros Mese,264,16463,18850,0.016,0.014
L3,Mesen_PV_Fetal,Fetal perivascular,28897,celltype_Lorenzi2025,Uterus Lig,117,16463,10625,0.0071,0.011
L3,Mesen_PV_Fetal,Fetal perivascular,28897,celltype_Lorenzi2025,Fallopian Lig,70,16463,17659,0.0043,0.004
L3,Mesen_PV_Fetal,Fetal perivascular,28897,celltype_Lorenzi2025,Epoophron Mese,65,16463,12245,0.0039,0.0053
L3,Mesen_PV_Fetal,Fetal perivascular,28897,celltype_Lorenzi2025,Fallopian Mese,51,16463,29799,0.0031,0.0017
L3,Mesen_PV_Fetal,Fetal perivascular,28897,celltype_Lorenzi2025,Cervix/Upper Vagina SmMu,42,16463,11093,0.0026,0.0038
L3,Mesen_PV_Fetal,Fetal perivascular,28897,celltype_Lorenzi2025,Labio-Scrotal Swelling,35,16463,3319,0.0021,0.0105
L3,Mesen_PV_Fetal,Fetal perivascular,28897,celltype_Lorenzi2025,Urogenital Sinus Lig,29,16463,5172,0.0018,0.0056
L3,Mesen_PV_Fetal,Fetal perivascular,28897,celltype_Lorenzi2025,Uterus SmMu,21,16463,7029,0.0013,0.003
L3,Mesen_PV_Fetal,Fetal perivascular,28897,celltype_Lorenzi2025,Uterus Mese,19,16463,29149,0.0012,0.0007
L3,Mesen_PV_Fetal,Fetal perivascular,28897,celltype_Lorenzi2025,Cervix/Vagina Lig,17,16463,7698,0.001,0.0022
L3,Mesen_PV_Fetal,Fetal perivascular,28897,celltype_Lorenzi2025,Corpus Cavernosum,17,16463,9075,0.001,0.0019
L3,Mesen_PV_Fetal,Fetal perivascular,28897,celltype_Lorenzi2025,Cervix Mese,16,16463,8232,0.001,0.0019
L3,Mesen_PV_Fetal,Fetal perivascular,28897,celltype_Lorenzi2025,Lower Vagina Mese,13,16463,3228,0.0008,0.004
L3,Mesen_PV_Fetal,Fetal perivascular,28897,celltype_Lorenzi2025,Fallopian Epi,8,16463,7650,0.0005,0.001
L3,Mesen_PV_Fetal,Fetal perivascular,28897,celltype_Lorenzi2025,Wolffian/Mesonephros Lig,7,16463,614,0.0004,0.0114
L3,Mesen_PV_Fetal,Fetal perivascular,28897,celltype_Lorenzi2025,Prepuce,6,16463,3904,0.0004,0.0015
L3,Mesen_PV_Fetal,Fetal perivascular,28897,celltype_Lorenzi2025,Lower Vagina SmMu,5,16463,1405,0.0003,0.0036
L3,Mesen_PV_Fetal,Fetal perivascular,28897,celltype_Lorenzi2025,Preputial Lamina Epi,5,16463,2666,0.0003,0.0019
L3,Mesen_PV_Fetal,Fetal perivascular,28897,celltype_Lorenzi2025,Lower Urogenital Sinus Mese,3,16463,6828,0.0002,0.0004
L3,Mesen_PV_Fetal,Fetal perivascular,28897,celltype_Lorenzi2025,Schwann,3,16463,7553,0.0002,0.0004
L3,Mesen_PV_Fetal,Fetal perivascular,28897,celltype_Lorenzi2025,Upper Urogenital Sinus Mese,3,16463,2667,0.0002,0.0011
L3,Mesen_PV_Fetal,Fetal perivascular,28897,celltype_Lorenzi2025,Upper Vagina Mese,3,16463,7172,0.0002,0.0004
L3,Mesen_PV_Fetal,Fetal perivascular,28897,celltype_Lorenzi2025,Wolffian Epi,3,16463,2733,0.0002,0.0011
L3,Mesen_PV_Fetal,Fetal perivascular,28897,celltype_Lorenzi2025,Endothelial,2,16463,7907,0.0001,0.0003
L3,Mesen_PV_Fetal,Fetal perivascular,28897,celltype_Lorenzi2025,Fallopian SmMu,2,16463,5499,0.0001,0.0004
L3,Mesen_PV_Fetal,Fetal perivascular,28897,celltype_Lorenzi2025,Glans,2,16463,5648,0.0001,0.0004
L3,Mesen_PV_Fetal,Fetal perivascular,28897,celltype_Lorenzi2025,Lower Vagina Epi,2,16463,6543,0.0001,0.0003
L3,Mesen_PV_Fetal,Fetal perivascular,28897,celltype_Lorenzi2025,Vas Deferens Mese,2,16463,1966,0.0001,0.001
L3,Mesen_PV_Fetal,Fetal perivascular,28897,celltype_Lorenzi2025,Coelomic Epi,1,16463,6305,0.0001,0.0002
L3,Mesen_PV_Fetal,Fetal perivascular,28897,celltype_Lorenzi2025,Corpus Spongiosum,1,16463,6065,0.0001,0.0002
L3,Mesen_PV_Fetal,Fetal perivascular,28897,celltype_Lorenzi2025,Mesonephric Tubules Epi,1,16463,159,0.0001,0.0063
L3,Mesen_PV_Fetal,Fetal perivascular,28897,celltype_Lorenzi2025,Urethral Epi,1,16463,2745,0.0001,0.0004
L3,Mesen_PV_Fetal,Fetal perivascular,28897,celltype_OvarySanger2026,RepTract_prePV_Fetal,3459,8892,5285,0.389,0.6545
L3,Mesen_PV_Fetal,Fetal perivascular,28897,celltype_OvarySanger2026,PV_Fetal,3183,8892,3555,0.358,0.8954
L3,Mesen_PV_Fetal,Fetal perivascular,28897,celltype_OvarySanger2026,PV_SMC_Arterial,1213,8892,31802,0.1364,0.0381
L3,Mesen_PV_Fetal,Fetal perivascular,28897,celltype_OvarySanger2026,PV_cycling,372,8892,471,0.0418,0.7898
L3,Mesen_PV_Fetal,Fetal perivascular,28897,celltype_OvarySanger2026,PV_Fibroblast,178,8892,1060,0.02,0.1679
L3,Mesen_PV_Fetal,Fetal perivascular,28897,celltype_OvarySanger2026,RepTract_prePV_HedgHigh_Fetal,177,8892,185,0.0199,0.9568
L3,Mesen_PV_Fetal,Fetal perivascular,28897,celltype_OvarySanger2026,Fallopian_mesen_Fetal,153,8892,7774,0.0172,0.0197
L3,Mesen_PV_Fetal,Fetal perivascular,28897,celltype_OvarySanger2026,Fallopian_lig_Fetal,47,8892,3990,0.0053,0.0118
L3,Mesen_PV_Fetal,Fetal perivascular,28897,celltype_OvarySanger2026,Epithelial,27,8892,5470,0.003,0.0049
L3,Mesen_PV_Fetal,Fetal perivascular,28897,celltype_OvarySanger2026,PV_Capillary_Pericytes,25,8892,4680,0.0028,0.0053
L3,Mesen_PV_Fetal,Fetal perivascular,28897,celltype_OvarySanger2026,Stroma_Fetal,19,8892,15369,0.0021,0.0012
L3,Mesen_PV_Fetal,Fetal perivascular,28897,celltype_OvarySanger2026,Fallopian_SMCs_Fetal,9,8892,2339,0.001,0.0038
L3,Mesen_PV_Fetal,Fetal perivascular,28897,celltype_OvarySanger2026,Stroma_InnCor,8,8892,75307,0.0009,0.0001
L3,Mesen_PV_Fetal,Fetal perivascular,28897,celltype_OvarySanger2026,Epoophon_mesen_Fetal,6,8892,4579,0.0007,0.0013
L3,Mesen_PV_Fetal,Fetal perivascular,28897,celltype_OvarySanger2026,Stroma_Perifoll_InnCor,4,8892,26620,0.0004,0.0002
L3,Mesen_PV_Fetal,Fetal perivascular,28897,celltype_OvarySanger2026,FibC3,3,8892,5463,0.0003,0.0005
L3,Mesen_PV_Fetal,Fetal perivascular,28897,celltype_OvarySanger2026,SMCs,2,8892,474,0.0002,0.0042
L3,Mesen_PV_Fetal,Fetal perivascular,28897,celltype_OvarySanger2026,Stroma_Medulla,2,8892,9919,0.0002,0.0002
L3,Mesen_PV_Fetal,Fetal perivascular,28897,celltype_OvarySanger2026,Stroma_OutCor,2,8892,2898,0.0002,0.0007
L3,Mesen_PV_Fetal,Fetal perivascular,28897,celltype_OvarySanger2026,Theca_1perifollicular_cycling,2,8892,1367,0.0002,0.0015
L3,Mesen_PV_Fetal,Fetal perivascular,28897,celltype_OvarySanger2026,Granulosa_sq_atr,1,8892,2839,0.0001,0.0004
L4,Mesen_Pericyte,Pericytes,38904,celltype_GarciaAlonso2021,PV STEAP4,1186,1270,2680,0.9339,0.4425
L4,Mesen_Pericyte,Pericytes,38904,celltype_GarciaAlonso2021,PV MYH11,37,1270,2977,0.0291,0.0124
L4,Mesen_Pericyte,Pericytes,38904,celltype_GarciaAlonso2021,dS,19,1270,21021,0.015,0.0009
L4,Mesen_Pericyte,Pericytes,38904,celltype_GarciaAlonso2021,Fibroblast C7,9,1270,678,0.0071,0.0133
L4,Mesen_Pericyte,Pericytes,38904,celltype_GarciaAlonso2021,eS,9,1270,12569,0.0071,0.0007
L4,Mesen_Pericyte,Pericytes,38904,celltype_GarciaAlonso2021,uSMC,7,1270,3915,0.0055,0.0018
L4,Mesen_Pericyte,Pericytes,38904,celltype_GarciaAlonso2021,Endothelial ACKR1,3,1270,5413,0.0024,0.0006
L4,Mesen_Pericyte,Pericytes,38904,celltype_HECA,ePV_2,1830,2116,3651,0.8648,0.5012
L4,Mesen_Pericyte,Pericytes,38904,celltype_HECA,ePV_1b,89,2116,1789,0.0421,0.0497
L4,Mesen_Pericyte,Pericytes,38904,celltype_HECA,ePV_1a,72,2116,173,0.034,0.4162
L4,Mesen_Pericyte,Pericytes,38904,celltype_HECA,dStromal_mid,48,2116,21067,0.0227,0.0023
L4,Mesen_Pericyte,Pericytes,38904,celltype_HECA,mPV,32,2116,478,0.0151,0.0669
L4,Mesen_Pericyte,Pericytes,38904,celltype_HECA,eStromal,31,2116,35132,0.0147,0.0009
L4,Mesen_Pericyte,Pericytes,38904,celltype_HECA,Fibroblast_basalis,3,2116,45,0.0014,0.0667
L4,Mesen_Pericyte,Pericytes,38904,celltype_HECA,HOXA13,3,2116,203,0.0014,0.0148
L4,Mesen_Pericyte,Pericytes,38904,celltype_HECA,dStromal_late,3,2116,2415,0.0014,0.0012
L4,Mesen_Pericyte,Pericytes,38904,celltype_HECA,uSMCs,2,2116,957,0.0009,0.0021
L4,Mesen_Pericyte,Pericytes,38904,celltype_HECA,dStromal_early,2,2116,5517,0.0009,0.0004
L4,Mesen_Pericyte,Pericytes,38904,celltype_HECA,eStromal_MMPs,1,2116,186,0.0005,0.0054
L4,Mesen_Pericyte,Pericytes,38904,celltype_OvarySanger2026,PV_Capillary_Pericytes,4326,8587,4680,0.5038,0.9244
L4,Mesen_Pericyte,Pericytes,38904,celltype_OvarySanger2026,PV_SMC_Arterial,3844,8587,31802,0.4477,0.1209
L4,Mesen_Pericyte,Pericytes,38904,celltype_OvarySanger2026,PV_Fetal,204,8587,3555,0.0238,0.0574
L4,Mesen_Pericyte,Pericytes,38904,celltype_OvarySanger2026,PV_Fibroblast,175,8587,1060,0.0204,0.1651
L4,Mesen_Pericyte,Pericytes,38904,celltype_OvarySanger2026,FibC3,11,8587,5463,0.0013,0.002
L4,Mesen_Pericyte,Pericytes,38904,celltype_OvarySanger2026,Stroma_Perifoll_OutCor,8,8587,4095,0.0009,0.002
L4,Mesen_Pericyte,Pericytes,38904,celltype_OvarySanger2026,Stroma_Perifoll_InnCor,6,8587,26620,0.0007,0.0002
L4,Mesen_Pericyte,Pericytes,38904,celltype_OvarySanger2026,Stroma_InnCor,4,8587,75307,0.0005,0.0001
L4,Mesen_Pericyte,Pericytes,38904,celltype_OvarySanger2026,Stroma_OutCor_Foll,2,8587,30653,0.0002,0.0001
L4,Mesen_Pericyte,Pericytes,38904,celltype_OvarySanger2026,PV_cycling,2,8587,471,0.0002,0.0042
L4,Mesen_Pericyte,Pericytes,38904,celltype_OvarySanger2026,Theca_3structural,1,8587,2702,0.0001,0.0004
L4,Mesen_Pericyte,Pericytes,38904,celltype_OvarySanger2026,Theca_1perifollicular_cycling,1,8587,1367,0.0001,0.0007
L4,Mesen_Pericyte,Pericytes,38904,celltype_OvarySanger2026,Stroma_OutCor,1,8587,2898,0.0001,0.0003
L4,Mesen_Pericyte,Pericytes,38904,celltype_OvarySanger2026,Stroma_Medulla,1,8587,9919,0.0001,0.0001
L4,Mesen_Pericyte,Pericytes,38904,celltype_OvarySanger2026,Theca_1perifollicular,1,8587,2568,0.0001,0.0004
L4,Mesen_Pericyte,Pericytes,38904,celltype_Ulrich2022,fibroblast,474,494,4969,0.9595,0.0954
L4,Mesen_Pericyte,Pericytes,38904,celltype_Ulrich2022,pericyte,14,494,2004,0.0283,0.007
L4,Mesen_Pericyte,Pericytes,38904,celltype_Ulrich2022,myofibroblast cell,2,494,9937,0.004,0.0002
L4,Mesen_Pericyte,Pericytes,38904,celltype_Ulrich2022,smooth muscle cell,2,494,3500,0.004,0.0006
L4,Mesen_Pericyte,Pericytes,38904,celltype_Ulrich2022,secretory cell,1,494,11019,0.002,0.0001
L4,Mesen_Pericyte,Pericytes,38904,celltype_Ulrich2022,blood vessel endothelial cell,1,494,3418,0.002,0.0003
L4,Mesen_Pericyte,Pericytes,38904,celltype_Ulrich2024,PV-STEAP4,1622,1947,3531,0.8331,0.4594
L4,Mesen_Pericyte,Pericytes,38904,celltype_Ulrich2024,PV-MYH11_CDKN1A-,101,1947,6396,0.0519,0.0158
L4,Mesen_Pericyte,Pericytes,38904,celltype_Ulrich2024,dS3,80,1947,15871,0.0411,0.005
L4,Mesen_Pericyte,Pericytes,38904,celltype_Ulrich2024,dS2,61,1947,23111,0.0313,0.0026
L4,Mesen_Pericyte,Pericytes,38904,celltype_Ulrich2024,PV-MYH11_CDKN1A+,40,1947,10659,0.0205,0.0038
L4,Mesen_Pericyte,Pericytes,38904,celltype_Ulrich2024,C7-Fibroblast,16,1947,1120,0.0082,0.0143
L4,Mesen_Pericyte,Pericytes,38904,celltype_Ulrich2024,Tissue-resident-vascular-progenitor,15,1947,203,0.0077,0.0739
L4,Mesen_Pericyte,Pericytes,38904,celltype_Ulrich2024,dS1,4,1947,2595,0.0021,0.0015
L4,Mesen_Pericyte,Pericytes,38904,celltype_Ulrich2024,uSMC,3,1947,7719,0.0015,0.0004
L4,Mesen_Pericyte,Pericytes,38904,celltype_Ulrich2024,EndoMT,2,1947,125,0.001,0.016
L4,Mesen_Pericyte,Pericytes,38904,celltype_Ulrich2024,Myoepithelial,2,1947,110,0.001,0.0182
L4,Mesen_Pericyte,Pericytes,38904,celltype_Ulrich2024,eS-proliferative,1,1947,1386,0.0005,0.0007
L4,Mesen_Pericyte,Pericytes,38904,celltype_Weigert2025,perivascular cell,152,200,8542,0.76,0.0178
L4,Mesen_Pericyte,Pericytes,38904,celltype_Weigert2025,stromal cell,47,200,51072,0.235,0.0009
L4,Mesen_Pericyte,Pericytes,38904,celltype_Weigert2025,smooth muscle cell,1,200,3306,0.005,0.0003
L4,Mesen_Pericyte_Cyc,Cycling pericytes,4522,celltype_GarciaAlonso2021,PV STEAP4,138,148,2680,0.9324,0.0515
L4,Mesen_Pericyte_Cyc,Cycling pericytes,4522,celltype_GarciaAlonso2021,Other,4,148,2101,0.027,0.0019
L4,Mesen_Pericyte_Cyc,Cycling pericytes,4522,celltype_GarciaAlonso2021,eS,3,148,12569,0.0203,0.0002
L4,Mesen_Pericyte_Cyc,Cycling pericytes,4522,celltype_GarciaAlonso2021,Fibroblast C7,1,148,678,0.0068,0.0015
L4,Mesen_Pericyte_Cyc,Cycling pericytes,4522,celltype_GarciaAlonso2021,PV MYH11,1,148,2977,0.0068,0.0003
L4,Mesen_Pericyte_Cyc,Cycling pericytes,4522,celltype_GarciaAlonso2021,uSMC,1,148,3915,0.0068,0.0003
L4,Mesen_Pericyte_Cyc,Cycling pericytes,4522,celltype_HECA,ePV_2,280,536,3651,0.5224,0.0767
L4,Mesen_Pericyte_Cyc,Cycling pericytes,4522,celltype_HECA,ePV_1b,217,536,1789,0.4049,0.1213
L4,Mesen_Pericyte_Cyc,Cycling pericytes,4522,celltype_HECA,eStromal_cycling,32,536,4088,0.0597,0.0078
L4,Mesen_Pericyte_Cyc,Cycling pericytes,4522,celltype_HECA,eStromal,4,536,35132,0.0075,0.0001
L4,Mesen_Pericyte_Cyc,Cycling pericytes,4522,celltype_HECA,dStromal_late,1,536,2415,0.0019,0.0004
L4,Mesen_Pericyte_Cyc,Cycling pericytes,4522,celltype_HECA,mPV,1,536,478,0.0019,0.0021
L4,Mesen_Pericyte_Cyc,Cycling pericytes,4522,celltype_HECA,uSMCs,1,536,957,0.0019,0.001
L4,Mesen_Pericyte_Cyc,Cycling pericytes,4522,celltype_OvarySanger2026,PV_SMC_Arterial,142,237,31802,0.5992,0.0045
L4,Mesen_Pericyte_Cyc,Cycling pericytes,4522,celltype_OvarySanger2026,PV_cycling,83,237,471,0.3502,0.1762
L4,Mesen_Pericyte_Cyc,Cycling pericytes,4522,celltype_OvarySanger2026,PV_Fetal,9,237,3555,0.038,0.0025
L4,Mesen_Pericyte_Cyc,Cycling pericytes,4522,celltype_OvarySanger2026,PV_Capillary_Pericytes,1,237,4680,0.0042,0.0002
L4,Mesen_Pericyte_Cyc,Cycling pericytes,4522,celltype_OvarySanger2026,PV_Fibroblast,1,237,1060,0.0042,0.0009
L4,Mesen_Pericyte_Cyc,Cycling pericytes,4522,celltype_OvarySanger2026,Theca_3structural,1,237,2702,0.0042,0.0004
L4,Mesen_Pericyte_Cyc,Cycling pericytes,4522,celltype_Ulrich2022,fibroblast,7,11,4969,0.6364,0.0014
L4,Mesen_Pericyte_Cyc,Cycling pericytes,4522,celltype_Ulrich2022,pericyte,3,11,2004,0.2727,0.0015
L4,Mesen_Pericyte_Cyc,Cycling pericytes,4522,celltype_Ulrich2022,macrophage,1,11,3103,0.0909,0.0003
L4,Mesen_Pericyte_Cyc,Cycling pericytes,4522,celltype_Ulrich2024,eS-proliferative,70,230,1386,0.3043,0.0505
L4,Mesen_Pericyte_Cyc,Cycling pericytes,4522,celltype_Ulrich2024,PV-STEAP4,64,230,3531,0.2783,0.0181
L4,Mesen_Pericyte_Cyc,Cycling pericytes,4522,celltype_Ulrich2024,PV-MYH11_CDKN1A+,56,230,10659,0.2435,0.0053
L4,Mesen_Pericyte_Cyc,Cycling pericytes,4522,celltype_Ulrich2024,PV-MYH11_CDKN1A-,26,230,6396,0.113,0.0041
L4,Mesen_Pericyte_Cyc,Cycling pericytes,4522,celltype_Ulrich2024,dS3,12,230,15871,0.0522,0.0008
L4,Mesen_Pericyte_Cyc,Cycling pericytes,4522,celltype_Ulrich2024,Fibrocytes,1,230,46,0.0043,0.0217
L4,Mesen_Pericyte_Cyc,Cycling pericytes,4522,celltype_Ulrich2024,Tissue-resident-vascular-progenitor,1,230,203,0.0043,0.0049
L4,Mesen_Pericyte_Cyc,Cycling pericytes,4522,celltype_Weigert2025,perivascular cell,1,1,8542,1.0,0.0001
L3,Mesen_Pericyte_EndoSpiralArt,Endometrial pericytes surrounding spiral arteries,6617,celltype_GarciaAlonso2021,PV STEAP4,506,518,2680,0.9768,0.1888
L3,Mesen_Pericyte_EndoSpiralArt,Endometrial pericytes surrounding spiral arteries,6617,celltype_GarciaAlonso2021,PV MYH11,12,518,2977,0.0232,0.004
L3,Mesen_Pericyte_EndoSpiralArt,Endometrial pericytes surrounding spiral arteries,6617,celltype_HECA,ePV_1b,1359,1486,1789,0.9145,0.7596
L3,Mesen_Pericyte_EndoSpiralArt,Endometrial pericytes surrounding spiral arteries,6617,celltype_HECA,ePV_2,106,1486,3651,0.0713,0.029
L3,Mesen_Pericyte_EndoSpiralArt,Endometrial pericytes surrounding spiral arteries,6617,celltype_HECA,mPV,16,1486,478,0.0108,0.0335
L3,Mesen_Pericyte_EndoSpiralArt,Endometrial pericytes surrounding spiral arteries,6617,celltype_HECA,dStromal_mid,4,1486,21067,0.0027,0.0002
L3,Mesen_Pericyte_EndoSpiralArt,Endometrial pericytes surrounding spiral arteries,6617,celltype_HECA,eStromal,1,1486,35132,0.0007,0.0
L3,Mesen_Pericyte_EndoSpiralArt,Endometrial pericytes surrounding spiral arteries,6617,celltype_OvarySanger2026,PV_SMC_Arterial,409,434,31802,0.9424,0.0129
L3,Mesen_Pericyte_EndoSpiralArt,Endometrial pericytes surrounding spiral arteries,6617,celltype_OvarySanger2026,PV_Fetal,9,434,3555,0.0207,0.0025
L3,Mesen_Pericyte_EndoSpiralArt,Endometrial pericytes surrounding spiral arteries,6617,celltype_OvarySanger2026,PV_Fibroblast,9,434,1060,0.0207,0.0085
L3,Mesen_Pericyte_EndoSpiralArt,Endometrial pericytes surrounding spiral arteries,6617,celltype_OvarySanger2026,PV_Capillary_Pericytes,7,434,4680,0.0161,0.0015
L3,Mesen_Pericyte_EndoSpiralArt,Endometrial pericytes surrounding spiral arteries,6617,celltype_Ulrich2024,PV-MYH11_CDKN1A-,648,834,6396,0.777,0.1013
L3,Mesen_Pericyte_EndoSpiralArt,Endometrial pericytes surrounding spiral arteries,6617,celltype_Ulrich2024,PV-STEAP4,146,834,3531,0.1751,0.0413
L3,Mesen_Pericyte_EndoSpiralArt,Endometrial pericytes surrounding spiral arteries,6617,celltype_Ulrich2024,PV-MYH11_CDKN1A+,35,834,10659,0.042,0.0033
L3,Mesen_Pericyte_EndoSpiralArt,Endometrial pericytes surrounding spiral arteries,6617,celltype_Ulrich2024,Tissue-resident-vascular-progenitor,2,834,203,0.0024,0.0099
L3,Mesen_Pericyte_EndoSpiralArt,Endometrial pericytes surrounding spiral arteries,6617,celltype_Ulrich2024,dS3,2,834,15871,0.0024,0.0001
L3,Mesen_Pericyte_EndoSpiralArt,Endometrial pericytes surrounding spiral arteries,6617,celltype_Ulrich2024,dS2,1,834,23111,0.0012,0.0
L3,Mesen_Pericyte_EndoSpiralArt,Endometrial pericytes surrounding spiral arteries,6617,celltype_Weigert2025,perivascular cell,3,3,8542,1.0,0.0004
L4,Mesen_Pericyte_EndoStromalLike,Endometrial pericyte-stromal-likes,10229,celltype_GarciaAlonso2021,PV STEAP4,308,411,2680,0.7494,0.1149
L4,Mesen_Pericyte_EndoStromalLike,Endometrial pericyte-stromal-likes,10229,celltype_GarciaAlonso2021,eS,59,411,12569,0.1436,0.0047
L4,Mesen_Pericyte_EndoStromalLike,Endometrial pericyte-stromal-likes,10229,celltype_GarciaAlonso2021,dS,39,411,21021,0.0949,0.0019
L4,Mesen_Pericyte_EndoStromalLike,Endometrial pericyte-stromal-likes,10229,celltype_GarciaAlonso2021,uSMC,3,411,3915,0.0073,0.0008
L4,Mesen_Pericyte_EndoStromalLike,Endometrial pericyte-stromal-likes,10229,celltype_GarciaAlonso2021,Fibroblast C7,2,411,678,0.0049,0.0029
L4,Mesen_Pericyte_EndoStromalLike,Endometrial pericyte-stromal-likes,10229,celltype_HECA,ePV_2,1161,1759,3651,0.66,0.318
L4,Mesen_Pericyte_EndoStromalLike,Endometrial pericyte-stromal-likes,10229,celltype_HECA,eStromal,408,1759,35132,0.2319,0.0116
L4,Mesen_Pericyte_EndoStromalLike,Endometrial pericyte-stromal-likes,10229,celltype_HECA,dStromal_mid,66,1759,21067,0.0375,0.0031
L4,Mesen_Pericyte_EndoStromalLike,Endometrial pericyte-stromal-likes,10229,celltype_HECA,dStromal_early,44,1759,5517,0.025,0.008
L4,Mesen_Pericyte_EndoStromalLike,Endometrial pericyte-stromal-likes,10229,celltype_HECA,ePV_1b,25,1759,1789,0.0142,0.014
L4,Mesen_Pericyte_EndoStromalLike,Endometrial pericyte-stromal-likes,10229,celltype_HECA,eStromal_cycling,20,1759,4088,0.0114,0.0049
L4,Mesen_Pericyte_EndoStromalLike,Endometrial pericyte-stromal-likes,10229,celltype_HECA,sHormones,9,1759,248,0.0051,0.0363
L4,Mesen_Pericyte_EndoStromalLike,Endometrial pericyte-stromal-likes,10229,celltype_HECA,dStromal_late,8,1759,2415,0.0045,0.0033
L4,Mesen_Pericyte_EndoStromalLike,Endometrial pericyte-stromal-likes,10229,celltype_HECA,eStromal_MMPs,6,1759,186,0.0034,0.0323
L4,Mesen_Pericyte_EndoStromalLike,Endometrial pericyte-stromal-likes,10229,celltype_HECA,mPV,3,1759,478,0.0017,0.0063
L4,Mesen_Pericyte_EndoStromalLike,Endometrial pericyte-stromal-likes,10229,celltype_HECA,ePV_1a,3,1759,173,0.0017,0.0173
L4,Mesen_Pericyte_EndoStromalLike,Endometrial pericyte-stromal-likes,10229,celltype_HECA,uSMCs,3,1759,957,0.0017,0.0031
L4,Mesen_Pericyte_EndoStromalLike,Endometrial pericyte-stromal-likes,10229,celltype_HECA,Immune_Myeloid,2,1759,2097,0.0011,0.001
L4,Mesen_Pericyte_EndoStromalLike,Endometrial pericyte-stromal-likes,10229,celltype_HECA,HOXA13,1,1759,203,0.0006,0.0049
L4,Mesen_Pericyte_EndoStromalLike,Endometrial pericyte-stromal-likes,10229,celltype_Ulrich2024,dS3,399,890,15871,0.4483,0.0251
L4,Mesen_Pericyte_EndoStromalLike,Endometrial pericyte-stromal-likes,10229,celltype_Ulrich2024,PV-STEAP4,272,890,3531,0.3056,0.077
L4,Mesen_Pericyte_EndoStromalLike,Endometrial pericyte-stromal-likes,10229,celltype_Ulrich2024,dS2,109,890,23111,0.1225,0.0047
L4,Mesen_Pericyte_EndoStromalLike,Endometrial pericyte-stromal-likes,10229,celltype_Ulrich2024,PV-MYH11_CDKN1A+,49,890,10659,0.0551,0.0046
L4,Mesen_Pericyte_EndoStromalLike,Endometrial pericyte-stromal-likes,10229,celltype_Ulrich2024,PV-MYH11_CDKN1A-,43,890,6396,0.0483,0.0067
L4,Mesen_Pericyte_EndoStromalLike,Endometrial pericyte-stromal-likes,10229,celltype_Ulrich2024,dS1,8,890,2595,0.009,0.0031
L4,Mesen_Pericyte_EndoStromalLike,Endometrial pericyte-stromal-likes,10229,celltype_Ulrich2024,C7-Fibroblast,5,890,1120,0.0056,0.0045
L4,Mesen_Pericyte_EndoStromalLike,Endometrial pericyte-stromal-likes,10229,celltype_Ulrich2024,Tissue-resident-vascular-progenitor,2,890,203,0.0022,0.0099
L4,Mesen_Pericyte_EndoStromalLike,Endometrial pericyte-stromal-likes,10229,celltype_Ulrich2024,eS-proliferative,2,890,1386,0.0022,0.0014
L4,Mesen_Pericyte_EndoStromalLike,Endometrial pericyte-stromal-likes,10229,celltype_Ulrich2024,uSMC,1,890,7719,0.0011,0.0001
L4,Mesen_Pericyte_SMCsIntr,Pericyte-smooth muscle intermediates,8167,celltype_GarciaAlonso2021,PV STEAP4,269,296,2680,0.9088,0.1004
L4,Mesen_Pericyte_SMCsIntr,Pericyte-smooth muscle intermediates,8167,celltype_GarciaAlonso2021,uSMC,21,296,3915,0.0709,0.0054
L4,Mesen_Pericyte_SMCsIntr,Pericyte-smooth muscle intermediates,8167,celltype_GarciaAlonso2021,PV MYH11,3,296,2977,0.0101,0.001
L4,Mesen_Pericyte_SMCsIntr,Pericyte-smooth muscle intermediates,8167,celltype_GarciaAlonso2021,Fibroblast C7,1,296,678,0.0034,0.0015
L4,Mesen_Pericyte_SMCsIntr,Pericyte-smooth muscle intermediates,8167,celltype_GarciaAlonso2021,Other,1,296,2101,0.0034,0.0005
L4,Mesen_Pericyte_SMCsIntr,Pericyte-smooth muscle intermediates,8167,celltype_GarciaAlonso2021,dS,1,296,21021,0.0034,0.0
L4,Mesen_Pericyte_SMCsIntr,Pericyte-smooth muscle intermediates,8167,celltype_HECA,ePV_1a,89,154,173,0.5779,0.5145
L4,Mesen_Pericyte_SMCsIntr,Pericyte-smooth muscle intermediates,8167,celltype_HECA,ePV_2,56,154,3651,0.3636,0.0153
L4,Mesen_Pericyte_SMCsIntr,Pericyte-smooth muscle intermediates,8167,celltype_HECA,mPV,3,154,478,0.0195,0.0063
L4,Mesen_Pericyte_SMCsIntr,Pericyte-smooth muscle intermediates,8167,celltype_HECA,uSMCs,3,154,957,0.0195,0.0031
L4,Mesen_Pericyte_SMCsIntr,Pericyte-smooth muscle intermediates,8167,celltype_HECA,Fibroblast_basalis,2,154,45,0.013,0.0444
L4,Mesen_Pericyte_SMCsIntr,Pericyte-smooth muscle intermediates,8167,celltype_HECA,dStromal_mid,1,154,21067,0.0065,0.0
L4,Mesen_Pericyte_SMCsIntr,Pericyte-smooth muscle intermediates,8167,celltype_OvarySanger2026,PV_Capillary_Pericytes,68,116,4680,0.5862,0.0145
L4,Mesen_Pericyte_SMCsIntr,Pericyte-smooth muscle intermediates,8167,celltype_OvarySanger2026,PV_SMC_Arterial,32,116,31802,0.2759,0.001
L4,Mesen_Pericyte_SMCsIntr,Pericyte-smooth muscle intermediates,8167,celltype_OvarySanger2026,PV_Fibroblast,6,116,1060,0.0517,0.0057
L4,Mesen_Pericyte_SMCsIntr,Pericyte-smooth muscle intermediates,8167,celltype_OvarySanger2026,PV_Fetal,4,116,3555,0.0345,0.0011
L4,Mesen_Pericyte_SMCsIntr,Pericyte-smooth muscle intermediates,8167,celltype_OvarySanger2026,Stroma_InnCor,4,116,75307,0.0345,0.0001
L4,Mesen_Pericyte_SMCsIntr,Pericyte-smooth muscle intermediates,8167,celltype_OvarySanger2026,FibC3,1,116,5463,0.0086,0.0002
L4,Mesen_Pericyte_SMCsIntr,Pericyte-smooth muscle intermediates,8167,celltype_OvarySanger2026,Stroma_Medulla,1,116,9919,0.0086,0.0001
L4,Mesen_Pericyte_SMCsIntr,Pericyte-smooth muscle intermediates,8167,celltype_Ulrich2022,fibroblast,33,93,4969,0.3548,0.0066
L4,Mesen_Pericyte_SMCsIntr,Pericyte-smooth muscle intermediates,8167,celltype_Ulrich2022,smooth muscle cell,31,93,3500,0.3333,0.0089
L4,Mesen_Pericyte_SMCsIntr,Pericyte-smooth muscle intermediates,8167,celltype_Ulrich2022,pericyte,28,93,2004,0.3011,0.014
L4,Mesen_Pericyte_SMCsIntr,Pericyte-smooth muscle intermediates,8167,celltype_Ulrich2022,myofibroblast cell,1,93,9937,0.0108,0.0001
L4,Mesen_Pericyte_SMCsIntr,Pericyte-smooth muscle intermediates,8167,celltype_Ulrich2024,PV-STEAP4,930,1357,3531,0.6853,0.2634
L4,Mesen_Pericyte_SMCsIntr,Pericyte-smooth muscle intermediates,8167,celltype_Ulrich2024,uSMC,230,1357,7719,0.1695,0.0298
L4,Mesen_Pericyte_SMCsIntr,Pericyte-smooth muscle intermediates,8167,celltype_Ulrich2024,PV-MYH11_CDKN1A+,100,1357,10659,0.0737,0.0094
L4,Mesen_Pericyte_SMCsIntr,Pericyte-smooth muscle intermediates,8167,celltype_Ulrich2024,dS2,60,1357,23111,0.0442,0.0026
L4,Mesen_Pericyte_SMCsIntr,Pericyte-smooth muscle intermediates,8167,celltype_Ulrich2024,dS3,29,1357,15871,0.0214,0.0018
L4,Mesen_Pericyte_SMCsIntr,Pericyte-smooth muscle intermediates,8167,celltype_Ulrich2024,PV-MYH11_CDKN1A-,4,1357,6396,0.0029,0.0006
L4,Mesen_Pericyte_SMCsIntr,Pericyte-smooth muscle intermediates,8167,celltype_Ulrich2024,C7-Fibroblast,2,1357,1120,0.0015,0.0018
L4,Mesen_Pericyte_SMCsIntr,Pericyte-smooth muscle intermediates,8167,celltype_Ulrich2024,Tissue-resident-vascular-progenitor,2,1357,203,0.0015,0.0099
L4,Mesen_Pericyte_SMCsIntr,Pericyte-smooth muscle intermediates,8167,celltype_Weigert2025,perivascular cell,193,219,8542,0.8813,0.0226
L4,Mesen_Pericyte_SMCsIntr,Pericyte-smooth muscle intermediates,8167,celltype_Weigert2025,smooth muscle cell,14,219,3306,0.0639,0.0042
L4,Mesen_Pericyte_SMCsIntr,Pericyte-smooth muscle intermediates,8167,celltype_Weigert2025,stromal cell,11,219,51072,0.0502,0.0002
L4,Mesen_Pericyte_SMCsIntr,Pericyte-smooth muscle intermediates,8167,celltype_Weigert2025,fallopian tube secretory epithelial cell,1,219,3364,0.0046,0.0003
L4,Mesen_Prepuce_Fetal,Fetal prepuce fibroblast,2243,celltype_Lorenzi2025,Prepuce,1455,2140,3904,0.6799,0.3727
L4,Mesen_Prepuce_Fetal,Fetal prepuce fibroblast,2243,celltype_Lorenzi2025,Corpus Cavernosum,286,2140,9075,0.1336,0.0315
L4,Mesen_Prepuce_Fetal,Fetal prepuce fibroblast,2243,celltype_Lorenzi2025,Glans,247,2140,5648,0.1154,0.0437
L4,Mesen_Prepuce_Fetal,Fetal prepuce fibroblast,2243,celltype_Lorenzi2025,Corpus Spongiosum,116,2140,6065,0.0542,0.0191
L4,Mesen_Prepuce_Fetal,Fetal prepuce fibroblast,2243,celltype_Lorenzi2025,Labio-Scrotal Swelling,20,2140,3319,0.0093,0.006
L4,Mesen_Prepuce_Fetal,Fetal prepuce fibroblast,2243,celltype_Lorenzi2025,Urogenital Sinus Lig,7,2140,5172,0.0033,0.0014
L4,Mesen_Prepuce_Fetal,Fetal prepuce fibroblast,2243,celltype_Lorenzi2025,Lower Vagina Mese,2,2140,3228,0.0009,0.0006
L4,Mesen_Prepuce_Fetal,Fetal prepuce fibroblast,2243,celltype_Lorenzi2025,Fallopian Mese,1,2140,29799,0.0005,0.0
L4,Mesen_Prepuce_Fetal,Fetal prepuce fibroblast,2243,celltype_Lorenzi2025,Labia,1,2140,1737,0.0005,0.0006
L4,Mesen_Prepuce_Fetal,Fetal prepuce fibroblast,2243,celltype_Lorenzi2025,Perivascular,1,2140,13206,0.0005,0.0001
L4,Mesen_Prepuce_Fetal,Fetal prepuce fibroblast,2243,celltype_Lorenzi2025,Pre-Perivascular,1,2140,3970,0.0005,0.0003
L4,Mesen_Prepuce_Fetal,Fetal prepuce fibroblast,2243,celltype_Lorenzi2025,Preputial Lamina Epi,1,2140,2666,0.0005,0.0004
L4,Mesen_Prepuce_Fetal,Fetal prepuce fibroblast,2243,celltype_Lorenzi2025,Upper Urogenital Sinus Mese,1,2140,2667,0.0005,0.0004
L4,Mesen_Prepuce_Fetal,Fetal prepuce fibroblast,2243,celltype_Lorenzi2025,Wolffian/Mesonephros Mese,1,2140,18850,0.0005,0.0001
L3,Mesen_SMCs,Smooth muscles,41488,celltype_GarciaAlonso2021,uSMC,3618,4892,3915,0.7396,0.9241
L3,Mesen_SMCs,Smooth muscles,41488,celltype_GarciaAlonso2021,Other,1164,4892,2101,0.2379,0.554
L3,Mesen_SMCs,Smooth muscles,41488,celltype_GarciaAlonso2021,PV STEAP4,45,4892,2680,0.0092,0.0168
L3,Mesen_SMCs,Smooth muscles,41488,celltype_GarciaAlonso2021,dS,32,4892,21021,0.0065,0.0015
L3,Mesen_SMCs,Smooth muscles,41488,celltype_GarciaAlonso2021,Fibroblast C7,22,4892,678,0.0045,0.0324
L3,Mesen_SMCs,Smooth muscles,41488,celltype_GarciaAlonso2021,PV MYH11,9,4892,2977,0.0018,0.003
L3,Mesen_SMCs,Smooth muscles,41488,celltype_GarciaAlonso2021,Lymphoid,1,4892,1281,0.0002,0.0008
L3,Mesen_SMCs,Smooth muscles,41488,celltype_GarciaAlonso2021,eS,1,4892,12569,0.0002,0.0001
L3,Mesen_SMCs,Smooth muscles,41488,celltype_HECA,uSMCs,885,921,957,0.9609,0.9248
L3,Mesen_SMCs,Smooth muscles,41488,celltype_HECA,dStromal_mid,8,921,21067,0.0087,0.0004
L3,Mesen_SMCs,Smooth muscles,41488,celltype_HECA,ePV_2,6,921,3651,0.0065,0.0016
L3,Mesen_SMCs,Smooth muscles,41488,celltype_HECA,ePV_1a,5,921,173,0.0054,0.0289
L3,Mesen_SMCs,Smooth muscles,41488,celltype_HECA,mPV,5,921,478,0.0054,0.0105
L3,Mesen_SMCs,Smooth muscles,41488,celltype_HECA,eStromal,4,921,35132,0.0043,0.0001
L3,Mesen_SMCs,Smooth muscles,41488,celltype_HECA,Fibroblast_basalis,3,921,45,0.0033,0.0667
L3,Mesen_SMCs,Smooth muscles,41488,celltype_HECA,dStromal_late,2,921,2415,0.0022,0.0008
L3,Mesen_SMCs,Smooth muscles,41488,celltype_HECA,ePV_1b,2,921,1789,0.0022,0.0011
L3,Mesen_SMCs,Smooth muscles,41488,celltype_HECA,sHormones,1,921,248,0.0011,0.004
L3,Mesen_SMCs,Smooth muscles,41488,celltype_OvarySanger2026,Stroma_InnCor,55,103,75307,0.534,0.0007
L3,Mesen_SMCs,Smooth muscles,41488,celltype_OvarySanger2026,FibC3,40,103,5463,0.3883,0.0073
L3,Mesen_SMCs,Smooth muscles,41488,celltype_OvarySanger2026,PV_SMC_Arterial,3,103,31802,0.0291,0.0001
L3,Mesen_SMCs,Smooth muscles,41488,celltype_OvarySanger2026,PV_Fibroblast,2,103,1060,0.0194,0.0019
L3,Mesen_SMCs,Smooth muscles,41488,celltype_OvarySanger2026,PV_Fetal,1,103,3555,0.0097,0.0003
L3,Mesen_SMCs,Smooth muscles,41488,celltype_OvarySanger2026,Stroma_HOXA9,1,103,45,0.0097,0.0222
L3,Mesen_SMCs,Smooth muscles,41488,celltype_OvarySanger2026,Theca_3structural_HedgLow,1,103,4414,0.0097,0.0002
L3,Mesen_SMCs,Smooth muscles,41488,celltype_Ulrich2022,smooth muscle cell,3313,3865,3500,0.8572,0.9466
L3,Mesen_SMCs,Smooth muscles,41488,celltype_Ulrich2022,myofibroblast cell,287,3865,9937,0.0743,0.0289
L3,Mesen_SMCs,Smooth muscles,41488,celltype_Ulrich2022,fibroblast,259,3865,4969,0.067,0.0521
L3,Mesen_SMCs,Smooth muscles,41488,celltype_Ulrich2022,pericyte,3,3865,2004,0.0008,0.0015
L3,Mesen_SMCs,Smooth muscles,41488,celltype_Ulrich2022,secretory cell,2,3865,11019,0.0005,0.0002
L3,Mesen_SMCs,Smooth muscles,41488,celltype_Ulrich2022,macrophage,1,3865,3103,0.0003,0.0003
L3,Mesen_SMCs,Smooth muscles,41488,celltype_Ulrich2024,uSMC,4353,6001,7719,0.7254,0.5639
L3,Mesen_SMCs,Smooth muscles,41488,celltype_Ulrich2024,dS2,934,6001,23111,0.1556,0.0404
L3,Mesen_SMCs,Smooth muscles,41488,celltype_Ulrich2024,PV-STEAP4,315,6001,3531,0.0525,0.0892
L3,Mesen_SMCs,Smooth muscles,41488,celltype_Ulrich2024,PV-MYH11_CDKN1A+,249,6001,10659,0.0415,0.0234
L3,Mesen_SMCs,Smooth muscles,41488,celltype_Ulrich2024,dS3,61,6001,15871,0.0102,0.0038
L3,Mesen_SMCs,Smooth muscles,41488,celltype_Ulrich2024,Tissue-resident-vascular-progenitor,46,6001,203,0.0077,0.2266
L3,Mesen_SMCs,Smooth muscles,41488,celltype_Ulrich2024,C7-Fibroblast,14,6001,1120,0.0023,0.0125
L3,Mesen_SMCs,Smooth muscles,41488,celltype_Ulrich2024,dS1,12,6001,2595,0.002,0.0046
L3,Mesen_SMCs,Smooth muscles,41488,celltype_Ulrich2024,PV-MYH11_CDKN1A-,9,6001,6396,0.0015,0.0014
L3,Mesen_SMCs,Smooth muscles,41488,celltype_Ulrich2024,Myoepithelial,3,6001,110,0.0005,0.0273
L3,Mesen_SMCs,Smooth muscles,41488,celltype_Ulrich2024,Gland-sec-progenitor-B,1,6001,1161,0.0002,0.0009
L3,Mesen_SMCs,Smooth muscles,41488,celltype_Ulrich2024,HMGB2-Prolif,1,6001,1402,0.0002,0.0007
L3,Mesen_SMCs,Smooth muscles,41488,celltype_Ulrich2024,MUC16+_Gland_sec,1,6001,1447,0.0002,0.0007
L3,Mesen_SMCs,Smooth muscles,41488,celltype_Ulrich2024,RUNX3+_Fibroblast,1,6001,23,0.0002,0.0435
L3,Mesen_SMCs,Smooth muscles,41488,celltype_Ulrich2024,eS-proliferative,1,6001,1386,0.0002,0.0007
L3,Mesen_SMCs,Smooth muscles,41488,celltype_Weigert2025,smooth muscle cell,2539,2870,3306,0.8847,0.768
L3,Mesen_SMCs,Smooth muscles,41488,celltype_Weigert2025,stromal cell,317,2870,51072,0.1105,0.0062
L3,Mesen_SMCs,Smooth muscles,41488,celltype_Weigert2025,perivascular cell,11,2870,8542,0.0038,0.0013
L3,Mesen_SMCs,Smooth muscles,41488,celltype_Weigert2025,fallopian tube secretory epithelial cell,2,2870,3364,0.0007,0.0006
L3,Mesen_SMCs,Smooth muscles,41488,celltype_Weigert2025,ciliated epithelial cell,1,2870,5184,0.0003,0.0002
L4,Mesen_Theca_Atretic,Theca atretic,3239,celltype_OvarySanger2026,Theca_Atr,27,51,383,0.5294,0.0705
L4,Mesen_Theca_Atretic,Theca atretic,3239,celltype_OvarySanger2026,Stroma_Medulla,14,51,9919,0.2745,0.0014
L4,Mesen_Theca_Atretic,Theca atretic,3239,celltype_OvarySanger2026,Theca_3structural,3,51,2702,0.0588,0.0011
L4,Mesen_Theca_Atretic,Theca atretic,3239,celltype_OvarySanger2026,Stroma_Perifoll_InnCor,2,51,26620,0.0392,0.0001
L4,Mesen_Theca_Atretic,Theca atretic,3239,celltype_OvarySanger2026,Stroma_InnCor,1,51,75307,0.0196,0.0
L4,Mesen_Theca_Atretic,Theca atretic,3239,celltype_OvarySanger2026,Stroma_Perifoll_OutCor,1,51,4095,0.0196,0.0002
L4,Mesen_Theca_Atretic,Theca atretic,3239,celltype_OvarySanger2026,Theca_1perifollicular,1,51,2568,0.0196,0.0004
L4,Mesen_Theca_Atretic,Theca atretic,3239,celltype_OvarySanger2026,Theca_2androgenic_pre,1,51,640,0.0196,0.0016
L4,Mesen_Theca_Atretic,Theca atretic,3239,celltype_OvarySanger2026,Theca_3structural_HedgLow,1,51,4414,0.0196,0.0002
L3,Mesen_Theca_Externa,Theca Externa,30089,celltype_OvarySanger2026,Stroma_Perifoll_InnCor,6063,16583,26620,0.3656,0.2278
L3,Mesen_Theca_Externa,Theca Externa,30089,celltype_OvarySanger2026,Stroma_Perifoll_OutCor,3300,16583,4095,0.199,0.8059
L3,Mesen_Theca_Externa,Theca Externa,30089,celltype_OvarySanger2026,Theca_3structural_HedgLow,2318,16583,4414,0.1398,0.5251
L3,Mesen_Theca_Externa,Theca Externa,30089,celltype_OvarySanger2026,Stroma_InnCor,2060,16583,75307,0.1242,0.0274
L3,Mesen_Theca_Externa,Theca Externa,30089,celltype_OvarySanger2026,Theca_3structural,1810,16583,2702,0.1091,0.6699
L3,Mesen_Theca_Externa,Theca Externa,30089,celltype_OvarySanger2026,Stroma_OutCor,272,16583,2898,0.0164,0.0939
L3,Mesen_Theca_Externa,Theca Externa,30089,celltype_OvarySanger2026,Stroma_OutCor_Foll,243,16583,30653,0.0147,0.0079
L3,Mesen_Theca_Externa,Theca Externa,30089,celltype_OvarySanger2026,Theca_1perifollicular,220,16583,2568,0.0133,0.0857
L3,Mesen_Theca_Externa,Theca Externa,30089,celltype_OvarySanger2026,Stroma_Medulla,152,16583,9919,0.0092,0.0153
L3,Mesen_Theca_Externa,Theca Externa,30089,celltype_OvarySanger2026,Theca_2androgenic_pre,43,16583,640,0.0026,0.0672
L3,Mesen_Theca_Externa,Theca Externa,30089,celltype_OvarySanger2026,Theca_2androgenic_Atr,32,16583,2306,0.0019,0.0139
L3,Mesen_Theca_Externa,Theca Externa,30089,celltype_OvarySanger2026,Theca_1perifollicular_cycling,19,16583,1367,0.0011,0.0139
L3,Mesen_Theca_Externa,Theca Externa,30089,celltype_OvarySanger2026,PV_Fibroblast,16,16583,1060,0.001,0.0151
L3,Mesen_Theca_Externa,Theca Externa,30089,celltype_OvarySanger2026,Theca_Atr,15,16583,383,0.0009,0.0392
L3,Mesen_Theca_Externa,Theca Externa,30089,celltype_OvarySanger2026,Theca_3structural_ZIM2,11,16583,20,0.0007,0.55
L3,Mesen_Theca_Externa,Theca Externa,30089,celltype_OvarySanger2026,FibC3,6,16583,5463,0.0004,0.0011
L3,Mesen_Theca_Externa,Theca Externa,30089,celltype_OvarySanger2026,PV_Fetal,2,16583,3555,0.0001,0.0006
L3,Mesen_Theca_Externa,Theca Externa,30089,celltype_OvarySanger2026,Granulosa_sq_atr,1,16583,2839,0.0001,0.0004
L4,Mesen_Theca_Interna_Cyc,Theca Interna cycling,9366,celltype_OvarySanger2026,Theca_1perifollicular_cycling,1313,1501,1367,0.8748,0.9605
L4,Mesen_Theca_Interna_Cyc,Theca Interna cycling,9366,celltype_OvarySanger2026,Theca_1perifollicular,76,1501,2568,0.0506,0.0296
L4,Mesen_Theca_Interna_Cyc,Theca Interna cycling,9366,celltype_OvarySanger2026,Theca_3structural,40,1501,2702,0.0266,0.0148
L4,Mesen_Theca_Interna_Cyc,Theca Interna cycling,9366,celltype_OvarySanger2026,Stroma_InnCor,24,1501,75307,0.016,0.0003
L4,Mesen_Theca_Interna_Cyc,Theca Interna cycling,9366,celltype_OvarySanger2026,Theca_2androgenic_pre,15,1501,640,0.01,0.0234
L4,Mesen_Theca_Interna_Cyc,Theca Interna cycling,9366,celltype_OvarySanger2026,PV_cycling,6,1501,471,0.004,0.0127
L4,Mesen_Theca_Interna_Cyc,Theca Interna cycling,9366,celltype_OvarySanger2026,Stroma_OutCor_Foll,5,1501,30653,0.0033,0.0002
L4,Mesen_Theca_Interna_Cyc,Theca Interna cycling,9366,celltype_OvarySanger2026,Stroma_Perifoll_InnCor,5,1501,26620,0.0033,0.0002
L4,Mesen_Theca_Interna_Cyc,Theca Interna cycling,9366,celltype_OvarySanger2026,Granulosa_sq_atr,3,1501,2839,0.002,0.0011
L4,Mesen_Theca_Interna_Cyc,Theca Interna cycling,9366,celltype_OvarySanger2026,PV_Fibroblast,3,1501,1060,0.002,0.0028
L4,Mesen_Theca_Interna_Cyc,Theca Interna cycling,9366,celltype_OvarySanger2026,Stroma_Medulla,3,1501,9919,0.002,0.0003
L4,Mesen_Theca_Interna_Cyc,Theca Interna cycling,9366,celltype_OvarySanger2026,PV_SMC_Arterial,2,1501,31802,0.0013,0.0001
L4,Mesen_Theca_Interna_Cyc,Theca Interna cycling,9366,celltype_OvarySanger2026,Granulosa_AMH_antral_HedgLow,1,1501,3271,0.0007,0.0003
L4,Mesen_Theca_Interna_Cyc,Theca Interna cycling,9366,celltype_OvarySanger2026,Granulosa_AMH_early,1,1501,813,0.0007,0.0012
L4,Mesen_Theca_Interna_Cyc,Theca Interna cycling,9366,celltype_OvarySanger2026,Stroma_Perifoll_OutCor,1,1501,4095,0.0007,0.0002
L4,Mesen_Theca_Interna_Cyc,Theca Interna cycling,9366,celltype_OvarySanger2026,Theca_2androgenic,1,1501,205,0.0007,0.0049
L4,Mesen_Theca_Interna_Cyc,Theca Interna cycling,9366,celltype_OvarySanger2026,Theca_2androgenic_Atr,1,1501,2306,0.0007,0.0004
L4,Mesen_Theca_Interna_Cyc,Theca Interna cycling,9366,celltype_OvarySanger2026,Theca_Atr,1,1501,383,0.0007,0.0026
L4,Mesen_Theca_Interna_Perifol,Theca Interna perifolicular,5148,celltype_OvarySanger2026,Theca_1perifollicular,2092,2533,2568,0.8259,0.8146
L4,Mesen_Theca_Interna_Perifol,Theca Interna perifolicular,5148,celltype_OvarySanger2026,Stroma_InnCor,113,2533,75307,0.0446,0.0015
L4,Mesen_Theca_Interna_Perifol,Theca Interna perifolicular,5148,celltype_OvarySanger2026,Stroma_Perifoll_InnCor,83,2533,26620,0.0328,0.0031
L4,Mesen_Theca_Interna_Perifol,Theca Interna perifolicular,5148,celltype_OvarySanger2026,Theca_3structural,74,2533,2702,0.0292,0.0274
L4,Mesen_Theca_Interna_Perifol,Theca Interna perifolicular,5148,celltype_OvarySanger2026,Theca_2androgenic_pre,61,2533,640,0.0241,0.0953
L4,Mesen_Theca_Interna_Perifol,Theca Interna perifolicular,5148,celltype_OvarySanger2026,Theca_Atr,38,2533,383,0.015,0.0992
L4,Mesen_Theca_Interna_Perifol,Theca Interna perifolicular,5148,celltype_OvarySanger2026,Theca_2androgenic_Atr,22,2533,2306,0.0087,0.0095
L4,Mesen_Theca_Interna_Perifol,Theca Interna perifolicular,5148,celltype_OvarySanger2026,Stroma_Medulla,21,2533,9919,0.0083,0.0021
L4,Mesen_Theca_Interna_Perifol,Theca Interna perifolicular,5148,celltype_OvarySanger2026,Theca_1perifollicular_cycling,13,2533,1367,0.0051,0.0095
L4,Mesen_Theca_Interna_Perifol,Theca Interna perifolicular,5148,celltype_OvarySanger2026,PV_Fibroblast,6,2533,1060,0.0024,0.0057
L4,Mesen_Theca_Interna_Perifol,Theca Interna perifolicular,5148,celltype_OvarySanger2026,Stroma_Perifoll_OutCor,5,2533,4095,0.002,0.0012
L4,Mesen_Theca_Interna_Perifol,Theca Interna perifolicular,5148,celltype_OvarySanger2026,Stroma_OutCor_Foll,2,2533,30653,0.0008,0.0001
L4,Mesen_Theca_Interna_Perifol,Theca Interna perifolicular,5148,celltype_OvarySanger2026,PV_SMC_Arterial,1,2533,31802,0.0004,0.0
L4,Mesen_Theca_Interna_Perifol,Theca Interna perifolicular,5148,celltype_OvarySanger2026,Stroma_OutCor,1,2533,2898,0.0004,0.0003
L4,Mesen_Theca_Interna_Perifol,Theca Interna perifolicular,5148,celltype_OvarySanger2026,Theca_3structural_ZIM2,1,2533,20,0.0004,0.05
L4,Mesen_Theca_Interna_Steroid,Theca Interna steroidogenic,8428,celltype_OvarySanger2026,Theca_2androgenic_Atr,2141,3537,2306,0.6053,0.9284
L4,Mesen_Theca_Interna_Steroid,Theca Interna steroidogenic,8428,celltype_OvarySanger2026,Theca_2androgenic_pre,496,3537,640,0.1402,0.775
L4,Mesen_Theca_Interna_Steroid,Theca Interna steroidogenic,8428,celltype_OvarySanger2026,Theca_Atr,294,3537,383,0.0831,0.7676
L4,Mesen_Theca_Interna_Steroid,Theca Interna steroidogenic,8428,celltype_OvarySanger2026,Stroma_Perifoll_InnCor,215,3537,26620,0.0608,0.0081
L4,Mesen_Theca_Interna_Steroid,Theca Interna steroidogenic,8428,celltype_OvarySanger2026,Theca_2androgenic,204,3537,205,0.0577,0.9951
L4,Mesen_Theca_Interna_Steroid,Theca Interna steroidogenic,8428,celltype_OvarySanger2026,Stroma_InnCor,60,3537,75307,0.017,0.0008
L4,Mesen_Theca_Interna_Steroid,Theca Interna steroidogenic,8428,celltype_OvarySanger2026,Theca_1perifollicular,55,3537,2568,0.0155,0.0214
L4,Mesen_Theca_Interna_Steroid,Theca Interna steroidogenic,8428,celltype_OvarySanger2026,PV_Fibroblast,17,3537,1060,0.0048,0.016
L4,Mesen_Theca_Interna_Steroid,Theca Interna steroidogenic,8428,celltype_OvarySanger2026,Stroma_Medulla,17,3537,9919,0.0048,0.0017
L4,Mesen_Theca_Interna_Steroid,Theca Interna steroidogenic,8428,celltype_OvarySanger2026,Stroma_Perifoll_OutCor,16,3537,4095,0.0045,0.0039
L4,Mesen_Theca_Interna_Steroid,Theca Interna steroidogenic,8428,celltype_OvarySanger2026,Stroma_OutCor_Foll,7,3537,30653,0.002,0.0002
L4,Mesen_Theca_Interna_Steroid,Theca Interna steroidogenic,8428,celltype_OvarySanger2026,Theca_1perifollicular_cycling,4,3537,1367,0.0011,0.0029
L4,Mesen_Theca_Interna_Steroid,Theca Interna steroidogenic,8428,celltype_OvarySanger2026,Theca_3structural,4,3537,2702,0.0011,0.0015
L4,Mesen_Theca_Interna_Steroid,Theca Interna steroidogenic,8428,celltype_OvarySanger2026,Theca_3structural_HedgLow,4,3537,4414,0.0011,0.0009
L4,Mesen_Theca_Interna_Steroid,Theca Interna steroidogenic,8428,celltype_OvarySanger2026,Granulosa_sq_atr,2,3537,2839,0.0006,0.0007
L4,Mesen_Theca_Interna_Steroid,Theca Interna steroidogenic,8428,celltype_OvarySanger2026,PV_SMC_Arterial,1,3537,31802,0.0003,0.0
L4,Mesen_UGSFib_Lower,Fetal Lower urogenital sinus fibroblast,6277,celltype_GarciaAlonso2022,Mesenchymal_GATA2,46,47,42064,0.9787,0.0011
L4,Mesen_UGSFib_Lower,Fetal Lower urogenital sinus fibroblast,6277,celltype_GarciaAlonso2022,Epithelial,1,47,9596,0.0213,0.0001
L4,Mesen_UGSFib_Lower,Fetal Lower urogenital sinus fibroblast,6277,celltype_Lorenzi2025,Lower Urogenital Sinus Mese,4415,6214,6828,0.7105,0.6466
L4,Mesen_UGSFib_Lower,Fetal Lower urogenital sinus fibroblast,6277,celltype_Lorenzi2025,Lower Vagina Mese,813,6214,3228,0.1308,0.2519
L4,Mesen_UGSFib_Lower,Fetal Lower urogenital sinus fibroblast,6277,celltype_Lorenzi2025,Urogenital Sinus Lig,571,6214,5172,0.0919,0.1104
L4,Mesen_UGSFib_Lower,Fetal Lower urogenital sinus fibroblast,6277,celltype_Lorenzi2025,Upper Urogenital Sinus Mese,162,6214,2667,0.0261,0.0607
L4,Mesen_UGSFib_Lower,Fetal Lower urogenital sinus fibroblast,6277,celltype_Lorenzi2025,Corpus Spongiosum,115,6214,6065,0.0185,0.019
L4,Mesen_UGSFib_Lower,Fetal Lower urogenital sinus fibroblast,6277,celltype_Lorenzi2025,Corpus Cavernosum,44,6214,9075,0.0071,0.0048
L4,Mesen_UGSFib_Lower,Fetal Lower urogenital sinus fibroblast,6277,celltype_Lorenzi2025,Upper Vagina Mese,28,6214,7172,0.0045,0.0039
L4,Mesen_UGSFib_Lower,Fetal Lower urogenital sinus fibroblast,6277,celltype_Lorenzi2025,Cervix/Vagina Lig,21,6214,7698,0.0034,0.0027
L4,Mesen_UGSFib_Lower,Fetal Lower urogenital sinus fibroblast,6277,celltype_Lorenzi2025,Labio-Scrotal Swelling,9,6214,3319,0.0014,0.0027
L4,Mesen_UGSFib_Lower,Fetal Lower urogenital sinus fibroblast,6277,celltype_Lorenzi2025,Urogenital Sinus SmMu,7,6214,187,0.0011,0.0374
L4,Mesen_UGSFib_Lower,Fetal Lower urogenital sinus fibroblast,6277,celltype_Lorenzi2025,Pre-Perivascular,6,6214,3970,0.001,0.0015
L4,Mesen_UGSFib_Lower,Fetal Lower urogenital sinus fibroblast,6277,celltype_Lorenzi2025,Fallopian Mese,3,6214,29799,0.0005,0.0001
L4,Mesen_UGSFib_Lower,Fetal Lower urogenital sinus fibroblast,6277,celltype_Lorenzi2025,Müllerian Epi,3,6214,2490,0.0005,0.0012
L4,Mesen_UGSFib_Lower,Fetal Lower urogenital sinus fibroblast,6277,celltype_Lorenzi2025,Uterus Lig,3,6214,10625,0.0005,0.0003
L4,Mesen_UGSFib_Lower,Fetal Lower urogenital sinus fibroblast,6277,celltype_Lorenzi2025,Uterus Mese,3,6214,29149,0.0005,0.0001
L4,Mesen_UGSFib_Lower,Fetal Lower urogenital sinus fibroblast,6277,celltype_Lorenzi2025,Wolffian/Mesonephros Mese,2,6214,18850,0.0003,0.0001
L4,Mesen_UGSFib_Lower,Fetal Lower urogenital sinus fibroblast,6277,celltype_Lorenzi2025,Cervix/Upper Vagina SmMu,1,6214,11093,0.0002,0.0001
L4,Mesen_UGSFib_Lower,Fetal Lower urogenital sinus fibroblast,6277,celltype_Lorenzi2025,Coelomic Epi,1,6214,6305,0.0002,0.0002
L4,Mesen_UGSFib_Lower,Fetal Lower urogenital sinus fibroblast,6277,celltype_Lorenzi2025,Lower Vagina SmMu,1,6214,1405,0.0002,0.0007
L4,Mesen_UGSFib_Lower,Fetal Lower urogenital sinus fibroblast,6277,celltype_Lorenzi2025,Perivascular,1,6214,13206,0.0002,0.0001
L4,Mesen_UGSFib_Lower,Fetal Lower urogenital sinus fibroblast,6277,celltype_Lorenzi2025,Prepuce,1,6214,3904,0.0002,0.0003
L4,Mesen_UGSFib_Lower,Fetal Lower urogenital sinus fibroblast,6277,celltype_Lorenzi2025,Preputial Lamina Epi,1,6214,2666,0.0002,0.0004
L4,Mesen_UGSFib_Lower,Fetal Lower urogenital sinus fibroblast,6277,celltype_Lorenzi2025,Uterus SmMu,1,6214,7029,0.0002,0.0001
L4,Mesen_UGSFib_Lower,Fetal Lower urogenital sinus fibroblast,6277,celltype_Lorenzi2025,Wolffian Epi,1,6214,2733,0.0002,0.0004
L4,Mesen_UGSFib_Lower,Fetal Lower urogenital sinus fibroblast,6277,celltype_Lorenzi2025,Wolffian/Mesonephros Lig,1,6214,614,0.0002,0.0016
L4,Mesen_UGSFib_Upper,Fetal Upper urogenital sinus fibroblast,11402,celltype_GarciaAlonso2022,Mesenchymal_GATA2,4904,4921,42064,0.9965,0.1166
L4,Mesen_UGSFib_Upper,Fetal Upper urogenital sinus fibroblast,11402,celltype_GarciaAlonso2022,SMCs,9,4921,2910,0.0018,0.0031
L4,Mesen_UGSFib_Upper,Fetal Upper urogenital sinus fibroblast,11402,celltype_GarciaAlonso2022,CoelEpi_GATA2,4,4921,3446,0.0008,0.0012
L4,Mesen_UGSFib_Upper,Fetal Upper urogenital sinus fibroblast,11402,celltype_GarciaAlonso2022,CoelEpi_LHX9,1,4921,4334,0.0002,0.0002
L4,Mesen_UGSFib_Upper,Fetal Upper urogenital sinus fibroblast,11402,celltype_GarciaAlonso2022,Gi,1,4921,2853,0.0002,0.0004
L4,Mesen_UGSFib_Upper,Fetal Upper urogenital sinus fibroblast,11402,celltype_GarciaAlonso2022,Neural,1,4921,1893,0.0002,0.0005
L4,Mesen_UGSFib_Upper,Fetal Upper urogenital sinus fibroblast,11402,celltype_GarciaAlonso2022,Oi,1,4921,23391,0.0002,0.0
L4,Mesen_UGSFib_Upper,Fetal Upper urogenital sinus fibroblast,11402,celltype_Lardenois2026,Extragonadal_CE,2,3,538,0.6667,0.0037
L4,Mesen_UGSFib_Upper,Fetal Upper urogenital sinus fibroblast,11402,celltype_Lardenois2026,Mesonephric_mesenchymal,1,3,406,0.3333,0.0025
L4,Mesen_UGSFib_Upper,Fetal Upper urogenital sinus fibroblast,11402,celltype_Lorenzi2025,Urogenital Sinus Lig,3913,9822,5172,0.3984,0.7566
L4,Mesen_UGSFib_Upper,Fetal Upper urogenital sinus fibroblast,11402,celltype_Lorenzi2025,Uterus Mese,2452,9822,29149,0.2496,0.0841
L4,Mesen_UGSFib_Upper,Fetal Upper urogenital sinus fibroblast,11402,celltype_Lorenzi2025,Upper Urogenital Sinus Mese,1547,9822,2667,0.1575,0.5801
L4,Mesen_UGSFib_Upper,Fetal Upper urogenital sinus fibroblast,11402,celltype_Lorenzi2025,Cervix/Vagina Lig,384,9822,7698,0.0391,0.0499
L4,Mesen_UGSFib_Upper,Fetal Upper urogenital sinus fibroblast,11402,celltype_Lorenzi2025,Lower Vagina Mese,357,9822,3228,0.0363,0.1106
L4,Mesen_UGSFib_Upper,Fetal Upper urogenital sinus fibroblast,11402,celltype_Lorenzi2025,Lower Urogenital Sinus Mese,345,9822,6828,0.0351,0.0505
L4,Mesen_UGSFib_Upper,Fetal Upper urogenital sinus fibroblast,11402,celltype_Lorenzi2025,Upper Vagina Mese,308,9822,7172,0.0314,0.0429
L4,Mesen_UGSFib_Upper,Fetal Upper urogenital sinus fibroblast,11402,celltype_Lorenzi2025,Cervix Mese,120,9822,8232,0.0122,0.0146
L4,Mesen_UGSFib_Upper,Fetal Upper urogenital sinus fibroblast,11402,celltype_Lorenzi2025,Vas Deferens Mese,79,9822,1966,0.008,0.0402
L4,Mesen_UGSFib_Upper,Fetal Upper urogenital sinus fibroblast,11402,celltype_Lorenzi2025,Müllerian Mese,74,9822,2592,0.0075,0.0285
L4,Mesen_UGSFib_Upper,Fetal Upper urogenital sinus fibroblast,11402,celltype_Lorenzi2025,Uterus SmMu,56,9822,7029,0.0057,0.008
L4,Mesen_UGSFib_Upper,Fetal Upper urogenital sinus fibroblast,11402,celltype_Lorenzi2025,Fallopian Mese,47,9822,29799,0.0048,0.0016
L4,Mesen_UGSFib_Upper,Fetal Upper urogenital sinus fibroblast,11402,celltype_Lorenzi2025,Corpus Cavernosum,37,9822,9075,0.0038,0.0041
L4,Mesen_UGSFib_Upper,Fetal Upper urogenital sinus fibroblast,11402,celltype_Lorenzi2025,Cervix/Upper Vagina SmMu,18,9822,11093,0.0018,0.0016
L4,Mesen_UGSFib_Upper,Fetal Upper urogenital sinus fibroblast,11402,celltype_Lorenzi2025,Glans,13,9822,5648,0.0013,0.0023
L4,Mesen_UGSFib_Upper,Fetal Upper urogenital sinus fibroblast,11402,celltype_Lorenzi2025,Wolffian/Mesonephros Lig,13,9822,614,0.0013,0.0212
L4,Mesen_UGSFib_Upper,Fetal Upper urogenital sinus fibroblast,11402,celltype_Lorenzi2025,Pre-Perivascular,12,9822,3970,0.0012,0.003
L4,Mesen_UGSFib_Upper,Fetal Upper urogenital sinus fibroblast,11402,celltype_Lorenzi2025,Uterus Lig,8,9822,10625,0.0008,0.0008
L4,Mesen_UGSFib_Upper,Fetal Upper urogenital sinus fibroblast,11402,celltype_Lorenzi2025,Perivascular,7,9822,13206,0.0007,0.0005
L4,Mesen_UGSFib_Upper,Fetal Upper urogenital sinus fibroblast,11402,celltype_Lorenzi2025,Corpus Spongiosum,6,9822,6065,0.0006,0.001
L4,Mesen_UGSFib_Upper,Fetal Upper urogenital sinus fibroblast,11402,celltype_Lorenzi2025,Wolffian/Mesonephros Mese,5,9822,18850,0.0005,0.0003
L4,Mesen_UGSFib_Upper,Fetal Upper urogenital sinus fibroblast,11402,celltype_Lorenzi2025,Coelomic Epi,4,9822,6305,0.0004,0.0006
L4,Mesen_UGSFib_Upper,Fetal Upper urogenital sinus fibroblast,11402,celltype_Lorenzi2025,Epoophron Mese,4,9822,12245,0.0004,0.0003
L4,Mesen_UGSFib_Upper,Fetal Upper urogenital sinus fibroblast,11402,celltype_Lorenzi2025,Wolffian Epi,3,9822,2733,0.0003,0.0011
L4,Mesen_UGSFib_Upper,Fetal Upper urogenital sinus fibroblast,11402,celltype_Lorenzi2025,Fallopian Lig,2,9822,17659,0.0002,0.0001
L4,Mesen_UGSFib_Upper,Fetal Upper urogenital sinus fibroblast,11402,celltype_Lorenzi2025,Fallopian SmMu,2,9822,5499,0.0002,0.0004
L4,Mesen_UGSFib_Upper,Fetal Upper urogenital sinus fibroblast,11402,celltype_Lorenzi2025,Labio-Scrotal Swelling,2,9822,3319,0.0002,0.0006
L4,Mesen_UGSFib_Upper,Fetal Upper urogenital sinus fibroblast,11402,celltype_Lorenzi2025,Endothelial,1,9822,7907,0.0001,0.0001
L4,Mesen_UGSFib_Upper,Fetal Upper urogenital sinus fibroblast,11402,celltype_Lorenzi2025,Fallopian Epi,1,9822,7650,0.0001,0.0001
L4,Mesen_UGSFib_Upper,Fetal Upper urogenital sinus fibroblast,11402,celltype_Lorenzi2025,Müllerian Epi,1,9822,2490,0.0001,0.0004
L4,Mesen_UGSFib_Upper,Fetal Upper urogenital sinus fibroblast,11402,celltype_Lorenzi2025,Urogenital Sinus SmMu,1,9822,187,0.0001,0.0053
L4,Mesen_UGSFib_Upper,Fetal Upper urogenital sinus fibroblast,11402,celltype_OvarySanger2026,Fallopian_SMCs_Fetal,9,9,2339,1.0,0.0038
L3,Mesen_UGSLig,Urogenital sinus ligament fibroblast,2661,celltype_GarciaAlonso2022,Mesenchymal_GATA2,7,10,42064,0.7,0.0002
L3,Mesen_UGSLig,Urogenital sinus ligament fibroblast,2661,celltype_GarciaAlonso2022,CoelEpi_GATA2,2,10,3446,0.2,0.0006
L3,Mesen_UGSLig,Urogenital sinus ligament fibroblast,2661,celltype_GarciaAlonso2022,PV,1,10,9621,0.1,0.0001
L3,Mesen_UGSLig,Urogenital sinus ligament fibroblast,2661,celltype_Lorenzi2025,Urogenital Sinus Lig,92,233,5172,0.3948,0.0178
L3,Mesen_UGSLig,Urogenital sinus ligament fibroblast,2661,celltype_Lorenzi2025,Lower Urogenital Sinus Mese,40,233,6828,0.1717,0.0059
L3,Mesen_UGSLig,Urogenital sinus ligament fibroblast,2661,celltype_Lorenzi2025,Labio-Scrotal Swelling,39,233,3319,0.1674,0.0118
L3,Mesen_UGSLig,Urogenital sinus ligament fibroblast,2661,celltype_Lorenzi2025,Wolffian/Mesonephros Mese,15,233,18850,0.0644,0.0008
L3,Mesen_UGSLig,Urogenital sinus ligament fibroblast,2661,celltype_Lorenzi2025,Corpus Cavernosum,13,233,9075,0.0558,0.0014
L3,Mesen_UGSLig,Urogenital sinus ligament fibroblast,2661,celltype_Lorenzi2025,Wolffian/Mesonephros Lig,10,233,614,0.0429,0.0163
L3,Mesen_UGSLig,Urogenital sinus ligament fibroblast,2661,celltype_Lorenzi2025,Perivascular,9,233,13206,0.0386,0.0007
L3,Mesen_UGSLig,Urogenital sinus ligament fibroblast,2661,celltype_Lorenzi2025,Müllerian Mese,3,233,2592,0.0129,0.0012
L3,Mesen_UGSLig,Urogenital sinus ligament fibroblast,2661,celltype_Lorenzi2025,Coelomic Epi,2,233,6305,0.0086,0.0003
L3,Mesen_UGSLig,Urogenital sinus ligament fibroblast,2661,celltype_Lorenzi2025,Fallopian Lig,2,233,17659,0.0086,0.0001
L3,Mesen_UGSLig,Urogenital sinus ligament fibroblast,2661,celltype_Lorenzi2025,Fallopian Mese,2,233,29799,0.0086,0.0001
L3,Mesen_UGSLig,Urogenital sinus ligament fibroblast,2661,celltype_Lorenzi2025,Pre-Perivascular,2,233,3970,0.0086,0.0005
L3,Mesen_UGSLig,Urogenital sinus ligament fibroblast,2661,celltype_Lorenzi2025,Upper Urogenital Sinus Mese,2,233,2667,0.0086,0.0007
L3,Mesen_UGSLig,Urogenital sinus ligament fibroblast,2661,celltype_Lorenzi2025,Glans,1,233,5648,0.0043,0.0002
L3,Mesen_UGSLig,Urogenital sinus ligament fibroblast,2661,celltype_Lorenzi2025,Wolffian Epi,1,233,2733,0.0043,0.0004
L3,Mesen_UGSSMCs,Urogenital sinus smooth muscle,383,celltype_GarciaAlonso2022,SMCs,1,1,2910,1.0,0.0003
L3,Mesen_UGSSMCs,Urogenital sinus smooth muscle,383,celltype_Lorenzi2025,Lower Vagina SmMu,226,382,1405,0.5916,0.1609
L3,Mesen_UGSSMCs,Urogenital sinus smooth muscle,383,celltype_Lorenzi2025,Urogenital Sinus SmMu,143,382,187,0.3743,0.7647
L3,Mesen_UGSSMCs,Urogenital sinus smooth muscle,383,celltype_Lorenzi2025,Cervix/Upper Vagina SmMu,4,382,11093,0.0105,0.0004
L3,Mesen_UGSSMCs,Urogenital sinus smooth muscle,383,celltype_Lorenzi2025,Lower Urogenital Sinus Mese,4,382,6828,0.0105,0.0006
L3,Mesen_UGSSMCs,Urogenital sinus smooth muscle,383,celltype_Lorenzi2025,Lower Vagina Mese,2,382,3228,0.0052,0.0006
L3,Mesen_UGSSMCs,Urogenital sinus smooth muscle,383,celltype_Lorenzi2025,Corpus Cavernosum,1,382,9075,0.0026,0.0001
L3,Mesen_UGSSMCs,Urogenital sinus smooth muscle,383,celltype_Lorenzi2025,Upper Vagina Mese,1,382,7172,0.0026,0.0001
L3,Mesen_UGSSMCs,Urogenital sinus smooth muscle,383,celltype_Lorenzi2025,Uterus SmMu,1,382,7029,0.0026,0.0001
L3,Mesen_UterotubalJunctionFibs,Uterotubal Junction fibroblasts,150,celltype_Ulrich2022,fibroblast,2,2,4969,1.0,0.0004
L3,Mesen_UterotubalJunctionFibs,Uterotubal Junction fibroblasts,150,celltype_Weigert2025,stromal cell,64,64,51072,1.0,0.0013
L4,Mesen_UterusFibs_Fetal,Fetal uterine stromal fibroblast,29462,celltype_GarciaAlonso2022,Mesenchymal_GATA2,778,783,42064,0.9936,0.0185
L4,Mesen_UterusFibs_Fetal,Fetal uterine stromal fibroblast,29462,celltype_GarciaAlonso2022,CoelEpi_GATA2,1,783,3446,0.0013,0.0003
L4,Mesen_UterusFibs_Fetal,Fetal uterine stromal fibroblast,29462,celltype_GarciaAlonso2022,CoelEpi_LHX9_cycling,1,783,1336,0.0013,0.0007
L4,Mesen_UterusFibs_Fetal,Fetal uterine stromal fibroblast,29462,celltype_GarciaAlonso2022,Epithelial,1,783,9596,0.0013,0.0001
L4,Mesen_UterusFibs_Fetal,Fetal uterine stromal fibroblast,29462,celltype_GarciaAlonso2022,Gi,1,783,2853,0.0013,0.0004
L4,Mesen_UterusFibs_Fetal,Fetal uterine stromal fibroblast,29462,celltype_GarciaAlonso2022,SMCs,1,783,2910,0.0013,0.0003
L4,Mesen_UterusFibs_Fetal,Fetal uterine stromal fibroblast,29462,celltype_Lardenois2026,Extragonadal_CE,3,4,538,0.75,0.0056
L4,Mesen_UterusFibs_Fetal,Fetal uterine stromal fibroblast,29462,celltype_Lardenois2026,Mesonephric_mesenchymal,1,4,406,0.25,0.0025
L4,Mesen_UterusFibs_Fetal,Fetal uterine stromal fibroblast,29462,celltype_Lorenzi2025,Uterus Mese,23326,29268,29149,0.797,0.8002
L4,Mesen_UterusFibs_Fetal,Fetal uterine stromal fibroblast,29462,celltype_Lorenzi2025,Cervix Mese,4253,29268,8232,0.1453,0.5166
L4,Mesen_UterusFibs_Fetal,Fetal uterine stromal fibroblast,29462,celltype_Lorenzi2025,Uterus Lig,383,29268,10625,0.0131,0.036
L4,Mesen_UterusFibs_Fetal,Fetal uterine stromal fibroblast,29462,celltype_Lorenzi2025,Uterus SmMu,291,29268,7029,0.0099,0.0414
L4,Mesen_UterusFibs_Fetal,Fetal uterine stromal fibroblast,29462,celltype_Lorenzi2025,Fallopian Mese,279,29268,29799,0.0095,0.0094
L4,Mesen_UterusFibs_Fetal,Fetal uterine stromal fibroblast,29462,celltype_Lorenzi2025,Upper Urogenital Sinus Mese,273,29268,2667,0.0093,0.1024
L4,Mesen_UterusFibs_Fetal,Fetal uterine stromal fibroblast,29462,celltype_Lorenzi2025,Vas Deferens Mese,135,29268,1966,0.0046,0.0687
L4,Mesen_UterusFibs_Fetal,Fetal uterine stromal fibroblast,29462,celltype_Lorenzi2025,Cervix/Upper Vagina SmMu,104,29268,11093,0.0036,0.0094
L4,Mesen_UterusFibs_Fetal,Fetal uterine stromal fibroblast,29462,celltype_Lorenzi2025,Upper Vagina Mese,42,29268,7172,0.0014,0.0059
L4,Mesen_UterusFibs_Fetal,Fetal uterine stromal fibroblast,29462,celltype_Lorenzi2025,Fallopian Lig,30,29268,17659,0.001,0.0017
L4,Mesen_UterusFibs_Fetal,Fetal uterine stromal fibroblast,29462,celltype_Lorenzi2025,Fallopian SmMu,30,29268,5499,0.001,0.0055
L4,Mesen_UterusFibs_Fetal,Fetal uterine stromal fibroblast,29462,celltype_Lorenzi2025,Perivascular,22,29268,13206,0.0008,0.0017
L4,Mesen_UterusFibs_Fetal,Fetal uterine stromal fibroblast,29462,celltype_Lorenzi2025,Cervix/Vagina Lig,20,29268,7698,0.0007,0.0026
L4,Mesen_UterusFibs_Fetal,Fetal uterine stromal fibroblast,29462,celltype_Lorenzi2025,Urogenital Sinus Lig,20,29268,5172,0.0007,0.0039
L4,Mesen_UterusFibs_Fetal,Fetal uterine stromal fibroblast,29462,celltype_Lorenzi2025,Müllerian Mese,11,29268,2592,0.0004,0.0042
L4,Mesen_UterusFibs_Fetal,Fetal uterine stromal fibroblast,29462,celltype_Lorenzi2025,Epoophron Mese,10,29268,12245,0.0003,0.0008
L4,Mesen_UterusFibs_Fetal,Fetal uterine stromal fibroblast,29462,celltype_Lorenzi2025,Wolffian/Mesonephros Mese,8,29268,18850,0.0003,0.0004
L4,Mesen_UterusFibs_Fetal,Fetal uterine stromal fibroblast,29462,celltype_Lorenzi2025,Coelomic Epi,7,29268,6305,0.0002,0.0011
L4,Mesen_UterusFibs_Fetal,Fetal uterine stromal fibroblast,29462,celltype_Lorenzi2025,Glans,6,29268,5648,0.0002,0.0011
L4,Mesen_UterusFibs_Fetal,Fetal uterine stromal fibroblast,29462,celltype_Lorenzi2025,Wolffian/Mesonephros Lig,6,29268,614,0.0002,0.0098
L4,Mesen_UterusFibs_Fetal,Fetal uterine stromal fibroblast,29462,celltype_Lorenzi2025,Lower Vagina Mese,4,29268,3228,0.0001,0.0012
L4,Mesen_UterusFibs_Fetal,Fetal uterine stromal fibroblast,29462,celltype_Lorenzi2025,Corpus Spongiosum,2,29268,6065,0.0001,0.0003
L4,Mesen_UterusFibs_Fetal,Fetal uterine stromal fibroblast,29462,celltype_Lorenzi2025,Lower Urogenital Sinus Mese,2,29268,6828,0.0001,0.0003
L4,Mesen_UterusFibs_Fetal,Fetal uterine stromal fibroblast,29462,celltype_Lorenzi2025,Endothelial,1,29268,7907,0.0,0.0001
L4,Mesen_UterusFibs_Fetal,Fetal uterine stromal fibroblast,29462,celltype_Lorenzi2025,Immune,1,29268,2126,0.0,0.0005
L4,Mesen_UterusFibs_Fetal,Fetal uterine stromal fibroblast,29462,celltype_Lorenzi2025,Pre-Perivascular,1,29268,3970,0.0,0.0003
L4,Mesen_UterusFibs_Fetal,Fetal uterine stromal fibroblast,29462,celltype_Lorenzi2025,Preputial Lamina Epi,1,29268,2666,0.0,0.0004
L4,Mesen_UterusFibs_Fetal,Fetal uterine stromal fibroblast,29462,celltype_OvarySanger2026,Fallopian_mesen_Fetal,9,10,7774,0.9,0.0012
L4,Mesen_UterusFibs_Fetal,Fetal uterine stromal fibroblast,29462,celltype_OvarySanger2026,Fallopian_lig_Fetal,1,10,3990,0.1,0.0003
L4,Mesen_UterusLig_Fetal,Fetal uterine ligament fibroblast,12364,celltype_GarciaAlonso2022,Mesenchymal_GATA2,541,574,42064,0.9425,0.0129
L4,Mesen_UterusLig_Fetal,Fetal uterine ligament fibroblast,12364,celltype_GarciaAlonso2022,Oi,25,574,23391,0.0436,0.0011
L4,Mesen_UterusLig_Fetal,Fetal uterine ligament fibroblast,12364,celltype_GarciaAlonso2022,Gi,4,574,2853,0.007,0.0014
L4,Mesen_UterusLig_Fetal,Fetal uterine ligament fibroblast,12364,celltype_GarciaAlonso2022,CoelEpi_GATA2,2,574,3446,0.0035,0.0006
L4,Mesen_UterusLig_Fetal,Fetal uterine ligament fibroblast,12364,celltype_GarciaAlonso2022,PV,1,574,9621,0.0017,0.0001
L4,Mesen_UterusLig_Fetal,Fetal uterine ligament fibroblast,12364,celltype_GarciaAlonso2022,SMCs,1,574,2910,0.0017,0.0003
L4,Mesen_UterusLig_Fetal,Fetal uterine ligament fibroblast,12364,celltype_Lardenois2026,Interstitial,5,6,9615,0.8333,0.0005
L4,Mesen_UterusLig_Fetal,Fetal uterine ligament fibroblast,12364,celltype_Lardenois2026,Perivascular,1,6,147,0.1667,0.0068
L4,Mesen_UterusLig_Fetal,Fetal uterine ligament fibroblast,12364,celltype_Lorenzi2025,Uterus Lig,8383,11729,10625,0.7147,0.789
L4,Mesen_UterusLig_Fetal,Fetal uterine ligament fibroblast,12364,celltype_Lorenzi2025,Cervix/Vagina Lig,1166,11729,7698,0.0994,0.1515
L4,Mesen_UterusLig_Fetal,Fetal uterine ligament fibroblast,12364,celltype_Lorenzi2025,Fallopian Mese,528,11729,29799,0.045,0.0177
L4,Mesen_UterusLig_Fetal,Fetal uterine ligament fibroblast,12364,celltype_Lorenzi2025,Vas Deferens Mese,432,11729,1966,0.0368,0.2197
L4,Mesen_UterusLig_Fetal,Fetal uterine ligament fibroblast,12364,celltype_Lorenzi2025,Fallopian Lig,292,11729,17659,0.0249,0.0165
L4,Mesen_UterusLig_Fetal,Fetal uterine ligament fibroblast,12364,celltype_Lorenzi2025,Uterus Mese,269,11729,29149,0.0229,0.0092
L4,Mesen_UterusLig_Fetal,Fetal uterine ligament fibroblast,12364,celltype_Lorenzi2025,Pre-Perivascular,238,11729,3970,0.0203,0.0599
L4,Mesen_UterusLig_Fetal,Fetal uterine ligament fibroblast,12364,celltype_Lorenzi2025,Epoophron Mese,124,11729,12245,0.0106,0.0101
L4,Mesen_UterusLig_Fetal,Fetal uterine ligament fibroblast,12364,celltype_Lorenzi2025,Wolffian/Mesonephros Lig,115,11729,614,0.0098,0.1873
L4,Mesen_UterusLig_Fetal,Fetal uterine ligament fibroblast,12364,celltype_Lorenzi2025,Glans,49,11729,5648,0.0042,0.0087
L4,Mesen_UterusLig_Fetal,Fetal uterine ligament fibroblast,12364,celltype_Lorenzi2025,Lower Vagina Mese,33,11729,3228,0.0028,0.0102
L4,Mesen_UterusLig_Fetal,Fetal uterine ligament fibroblast,12364,celltype_Lorenzi2025,Fallopian SmMu,29,11729,5499,0.0025,0.0053
L4,Mesen_UterusLig_Fetal,Fetal uterine ligament fibroblast,12364,celltype_Lorenzi2025,Uterus SmMu,18,11729,7029,0.0015,0.0026
L4,Mesen_UterusLig_Fetal,Fetal uterine ligament fibroblast,12364,celltype_Lorenzi2025,Perivascular,13,11729,13206,0.0011,0.001
L4,Mesen_UterusLig_Fetal,Fetal uterine ligament fibroblast,12364,celltype_Lorenzi2025,Urogenital Sinus Lig,11,11729,5172,0.0009,0.0021
L4,Mesen_UterusLig_Fetal,Fetal uterine ligament fibroblast,12364,celltype_Lorenzi2025,Cervix Mese,8,11729,8232,0.0007,0.001
L4,Mesen_UterusLig_Fetal,Fetal uterine ligament fibroblast,12364,celltype_Lorenzi2025,Wolffian/Mesonephros Mese,7,11729,18850,0.0006,0.0004
L4,Mesen_UterusLig_Fetal,Fetal uterine ligament fibroblast,12364,celltype_Lorenzi2025,Cervix/Upper Vagina SmMu,4,11729,11093,0.0003,0.0004
L4,Mesen_UterusLig_Fetal,Fetal uterine ligament fibroblast,12364,celltype_Lorenzi2025,Coelomic Epi,3,11729,6305,0.0003,0.0005
L4,Mesen_UterusLig_Fetal,Fetal uterine ligament fibroblast,12364,celltype_Lorenzi2025,Immune,2,11729,2126,0.0002,0.0009
L4,Mesen_UterusLig_Fetal,Fetal uterine ligament fibroblast,12364,celltype_Lorenzi2025,Corpus Cavernosum,1,11729,9075,0.0001,0.0001
L4,Mesen_UterusLig_Fetal,Fetal uterine ligament fibroblast,12364,celltype_Lorenzi2025,Fallopian Epi,1,11729,7650,0.0001,0.0001
L4,Mesen_UterusLig_Fetal,Fetal uterine ligament fibroblast,12364,celltype_Lorenzi2025,Müllerian Mese,1,11729,2592,0.0001,0.0004
L4,Mesen_UterusLig_Fetal,Fetal uterine ligament fibroblast,12364,celltype_Lorenzi2025,Neural,1,11729,4571,0.0001,0.0002
L4,Mesen_UterusLig_Fetal,Fetal uterine ligament fibroblast,12364,celltype_Lorenzi2025,Upper Urogenital Sinus Mese,1,11729,2667,0.0001,0.0004
L4,Mesen_UterusLig_Fetal,Fetal uterine ligament fibroblast,12364,celltype_OvarySanger2026,Fallopian_lig_Fetal,262,419,3990,0.6253,0.0657
L4,Mesen_UterusLig_Fetal,Fetal uterine ligament fibroblast,12364,celltype_OvarySanger2026,Fallopian_mesen_Fetal,122,419,7774,0.2912,0.0157
L4,Mesen_UterusLig_Fetal,Fetal uterine ligament fibroblast,12364,celltype_OvarySanger2026,RepTract_prePV_Fetal,14,419,5285,0.0334,0.0026
L4,Mesen_UterusLig_Fetal,Fetal uterine ligament fibroblast,12364,celltype_OvarySanger2026,Epoophon_mesen_Fetal,12,419,4579,0.0286,0.0026
L4,Mesen_UterusLig_Fetal,Fetal uterine ligament fibroblast,12364,celltype_OvarySanger2026,Stroma_Fetal,7,419,15369,0.0167,0.0005
L4,Mesen_UterusLig_Fetal,Fetal uterine ligament fibroblast,12364,celltype_OvarySanger2026,OSE_Fetal,1,419,4369,0.0024,0.0002
L4,Mesen_UterusLig_Fetal,Fetal uterine ligament fibroblast,12364,celltype_OvarySanger2026,Stroma_InnCor,1,419,75307,0.0024,0.0
L4,Mesen_UterusSMCs_Fetal,Fetal uterine smooth muscle,7550,celltype_GarciaAlonso2022,SMCs,20,20,2910,1.0,0.0069
L4,Mesen_UterusSMCs_Fetal,Fetal uterine smooth muscle,7550,celltype_Lorenzi2025,Uterus SmMu,5168,7529,7029,0.6864,0.7352
L4,Mesen_UterusSMCs_Fetal,Fetal uterine smooth muscle,7550,celltype_Lorenzi2025,Uterus Mese,1229,7529,29149,0.1632,0.0422
L4,Mesen_UterusSMCs_Fetal,Fetal uterine smooth muscle,7550,celltype_Lorenzi2025,Cervix/Upper Vagina SmMu,627,7529,11093,0.0833,0.0565
L4,Mesen_UterusSMCs_Fetal,Fetal uterine smooth muscle,7550,celltype_Lorenzi2025,Cervix/Vagina Lig,196,7529,7698,0.026,0.0255
L4,Mesen_UterusSMCs_Fetal,Fetal uterine smooth muscle,7550,celltype_Lorenzi2025,Uterus Lig,158,7529,10625,0.021,0.0149
L4,Mesen_UterusSMCs_Fetal,Fetal uterine smooth muscle,7550,celltype_Lorenzi2025,Fallopian SmMu,95,7529,5499,0.0126,0.0173
L4,Mesen_UterusSMCs_Fetal,Fetal uterine smooth muscle,7550,celltype_Lorenzi2025,Fallopian Mese,15,7529,29799,0.002,0.0005
L4,Mesen_UterusSMCs_Fetal,Fetal uterine smooth muscle,7550,celltype_Lorenzi2025,Cervix Mese,13,7529,8232,0.0017,0.0016
L4,Mesen_UterusSMCs_Fetal,Fetal uterine smooth muscle,7550,celltype_Lorenzi2025,Glans,7,7529,5648,0.0009,0.0012
L4,Mesen_UterusSMCs_Fetal,Fetal uterine smooth muscle,7550,celltype_Lorenzi2025,Fallopian Epi,5,7529,7650,0.0007,0.0007
L4,Mesen_UterusSMCs_Fetal,Fetal uterine smooth muscle,7550,celltype_Lorenzi2025,Fallopian Lig,5,7529,17659,0.0007,0.0003
L4,Mesen_UterusSMCs_Fetal,Fetal uterine smooth muscle,7550,celltype_Lorenzi2025,Perivascular,3,7529,13206,0.0004,0.0002
L4,Mesen_UterusSMCs_Fetal,Fetal uterine smooth muscle,7550,celltype_Lorenzi2025,Vas Deferens Mese,2,7529,1966,0.0003,0.001
L4,Mesen_UterusSMCs_Fetal,Fetal uterine smooth muscle,7550,celltype_Lorenzi2025,Epoophron Mese,1,7529,12245,0.0001,0.0001
L4,Mesen_UterusSMCs_Fetal,Fetal uterine smooth muscle,7550,celltype_Lorenzi2025,Immune,1,7529,2126,0.0001,0.0005
L4,Mesen_UterusSMCs_Fetal,Fetal uterine smooth muscle,7550,celltype_Lorenzi2025,Labio-Scrotal Swelling,1,7529,3319,0.0001,0.0003
L4,Mesen_UterusSMCs_Fetal,Fetal uterine smooth muscle,7550,celltype_Lorenzi2025,Lower Vagina SmMu,1,7529,1405,0.0001,0.0007
L4,Mesen_UterusSMCs_Fetal,Fetal uterine smooth muscle,7550,celltype_Lorenzi2025,Schwann,1,7529,7553,0.0001,0.0001
L4,Mesen_UterusSMCs_Fetal,Fetal uterine smooth muscle,7550,celltype_Lorenzi2025,Upper Vagina Mese,1,7529,7172,0.0001,0.0001
L4,Mesen_UterusSMCs_Fetal,Fetal uterine smooth muscle,7550,celltype_OvarySanger2026,Fallopian_SMCs_Fetal,12,18,2339,0.6667,0.0051
L4,Mesen_UterusSMCs_Fetal,Fetal uterine smooth muscle,7550,celltype_OvarySanger2026,SMCs,6,18,474,0.3333,0.0127
L4,Mesen_VaginaFib_Lower_Fetal,Fetal lower vaginal stromal fibroblast,645,celltype_GarciaAlonso2022,Mesenchymal_GATA2,3,4,42064,0.75,0.0001
L4,Mesen_VaginaFib_Lower_Fetal,Fetal lower vaginal stromal fibroblast,645,celltype_GarciaAlonso2022,CoelEpi_LHX9,1,4,4334,0.25,0.0002
L4,Mesen_VaginaFib_Lower_Fetal,Fetal lower vaginal stromal fibroblast,645,celltype_Lorenzi2025,Urogenital Sinus SmMu,4,24,187,0.1667,0.0214
L4,Mesen_VaginaFib_Lower_Fetal,Fetal lower vaginal stromal fibroblast,645,celltype_Lorenzi2025,Lower Urogenital Sinus Mese,3,24,6828,0.125,0.0004
L4,Mesen_VaginaFib_Lower_Fetal,Fetal lower vaginal stromal fibroblast,645,celltype_Lorenzi2025,Perivascular,3,24,13206,0.125,0.0002
L4,Mesen_VaginaFib_Lower_Fetal,Fetal lower vaginal stromal fibroblast,645,celltype_Lorenzi2025,Corpus Spongiosum,2,24,6065,0.0833,0.0003
L4,Mesen_VaginaFib_Lower_Fetal,Fetal lower vaginal stromal fibroblast,645,celltype_Lorenzi2025,Pre-Perivascular,2,24,3970,0.0833,0.0005
L4,Mesen_VaginaFib_Lower_Fetal,Fetal lower vaginal stromal fibroblast,645,celltype_Lorenzi2025,Upper Urogenital Sinus Mese,2,24,2667,0.0833,0.0007
L4,Mesen_VaginaFib_Lower_Fetal,Fetal lower vaginal stromal fibroblast,645,celltype_Lorenzi2025,Urogenital Sinus Lig,2,24,5172,0.0833,0.0004
L4,Mesen_VaginaFib_Lower_Fetal,Fetal lower vaginal stromal fibroblast,645,celltype_Lorenzi2025,Cervix Mese,1,24,8232,0.0417,0.0001
L4,Mesen_VaginaFib_Lower_Fetal,Fetal lower vaginal stromal fibroblast,645,celltype_Lorenzi2025,Corpus Cavernosum,1,24,9075,0.0417,0.0001
L4,Mesen_VaginaFib_Lower_Fetal,Fetal lower vaginal stromal fibroblast,645,celltype_Lorenzi2025,Epoophron Mese,1,24,12245,0.0417,0.0001
L4,Mesen_VaginaFib_Lower_Fetal,Fetal lower vaginal stromal fibroblast,645,celltype_Lorenzi2025,Glans,1,24,5648,0.0417,0.0002
L4,Mesen_VaginaFib_Lower_Fetal,Fetal lower vaginal stromal fibroblast,645,celltype_Lorenzi2025,Lower Vagina SmMu,1,24,1405,0.0417,0.0007
L4,Mesen_VaginaFib_Lower_Fetal,Fetal lower vaginal stromal fibroblast,645,celltype_Lorenzi2025,Wolffian/Mesonephros Lig,1,24,614,0.0417,0.0016
L4,Mesen_VaginaFibs_Upper_Fetal,Fetal upper vaginal stromal fibroblast,7925,celltype_GarciaAlonso2022,Mesenchymal_GATA2,172,173,42064,0.9942,0.0041
L4,Mesen_VaginaFibs_Upper_Fetal,Fetal upper vaginal stromal fibroblast,7925,celltype_GarciaAlonso2022,Oi,1,173,23391,0.0058,0.0
L4,Mesen_VaginaFibs_Upper_Fetal,Fetal upper vaginal stromal fibroblast,7925,celltype_Lorenzi2025,Upper Vagina Mese,6442,7860,7172,0.8196,0.8982
L4,Mesen_VaginaFibs_Upper_Fetal,Fetal upper vaginal stromal fibroblast,7925,celltype_Lorenzi2025,Upper Urogenital Sinus Mese,582,7860,2667,0.074,0.2182
L4,Mesen_VaginaFibs_Upper_Fetal,Fetal upper vaginal stromal fibroblast,7925,celltype_Lorenzi2025,Lower Vagina Mese,267,7860,3228,0.034,0.0827
L4,Mesen_VaginaFibs_Upper_Fetal,Fetal upper vaginal stromal fibroblast,7925,celltype_Lorenzi2025,Cervix Mese,242,7860,8232,0.0308,0.0294
L4,Mesen_VaginaFibs_Upper_Fetal,Fetal upper vaginal stromal fibroblast,7925,celltype_Lorenzi2025,Corpus Cavernosum,93,7860,9075,0.0118,0.0102
L4,Mesen_VaginaFibs_Upper_Fetal,Fetal upper vaginal stromal fibroblast,7925,celltype_Lorenzi2025,Cervix/Vagina Lig,67,7860,7698,0.0085,0.0087
L4,Mesen_VaginaFibs_Upper_Fetal,Fetal upper vaginal stromal fibroblast,7925,celltype_Lorenzi2025,Uterus Mese,39,7860,29149,0.005,0.0013
L4,Mesen_VaginaFibs_Upper_Fetal,Fetal upper vaginal stromal fibroblast,7925,celltype_Lorenzi2025,Lower Urogenital Sinus Mese,26,7860,6828,0.0033,0.0038
L4,Mesen_VaginaFibs_Upper_Fetal,Fetal upper vaginal stromal fibroblast,7925,celltype_Lorenzi2025,Urogenital Sinus Lig,23,7860,5172,0.0029,0.0044
L4,Mesen_VaginaFibs_Upper_Fetal,Fetal upper vaginal stromal fibroblast,7925,celltype_Lorenzi2025,Cervix/Upper Vagina SmMu,18,7860,11093,0.0023,0.0016
L4,Mesen_VaginaFibs_Upper_Fetal,Fetal upper vaginal stromal fibroblast,7925,celltype_Lorenzi2025,Perivascular,17,7860,13206,0.0022,0.0013
L4,Mesen_VaginaFibs_Upper_Fetal,Fetal upper vaginal stromal fibroblast,7925,celltype_Lorenzi2025,Corpus Spongiosum,16,7860,6065,0.002,0.0026
L4,Mesen_VaginaFibs_Upper_Fetal,Fetal upper vaginal stromal fibroblast,7925,celltype_Lorenzi2025,Glans,8,7860,5648,0.001,0.0014
L4,Mesen_VaginaFibs_Upper_Fetal,Fetal upper vaginal stromal fibroblast,7925,celltype_Lorenzi2025,Uterus Lig,7,7860,10625,0.0009,0.0007
L4,Mesen_VaginaFibs_Upper_Fetal,Fetal upper vaginal stromal fibroblast,7925,celltype_Lorenzi2025,Uterus SmMu,5,7860,7029,0.0006,0.0007
L4,Mesen_VaginaFibs_Upper_Fetal,Fetal upper vaginal stromal fibroblast,7925,celltype_Lorenzi2025,Pre-Perivascular,3,7860,3970,0.0004,0.0008
L4,Mesen_VaginaFibs_Upper_Fetal,Fetal upper vaginal stromal fibroblast,7925,celltype_Lorenzi2025,Fallopian Mese,2,7860,29799,0.0003,0.0001
L4,Mesen_VaginaFibs_Upper_Fetal,Fetal upper vaginal stromal fibroblast,7925,celltype_Lorenzi2025,Endothelial,1,7860,7907,0.0001,0.0001
L4,Mesen_VaginaFibs_Upper_Fetal,Fetal upper vaginal stromal fibroblast,7925,celltype_Lorenzi2025,Labio-Scrotal Swelling,1,7860,3319,0.0001,0.0003
L4,Mesen_VaginaFibs_Upper_Fetal,Fetal upper vaginal stromal fibroblast,7925,celltype_Lorenzi2025,Schwann,1,7860,7553,0.0001,0.0001
L4,Mesen_VaginaSMCs_Lower_Fetal,Fetal lower vaginal smooth muscle,1311,celltype_GarciaAlonso2022,PV,1,1,9621,1.0,0.0001
L4,Mesen_VaginaSMCs_Lower_Fetal,Fetal lower vaginal smooth muscle,1311,celltype_Lorenzi2025,Lower Vagina SmMu,1162,1181,1405,0.9839,0.827
L4,Mesen_VaginaSMCs_Lower_Fetal,Fetal lower vaginal smooth muscle,1311,celltype_Lorenzi2025,Pre-Perivascular,5,1181,3970,0.0042,0.0013
L4,Mesen_VaginaSMCs_Lower_Fetal,Fetal lower vaginal smooth muscle,1311,celltype_Lorenzi2025,Perivascular,4,1181,13206,0.0034,0.0003
L4,Mesen_VaginaSMCs_Lower_Fetal,Fetal lower vaginal smooth muscle,1311,celltype_Lorenzi2025,Endothelial Lymphatic,2,1181,509,0.0017,0.0039
L4,Mesen_VaginaSMCs_Lower_Fetal,Fetal lower vaginal smooth muscle,1311,celltype_Lorenzi2025,Lower Vagina Mese,2,1181,3228,0.0017,0.0006
L4,Mesen_VaginaSMCs_Lower_Fetal,Fetal lower vaginal smooth muscle,1311,celltype_Lorenzi2025,Urogenital Sinus SmMu,2,1181,187,0.0017,0.0107
L4,Mesen_VaginaSMCs_Lower_Fetal,Fetal lower vaginal smooth muscle,1311,celltype_Lorenzi2025,Corpus Cavernosum,1,1181,9075,0.0008,0.0001
L4,Mesen_VaginaSMCs_Lower_Fetal,Fetal lower vaginal smooth muscle,1311,celltype_Lorenzi2025,Endothelial,1,1181,7907,0.0008,0.0001
L4,Mesen_VaginaSMCs_Lower_Fetal,Fetal lower vaginal smooth muscle,1311,celltype_Lorenzi2025,Lower Urogenital Sinus Mese,1,1181,6828,0.0008,0.0001
L4,Mesen_VaginaSMCs_Lower_Fetal,Fetal lower vaginal smooth muscle,1311,celltype_Lorenzi2025,Uterus Lig,1,1181,10625,0.0008,0.0001
L4,Mesen_VaginaSMCs_Lower_Fetal,Fetal lower vaginal smooth muscle,1311,celltype_OvarySanger2026,PV_Fetal,1,1,3555,1.0,0.0003
L4,Mesen_vSMCs_largeArt,Large vessel vascular smooth muscles,33678,celltype_GarciaAlonso2021,PV MYH11,75,93,2977,0.8065,0.0252
L4,Mesen_vSMCs_largeArt,Large vessel vascular smooth muscles,33678,celltype_GarciaAlonso2021,PV STEAP4,9,93,2680,0.0968,0.0034
L4,Mesen_vSMCs_largeArt,Large vessel vascular smooth muscles,33678,celltype_GarciaAlonso2021,uSMC,9,93,3915,0.0968,0.0023
L4,Mesen_vSMCs_largeArt,Large vessel vascular smooth muscles,33678,celltype_HECA,ePV_1b,18,31,1789,0.5806,0.0101
L4,Mesen_vSMCs_largeArt,Large vessel vascular smooth muscles,33678,celltype_HECA,mPV,8,31,478,0.2581,0.0167
L4,Mesen_vSMCs_largeArt,Large vessel vascular smooth muscles,33678,celltype_HECA,ePV_2,2,31,3651,0.0645,0.0005
L4,Mesen_vSMCs_largeArt,Large vessel vascular smooth muscles,33678,celltype_HECA,Fibroblast_basalis,1,31,45,0.0323,0.0222
L4,Mesen_vSMCs_largeArt,Large vessel vascular smooth muscles,33678,celltype_HECA,ePV_1a,1,31,173,0.0323,0.0058
L4,Mesen_vSMCs_largeArt,Large vessel vascular smooth muscles,33678,celltype_HECA,uSMCs,1,31,957,0.0323,0.001
L4,Mesen_vSMCs_largeArt,Large vessel vascular smooth muscles,33678,celltype_OvarySanger2026,PV_SMC_Arterial,598,619,31802,0.9661,0.0188
L4,Mesen_vSMCs_largeArt,Large vessel vascular smooth muscles,33678,celltype_OvarySanger2026,PV_Fibroblast,12,619,1060,0.0194,0.0113
L4,Mesen_vSMCs_largeArt,Large vessel vascular smooth muscles,33678,celltype_OvarySanger2026,PV_Capillary_Pericytes,6,619,4680,0.0097,0.0013
L4,Mesen_vSMCs_largeArt,Large vessel vascular smooth muscles,33678,celltype_OvarySanger2026,PV_Fetal,3,619,3555,0.0048,0.0008
L4,Mesen_vSMCs_largeArt,Large vessel vascular smooth muscles,33678,celltype_Ulrich2022,pericyte,1894,1924,2004,0.9844,0.9451
L4,Mesen_vSMCs_largeArt,Large vessel vascular smooth muscles,33678,celltype_Ulrich2022,smooth muscle cell,19,1924,3500,0.0099,0.0054
L4,Mesen_vSMCs_largeArt,Large vessel vascular smooth muscles,33678,celltype_Ulrich2022,fibroblast,9,1924,4969,0.0047,0.0018
L4,Mesen_vSMCs_largeArt,Large vessel vascular smooth muscles,33678,celltype_Ulrich2022,myofibroblast cell,2,1924,9937,0.001,0.0002
L4,Mesen_vSMCs_largeArt,Large vessel vascular smooth muscles,33678,celltype_Ulrich2024,PV-MYH11_CDKN1A+,6470,8251,10659,0.7841,0.607
L4,Mesen_vSMCs_largeArt,Large vessel vascular smooth muscles,33678,celltype_Ulrich2024,PV-MYH11_CDKN1A-,1063,8251,6396,0.1288,0.1662
L4,Mesen_vSMCs_largeArt,Large vessel vascular smooth muscles,33678,celltype_Ulrich2024,dS2,489,8251,23111,0.0593,0.0212
L4,Mesen_vSMCs_largeArt,Large vessel vascular smooth muscles,33678,celltype_Ulrich2024,uSMC,128,8251,7719,0.0155,0.0166
L4,Mesen_vSMCs_largeArt,Large vessel vascular smooth muscles,33678,celltype_Ulrich2024,PV-STEAP4,46,8251,3531,0.0056,0.013
L4,Mesen_vSMCs_largeArt,Large vessel vascular smooth muscles,33678,celltype_Ulrich2024,dS3,36,8251,15871,0.0044,0.0023
L4,Mesen_vSMCs_largeArt,Large vessel vascular smooth muscles,33678,celltype_Ulrich2024,eS-proliferative,10,8251,1386,0.0012,0.0072
L4,Mesen_vSMCs_largeArt,Large vessel vascular smooth muscles,33678,celltype_Ulrich2024,Tissue-resident-vascular-progenitor,8,8251,203,0.001,0.0394
L4,Mesen_vSMCs_largeArt,Large vessel vascular smooth muscles,33678,celltype_Ulrich2024,Myoepithelial,1,8251,110,0.0001,0.0091
L4,Mesen_vSMCs_largeArt,Large vessel vascular smooth muscles,33678,celltype_Weigert2025,perivascular cell,6837,6849,8542,0.9982,0.8004
L4,Mesen_vSMCs_largeArt,Large vessel vascular smooth muscles,33678,celltype_Weigert2025,stromal cell,6,6849,51072,0.0009,0.0001
L4,Mesen_vSMCs_largeArt,Large vessel vascular smooth muscles,33678,celltype_Weigert2025,endothelial cell,4,6849,4780,0.0006,0.0008
L4,Mesen_vSMCs_largeArt,Large vessel vascular smooth muscles,33678,celltype_Weigert2025,macrophage,1,6849,5151,0.0001,0.0002
L4,Mesen_vSMCs_largeArt,Large vessel vascular smooth muscles,33678,celltype_Weigert2025,smooth muscle cell,1,6849,3306,0.0001,0.0003
L4,Mesen_vSMCs_medArt,Medium artery / arteriolar vascular smooth muscles,51141,celltype_GarciaAlonso2021,PV MYH11,2838,2916,2977,0.9733,0.9533
L4,Mesen_vSMCs_medArt,Medium artery / arteriolar vascular smooth muscles,51141,celltype_GarciaAlonso2021,PV STEAP4,60,2916,2680,0.0206,0.0224
L4,Mesen_vSMCs_medArt,Medium artery / arteriolar vascular smooth muscles,51141,celltype_GarciaAlonso2021,uSMC,15,2916,3915,0.0051,0.0038
L4,Mesen_vSMCs_medArt,Medium artery / arteriolar vascular smooth muscles,51141,celltype_GarciaAlonso2021,Endothelial ACKR1,1,2916,5413,0.0003,0.0002
L4,Mesen_vSMCs_medArt,Medium artery / arteriolar vascular smooth muscles,51141,celltype_GarciaAlonso2021,Glandular,1,2916,10071,0.0003,0.0001
L4,Mesen_vSMCs_medArt,Medium artery / arteriolar vascular smooth muscles,51141,celltype_GarciaAlonso2021,dS,1,2916,21021,0.0003,0.0
L4,Mesen_vSMCs_medArt,Medium artery / arteriolar vascular smooth muscles,51141,celltype_HECA,mPV,405,475,478,0.8526,0.8473
L4,Mesen_vSMCs_medArt,Medium artery / arteriolar vascular smooth muscles,51141,celltype_HECA,ePV_1b,62,475,1789,0.1305,0.0347
L4,Mesen_vSMCs_medArt,Medium artery / arteriolar vascular smooth muscles,51141,celltype_HECA,ePV_2,4,475,3651,0.0084,0.0011
L4,Mesen_vSMCs_medArt,Medium artery / arteriolar vascular smooth muscles,51141,celltype_HECA,uSMCs,2,475,957,0.0042,0.0021
L4,Mesen_vSMCs_medArt,Medium artery / arteriolar vascular smooth muscles,51141,celltype_HECA,Immune_Lymphoid,1,475,17740,0.0021,0.0001
L4,Mesen_vSMCs_medArt,Medium artery / arteriolar vascular smooth muscles,51141,celltype_HECA,ePV_1a,1,475,173,0.0021,0.0058
L4,Mesen_vSMCs_medArt,Medium artery / arteriolar vascular smooth muscles,51141,celltype_OvarySanger2026,PV_SMC_Arterial,25515,26214,31802,0.9733,0.8023
L4,Mesen_vSMCs_medArt,Medium artery / arteriolar vascular smooth muscles,51141,celltype_OvarySanger2026,PV_Fibroblast,370,26214,1060,0.0141,0.3491
L4,Mesen_vSMCs_medArt,Medium artery / arteriolar vascular smooth muscles,51141,celltype_OvarySanger2026,PV_Capillary_Pericytes,240,26214,4680,0.0092,0.0513
L4,Mesen_vSMCs_medArt,Medium artery / arteriolar vascular smooth muscles,51141,celltype_OvarySanger2026,PV_Fetal,79,26214,3555,0.003,0.0222
L4,Mesen_vSMCs_medArt,Medium artery / arteriolar vascular smooth muscles,51141,celltype_OvarySanger2026,Stroma_InnCor,5,26214,75307,0.0002,0.0001
L4,Mesen_vSMCs_medArt,Medium artery / arteriolar vascular smooth muscles,51141,celltype_OvarySanger2026,FibC3,3,26214,5463,0.0001,0.0005
L4,Mesen_vSMCs_medArt,Medium artery / arteriolar vascular smooth muscles,51141,celltype_OvarySanger2026,PV_cycling,1,26214,471,0.0,0.0021
L4,Mesen_vSMCs_medArt,Medium artery / arteriolar vascular smooth muscles,51141,celltype_OvarySanger2026,Stroma_Medulla,1,26214,9919,0.0,0.0001
L4,Mesen_vSMCs_medArt,Medium artery / arteriolar vascular smooth muscles,51141,celltype_Ulrich2022,pericyte,62,66,2004,0.9394,0.0309
L4,Mesen_vSMCs_medArt,Medium artery / arteriolar vascular smooth muscles,51141,celltype_Ulrich2022,smooth muscle cell,2,66,3500,0.0303,0.0006
L4,Mesen_vSMCs_medArt,Medium artery / arteriolar vascular smooth muscles,51141,celltype_Ulrich2022,fibroblast,1,66,4969,0.0152,0.0002
L4,Mesen_vSMCs_medArt,Medium artery / arteriolar vascular smooth muscles,51141,celltype_Ulrich2022,myofibroblast cell,1,66,9937,0.0152,0.0001
L4,Mesen_vSMCs_medArt,Medium artery / arteriolar vascular smooth muscles,51141,celltype_Ulrich2024,PV-MYH11_CDKN1A-,4497,8073,6396,0.557,0.7031
L4,Mesen_vSMCs_medArt,Medium artery / arteriolar vascular smooth muscles,51141,celltype_Ulrich2024,PV-MYH11_CDKN1A+,3122,8073,10659,0.3867,0.2929
L4,Mesen_vSMCs_medArt,Medium artery / arteriolar vascular smooth muscles,51141,celltype_Ulrich2024,dS2,231,8073,23111,0.0286,0.01
L4,Mesen_vSMCs_medArt,Medium artery / arteriolar vascular smooth muscles,51141,celltype_Ulrich2024,uSMC,95,8073,7719,0.0118,0.0123
L4,Mesen_vSMCs_medArt,Medium artery / arteriolar vascular smooth muscles,51141,celltype_Ulrich2024,PV-STEAP4,62,8073,3531,0.0077,0.0176
L4,Mesen_vSMCs_medArt,Medium artery / arteriolar vascular smooth muscles,51141,celltype_Ulrich2024,dS3,31,8073,15871,0.0038,0.002
L4,Mesen_vSMCs_medArt,Medium artery / arteriolar vascular smooth muscles,51141,celltype_Ulrich2024,Tissue-resident-vascular-progenitor,26,8073,203,0.0032,0.1281
L4,Mesen_vSMCs_medArt,Medium artery / arteriolar vascular smooth muscles,51141,celltype_Ulrich2024,eS-proliferative,4,8073,1386,0.0005,0.0029
L4,Mesen_vSMCs_medArt,Medium artery / arteriolar vascular smooth muscles,51141,celltype_Ulrich2024,Myoepithelial,3,8073,110,0.0004,0.0273
L4,Mesen_vSMCs_medArt,Medium artery / arteriolar vascular smooth muscles,51141,celltype_Ulrich2024,C7-Fibroblast,1,8073,1120,0.0001,0.0009
L4,Mesen_vSMCs_medArt,Medium artery / arteriolar vascular smooth muscles,51141,celltype_Ulrich2024,RUNX3+_Fibroblast,1,8073,23,0.0001,0.0435
L4,Mesen_vSMCs_medArt,Medium artery / arteriolar vascular smooth muscles,51141,celltype_Weigert2025,perivascular cell,1279,1282,8542,0.9977,0.1497
L4,Mesen_vSMCs_medArt,Medium artery / arteriolar vascular smooth muscles,51141,celltype_Weigert2025,stromal cell,2,1282,51072,0.0016,0.0
L4,Mesen_vSMCs_medArt,Medium artery / arteriolar vascular smooth muscles,51141,celltype_Weigert2025,smooth muscle cell,1,1282,3306,0.0008,0.0003
L3,Meso_GonadalCoelEpi,Gonadal coelomic epithelial,2840,celltype_GarciaAlonso2022,CoelEpi_LHX9,1215,1352,4334,0.8987,0.2803
L3,Meso_GonadalCoelEpi,Gonadal coelomic epithelial,2840,celltype_GarciaAlonso2022,CoelEpi_GATA2,54,1352,3446,0.0399,0.0157
L3,Meso_GonadalCoelEpi,Gonadal coelomic epithelial,2840,celltype_GarciaAlonso2022,OSE,43,1352,7453,0.0318,0.0058
L3,Meso_GonadalCoelEpi,Gonadal coelomic epithelial,2840,celltype_GarciaAlonso2022,Mesenchymal_GATA2,7,1352,42064,0.0052,0.0002
L3,Meso_GonadalCoelEpi,Gonadal coelomic epithelial,2840,celltype_GarciaAlonso2022,Oi,7,1352,23391,0.0052,0.0003
L3,Meso_GonadalCoelEpi,Gonadal coelomic epithelial,2840,celltype_GarciaAlonso2022,early_somatic,6,1352,2397,0.0044,0.0025
L3,Meso_GonadalCoelEpi,Gonadal coelomic epithelial,2840,celltype_GarciaAlonso2022,preGC_IIa,6,1352,12096,0.0044,0.0005
L3,Meso_GonadalCoelEpi,Gonadal coelomic epithelial,2840,celltype_GarciaAlonso2022,preGC_IIb,5,1352,23159,0.0037,0.0002
L3,Meso_GonadalCoelEpi,Gonadal coelomic epithelial,2840,celltype_GarciaAlonso2022,Gi,4,1352,2853,0.003,0.0014
L3,Meso_GonadalCoelEpi,Gonadal coelomic epithelial,2840,celltype_GarciaAlonso2022,preGC_I,3,1352,15678,0.0022,0.0002
L3,Meso_GonadalCoelEpi,Gonadal coelomic epithelial,2840,celltype_GarciaAlonso2022,early_sPAX8,1,1352,3557,0.0007,0.0003
L3,Meso_GonadalCoelEpi,Gonadal coelomic epithelial,2840,celltype_GarciaAlonso2022,early_supporting,1,1352,4387,0.0007,0.0002
L3,Meso_GonadalCoelEpi,Gonadal coelomic epithelial,2840,celltype_Lardenois2026,Gonadal_CE,555,894,3117,0.6208,0.1781
L3,Meso_GonadalCoelEpi,Gonadal coelomic epithelial,2840,celltype_Lardenois2026,Ovarian_SE,317,894,7280,0.3546,0.0435
L3,Meso_GonadalCoelEpi,Gonadal coelomic epithelial,2840,celltype_Lardenois2026,Extragonadal_CE,9,894,538,0.0101,0.0167
L3,Meso_GonadalCoelEpi,Gonadal coelomic epithelial,2840,celltype_Lardenois2026,Interstitial,6,894,9615,0.0067,0.0006
L3,Meso_GonadalCoelEpi,Gonadal coelomic epithelial,2840,celltype_Lardenois2026,Somatic_progenitors,5,894,3490,0.0056,0.0014
L3,Meso_GonadalCoelEpi,Gonadal coelomic epithelial,2840,celltype_Lardenois2026,Pre_granulosa,1,894,22112,0.0011,0.0
L3,Meso_GonadalCoelEpi,Gonadal coelomic epithelial,2840,celltype_Lardenois2026,Rete_testis_ovarii,1,894,974,0.0011,0.001
L3,Meso_GonadalCoelEpi,Gonadal coelomic epithelial,2840,celltype_Lorenzi2025,Coelomic Epi,210,247,6305,0.8502,0.0333
L3,Meso_GonadalCoelEpi,Gonadal coelomic epithelial,2840,celltype_Lorenzi2025,Müllerian Epi,20,247,2490,0.081,0.008
L3,Meso_GonadalCoelEpi,Gonadal coelomic epithelial,2840,celltype_Lorenzi2025,Fallopian Lig,6,247,17659,0.0243,0.0003
L3,Meso_GonadalCoelEpi,Gonadal coelomic epithelial,2840,celltype_Lorenzi2025,Müllerian Mese,5,247,2592,0.0202,0.0019
L3,Meso_GonadalCoelEpi,Gonadal coelomic epithelial,2840,celltype_Lorenzi2025,Cervix/Upper Vagina SmMu,1,247,11093,0.004,0.0001
L3,Meso_GonadalCoelEpi,Gonadal coelomic epithelial,2840,celltype_Lorenzi2025,Epoophron Mese,1,247,12245,0.004,0.0001
L3,Meso_GonadalCoelEpi,Gonadal coelomic epithelial,2840,celltype_Lorenzi2025,Pre-Perivascular,1,247,3970,0.004,0.0003
L3,Meso_GonadalCoelEpi,Gonadal coelomic epithelial,2840,celltype_Lorenzi2025,Upper Urogenital Sinus Mese,1,247,2667,0.004,0.0004
L3,Meso_GonadalCoelEpi,Gonadal coelomic epithelial,2840,celltype_Lorenzi2025,Vas Deferens Mese,1,247,1966,0.004,0.0005
L3,Meso_GonadalCoelEpi,Gonadal coelomic epithelial,2840,celltype_Lorenzi2025,Wolffian/Mesonephros Lig,1,247,614,0.004,0.0016
L3,Meso_GonadalCoelEpi,Gonadal coelomic epithelial,2840,celltype_OvarySanger2026,OSE_Fetal,15,16,4369,0.9375,0.0034
L3,Meso_GonadalCoelEpi,Gonadal coelomic epithelial,2840,celltype_OvarySanger2026,preGranulosa_II_Fetal,1,16,18524,0.0625,0.0001
L3,Meso_OSE,Ovarian surface epithelium,841,celltype_OvarySanger2026,OSE,33,36,34,0.9167,0.9706
L3,Meso_OSE,Ovarian surface epithelium,841,celltype_OvarySanger2026,Epithelial,2,36,5470,0.0556,0.0004
L3,Meso_OSE,Ovarian surface epithelium,841,celltype_OvarySanger2026,Immune_Tem/Trm_CD8,1,36,951,0.0278,0.0011
L3,Meso_OSE_Fetal,Fetal ovarian surface epithelium,23115,celltype_GarciaAlonso2022,OSE,7137,10912,7453,0.6541,0.9576
L3,Meso_OSE_Fetal,Fetal ovarian surface epithelium,23115,celltype_GarciaAlonso2022,CoelEpi_LHX9,2081,10912,4334,0.1907,0.4802
L3,Meso_OSE_Fetal,Fetal ovarian surface epithelium,23115,celltype_GarciaAlonso2022,CoelEpi_LHX9_cycling,731,10912,1336,0.067,0.5472
L3,Meso_OSE_Fetal,Fetal ovarian surface epithelium,23115,celltype_GarciaAlonso2022,preGC_IIa,373,10912,12096,0.0342,0.0308
L3,Meso_OSE_Fetal,Fetal ovarian surface epithelium,23115,celltype_GarciaAlonso2022,preGC_IIb,355,10912,23159,0.0325,0.0153
L3,Meso_OSE_Fetal,Fetal ovarian surface epithelium,23115,celltype_GarciaAlonso2022,CoelEpi_GATA2,88,10912,3446,0.0081,0.0255
L3,Meso_OSE_Fetal,Fetal ovarian surface epithelium,23115,celltype_GarciaAlonso2022,Gi,37,10912,2853,0.0034,0.013
L3,Meso_OSE_Fetal,Fetal ovarian surface epithelium,23115,celltype_GarciaAlonso2022,Oi,28,10912,23391,0.0026,0.0012
L3,Meso_OSE_Fetal,Fetal ovarian surface epithelium,23115,celltype_GarciaAlonso2022,Mesenchymal_GATA2,25,10912,42064,0.0023,0.0006
L3,Meso_OSE_Fetal,Fetal ovarian surface epithelium,23115,celltype_GarciaAlonso2022,early_somatic,17,10912,2397,0.0016,0.0071
L3,Meso_OSE_Fetal,Fetal ovarian surface epithelium,23115,celltype_GarciaAlonso2022,GermCells,10,10912,6937,0.0009,0.0014
L3,Meso_OSE_Fetal,Fetal ovarian surface epithelium,23115,celltype_GarciaAlonso2022,Epithelial,9,10912,9596,0.0008,0.0009
L3,Meso_OSE_Fetal,Fetal ovarian surface epithelium,23115,celltype_GarciaAlonso2022,early_sPAX8,7,10912,3557,0.0006,0.002
L3,Meso_OSE_Fetal,Fetal ovarian surface epithelium,23115,celltype_GarciaAlonso2022,preGC_I,7,10912,15678,0.0006,0.0004
L3,Meso_OSE_Fetal,Fetal ovarian surface epithelium,23115,celltype_GarciaAlonso2022,Neural,3,10912,1893,0.0003,0.0016
L3,Meso_OSE_Fetal,Fetal ovarian surface epithelium,23115,celltype_GarciaAlonso2022,PV,3,10912,9621,0.0003,0.0003
L3,Meso_OSE_Fetal,Fetal ovarian surface epithelium,23115,celltype_GarciaAlonso2022,SMCs,1,10912,2910,0.0001,0.0003
L3,Meso_OSE_Fetal,Fetal ovarian surface epithelium,23115,celltype_Lardenois2026,Ovarian_SE,6674,8976,7280,0.7435,0.9168
L3,Meso_OSE_Fetal,Fetal ovarian surface epithelium,23115,celltype_Lardenois2026,Gonadal_CE,1998,8976,3117,0.2226,0.641
L3,Meso_OSE_Fetal,Fetal ovarian surface epithelium,23115,celltype_Lardenois2026,Pre_granulosa,133,8976,22112,0.0148,0.006
L3,Meso_OSE_Fetal,Fetal ovarian surface epithelium,23115,celltype_Lardenois2026,Somatic_progenitors,86,8976,3490,0.0096,0.0246
L3,Meso_OSE_Fetal,Fetal ovarian surface epithelium,23115,celltype_Lardenois2026,Extragonadal_CE,34,8976,538,0.0038,0.0632
L3,Meso_OSE_Fetal,Fetal ovarian surface epithelium,23115,celltype_Lardenois2026,Interstitial,28,8976,9615,0.0031,0.0029
L3,Meso_OSE_Fetal,Fetal ovarian surface epithelium,23115,celltype_Lardenois2026,Low_QC,22,8976,87,0.0025,0.2529
L3,Meso_OSE_Fetal,Fetal ovarian surface epithelium,23115,celltype_Lardenois2026,Immune,1,8976,461,0.0001,0.0022
L3,Meso_OSE_Fetal,Fetal ovarian surface epithelium,23115,celltype_Lorenzi2025,Coelomic Epi,65,82,6305,0.7927,0.0103
L3,Meso_OSE_Fetal,Fetal ovarian surface epithelium,23115,celltype_Lorenzi2025,Preputial Lamina Epi,4,82,2666,0.0488,0.0015
L3,Meso_OSE_Fetal,Fetal ovarian surface epithelium,23115,celltype_Lorenzi2025,Fallopian Mese,2,82,29799,0.0244,0.0001
L3,Meso_OSE_Fetal,Fetal ovarian surface epithelium,23115,celltype_Lorenzi2025,Lower Vagina Epi,2,82,6543,0.0244,0.0003
L3,Meso_OSE_Fetal,Fetal ovarian surface epithelium,23115,celltype_Lorenzi2025,Müllerian Epi,2,82,2490,0.0244,0.0008
L3,Meso_OSE_Fetal,Fetal ovarian surface epithelium,23115,celltype_Lorenzi2025,Upper Urogenital Sinus Mese,2,82,2667,0.0244,0.0007
L3,Meso_OSE_Fetal,Fetal ovarian surface epithelium,23115,celltype_Lorenzi2025,Fallopian Epi,1,82,7650,0.0122,0.0001
L3,Meso_OSE_Fetal,Fetal ovarian surface epithelium,23115,celltype_Lorenzi2025,Fallopian Lig,1,82,17659,0.0122,0.0001
L3,Meso_OSE_Fetal,Fetal ovarian surface epithelium,23115,celltype_Lorenzi2025,Urogenital Sinus Lig,1,82,5172,0.0122,0.0002
L3,Meso_OSE_Fetal,Fetal ovarian surface epithelium,23115,celltype_Lorenzi2025,Uterus Mese,1,82,29149,0.0122,0.0
L3,Meso_OSE_Fetal,Fetal ovarian surface epithelium,23115,celltype_Lorenzi2025,Uterus/Cervix Epi,1,82,7381,0.0122,0.0001
L3,Meso_OSE_Fetal,Fetal ovarian surface epithelium,23115,celltype_OvarySanger2026,OSE_Fetal,4264,4995,4369,0.8537,0.976
L3,Meso_OSE_Fetal,Fetal ovarian surface epithelium,23115,celltype_OvarySanger2026,OSE_cycling,469,4995,581,0.0939,0.8072
L3,Meso_OSE_Fetal,Fetal ovarian surface epithelium,23115,celltype_OvarySanger2026,preGranulosa_II_Fetal,232,4995,18524,0.0464,0.0125
L3,Meso_OSE_Fetal,Fetal ovarian surface epithelium,23115,celltype_OvarySanger2026,Stroma_Fetal,9,4995,15369,0.0018,0.0006
L3,Meso_OSE_Fetal,Fetal ovarian surface epithelium,23115,celltype_OvarySanger2026,Granulosa_AMH_atr,5,4995,2721,0.001,0.0018
L3,Meso_OSE_Fetal,Fetal ovarian surface epithelium,23115,celltype_OvarySanger2026,Epithelial,3,4995,5470,0.0006,0.0005
L3,Meso_OSE_Fetal,Fetal ovarian surface epithelium,23115,celltype_OvarySanger2026,preGranulosa_I_Fetal,3,4995,5506,0.0006,0.0005
L3,Meso_OSE_Fetal,Fetal ovarian surface epithelium,23115,celltype_OvarySanger2026,Granulosa_AMH_antral_HedgLow,2,4995,3271,0.0004,0.0006
L3,Meso_OSE_Fetal,Fetal ovarian surface epithelium,23115,celltype_OvarySanger2026,Fallopian_mesen_Fetal,1,4995,7774,0.0002,0.0001
L3,Meso_OSE_Fetal,Fetal ovarian surface epithelium,23115,celltype_OvarySanger2026,Granulosa_AMH_cycling,1,4995,5506,0.0002,0.0002
L3,Meso_OSE_Fetal,Fetal ovarian surface epithelium,23115,celltype_OvarySanger2026,Granulosa_sq_atr,1,4995,2839,0.0002,0.0004
L3,Meso_OSE_Fetal,Fetal ovarian surface epithelium,23115,celltype_OvarySanger2026,Neural_Glia_DHH+,1,4995,639,0.0002,0.0016
L3,Meso_OSE_Fetal,Fetal ovarian surface epithelium,23115,celltype_OvarySanger2026,OSE,1,4995,34,0.0002,0.0294
L3,Meso_OSE_Fetal,Fetal ovarian surface epithelium,23115,celltype_OvarySanger2026,PV_Fibroblast,1,4995,1060,0.0002,0.0009
L3,Meso_OSE_Fetal,Fetal ovarian surface epithelium,23115,celltype_OvarySanger2026,RepTract_prePV_Fetal,1,4995,5285,0.0002,0.0002
L3,Meso_OSE_Fetal,Fetal ovarian surface epithelium,23115,celltype_OvarySanger2026,Stroma_InnCor,1,4995,75307,0.0002,0.0
L3,Meso_ParamesoCoelEpi,Paramesonephric coelomic epithelial,8490,celltype_GarciaAlonso2022,CoelEpi_GATA2,2178,3100,3446,0.7026,0.632
L3,Meso_ParamesoCoelEpi,Paramesonephric coelomic epithelial,8490,celltype_GarciaAlonso2022,CoelEpi_LHX9,710,3100,4334,0.229,0.1638
L3,Meso_ParamesoCoelEpi,Paramesonephric coelomic epithelial,8490,celltype_GarciaAlonso2022,Mesenchymal_GATA2,89,3100,42064,0.0287,0.0021
L3,Meso_ParamesoCoelEpi,Paramesonephric coelomic epithelial,8490,celltype_GarciaAlonso2022,Epithelial,74,3100,9596,0.0239,0.0077
L3,Meso_ParamesoCoelEpi,Paramesonephric coelomic epithelial,8490,celltype_GarciaAlonso2022,CoelEpi_LHX9_cycling,15,3100,1336,0.0048,0.0112
L3,Meso_ParamesoCoelEpi,Paramesonephric coelomic epithelial,8490,celltype_GarciaAlonso2022,early_sPAX8,13,3100,3557,0.0042,0.0037
L3,Meso_ParamesoCoelEpi,Paramesonephric coelomic epithelial,8490,celltype_GarciaAlonso2022,preGC_I,8,3100,15678,0.0026,0.0005
L3,Meso_ParamesoCoelEpi,Paramesonephric coelomic epithelial,8490,celltype_GarciaAlonso2022,Oi,6,3100,23391,0.0019,0.0003
L3,Meso_ParamesoCoelEpi,Paramesonephric coelomic epithelial,8490,celltype_GarciaAlonso2022,OSE,3,3100,7453,0.001,0.0004
L3,Meso_ParamesoCoelEpi,Paramesonephric coelomic epithelial,8490,celltype_GarciaAlonso2022,Gi,2,3100,2853,0.0006,0.0007
L3,Meso_ParamesoCoelEpi,Paramesonephric coelomic epithelial,8490,celltype_GarciaAlonso2022,early_supporting,1,3100,4387,0.0003,0.0002
L3,Meso_ParamesoCoelEpi,Paramesonephric coelomic epithelial,8490,celltype_GarciaAlonso2022,preGC_IIb,1,3100,23159,0.0003,0.0
L3,Meso_ParamesoCoelEpi,Paramesonephric coelomic epithelial,8490,celltype_Lardenois2026,Gonadal_CE,39,60,3117,0.65,0.0125
L3,Meso_ParamesoCoelEpi,Paramesonephric coelomic epithelial,8490,celltype_Lardenois2026,Extragonadal_CE,19,60,538,0.3167,0.0353
L3,Meso_ParamesoCoelEpi,Paramesonephric coelomic epithelial,8490,celltype_Lardenois2026,Ovarian_SE,2,60,7280,0.0333,0.0003
L3,Meso_ParamesoCoelEpi,Paramesonephric coelomic epithelial,8490,celltype_Lorenzi2025,Coelomic Epi,5183,5498,6305,0.9427,0.822
L3,Meso_ParamesoCoelEpi,Paramesonephric coelomic epithelial,8490,celltype_Lorenzi2025,Müllerian Mese,122,5498,2592,0.0222,0.0471
L3,Meso_ParamesoCoelEpi,Paramesonephric coelomic epithelial,8490,celltype_Lorenzi2025,Müllerian Epi,106,5498,2490,0.0193,0.0426
L3,Meso_ParamesoCoelEpi,Paramesonephric coelomic epithelial,8490,celltype_Lorenzi2025,Fallopian Lig,57,5498,17659,0.0104,0.0032
L3,Meso_ParamesoCoelEpi,Paramesonephric coelomic epithelial,8490,celltype_Lorenzi2025,Fallopian Epi,8,5498,7650,0.0015,0.001
L3,Meso_ParamesoCoelEpi,Paramesonephric coelomic epithelial,8490,celltype_Lorenzi2025,Fallopian Mese,4,5498,29799,0.0007,0.0001
L3,Meso_ParamesoCoelEpi,Paramesonephric coelomic epithelial,8490,celltype_Lorenzi2025,Vas Deferens Mese,4,5498,1966,0.0007,0.002
L3,Meso_ParamesoCoelEpi,Paramesonephric coelomic epithelial,8490,celltype_Lorenzi2025,Urogenital Sinus Lig,3,5498,5172,0.0005,0.0006
L3,Meso_ParamesoCoelEpi,Paramesonephric coelomic epithelial,8490,celltype_Lorenzi2025,Uterus Mese,3,5498,29149,0.0005,0.0001
L3,Meso_ParamesoCoelEpi,Paramesonephric coelomic epithelial,8490,celltype_Lorenzi2025,Glans,2,5498,5648,0.0004,0.0004
L3,Meso_ParamesoCoelEpi,Paramesonephric coelomic epithelial,8490,celltype_Lorenzi2025,Upper Urogenital Sinus Mese,2,5498,2667,0.0004,0.0007
L3,Meso_ParamesoCoelEpi,Paramesonephric coelomic epithelial,8490,celltype_Lorenzi2025,Lower Urogenital Sinus Mese,1,5498,6828,0.0002,0.0001
L3,Meso_ParamesoCoelEpi,Paramesonephric coelomic epithelial,8490,celltype_Lorenzi2025,Wolffian Epi,1,5498,2733,0.0002,0.0004
L3,Meso_ParamesoCoelEpi,Paramesonephric coelomic epithelial,8490,celltype_Lorenzi2025,Wolffian/Mesonephros Lig,1,5498,614,0.0002,0.0016
L3,Meso_ParamesoCoelEpi,Paramesonephric coelomic epithelial,8490,celltype_Lorenzi2025,Wolffian/Mesonephros Mese,1,5498,18850,0.0002,0.0001
L3,Meso_ParamesoCoelEpi,Paramesonephric coelomic epithelial,8490,celltype_OvarySanger2026,Epithelial,40,48,5470,0.8333,0.0073
L3,Meso_ParamesoCoelEpi,Paramesonephric coelomic epithelial,8490,celltype_OvarySanger2026,Fallopian_lig_Fetal,6,48,3990,0.125,0.0015
L3,Meso_ParamesoCoelEpi,Paramesonephric coelomic epithelial,8490,celltype_OvarySanger2026,OSE_Fetal,1,48,4369,0.0208,0.0002
L3,Meso_ParamesoCoelEpi,Paramesonephric coelomic epithelial,8490,celltype_OvarySanger2026,Stroma_Fetal,1,48,15369,0.0208,0.0001
L3,Meso_Peritoneal_Fetal,Fetal peritoneum lining mesothelium,4720,celltype_GarciaAlonso2022,CoelEpi_GATA2,886,1564,3446,0.5665,0.2571
L3,Meso_Peritoneal_Fetal,Fetal peritoneum lining mesothelium,4720,celltype_GarciaAlonso2022,Mesenchymal_GATA2,624,1564,42064,0.399,0.0148
L3,Meso_Peritoneal_Fetal,Fetal peritoneum lining mesothelium,4720,celltype_GarciaAlonso2022,CoelEpi_LHX9,26,1564,4334,0.0166,0.006
L3,Meso_Peritoneal_Fetal,Fetal peritoneum lining mesothelium,4720,celltype_GarciaAlonso2022,Gi,11,1564,2853,0.007,0.0039
L3,Meso_Peritoneal_Fetal,Fetal peritoneum lining mesothelium,4720,celltype_GarciaAlonso2022,CoelEpi_LHX9_cycling,6,1564,1336,0.0038,0.0045
L3,Meso_Peritoneal_Fetal,Fetal peritoneum lining mesothelium,4720,celltype_GarciaAlonso2022,early_sPAX8,6,1564,3557,0.0038,0.0017
L3,Meso_Peritoneal_Fetal,Fetal peritoneum lining mesothelium,4720,celltype_GarciaAlonso2022,Oi,3,1564,23391,0.0019,0.0001
L3,Meso_Peritoneal_Fetal,Fetal peritoneum lining mesothelium,4720,celltype_GarciaAlonso2022,Epithelial,2,1564,9596,0.0013,0.0002
L3,Meso_Peritoneal_Fetal,Fetal peritoneum lining mesothelium,4720,celltype_Lardenois2026,Extragonadal_CE,451,472,538,0.9555,0.8383
L3,Meso_Peritoneal_Fetal,Fetal peritoneum lining mesothelium,4720,celltype_Lardenois2026,Gonadal_CE,11,472,3117,0.0233,0.0035
L3,Meso_Peritoneal_Fetal,Fetal peritoneum lining mesothelium,4720,celltype_Lardenois2026,Mesonephric_mesenchymal,7,472,406,0.0148,0.0172
L3,Meso_Peritoneal_Fetal,Fetal peritoneum lining mesothelium,4720,celltype_Lardenois2026,Ducts,1,472,55,0.0021,0.0182
L3,Meso_Peritoneal_Fetal,Fetal peritoneum lining mesothelium,4720,celltype_Lardenois2026,Immune,1,472,461,0.0021,0.0022
L3,Meso_Peritoneal_Fetal,Fetal peritoneum lining mesothelium,4720,celltype_Lardenois2026,Ovarian_SE,1,472,7280,0.0021,0.0001
L3,Meso_Peritoneal_Fetal,Fetal peritoneum lining mesothelium,4720,celltype_Lorenzi2025,Vas Deferens Mese,868,1926,1966,0.4507,0.4415
L3,Meso_Peritoneal_Fetal,Fetal peritoneum lining mesothelium,4720,celltype_Lorenzi2025,Coelomic Epi,638,1926,6305,0.3313,0.1012
L3,Meso_Peritoneal_Fetal,Fetal peritoneum lining mesothelium,4720,celltype_Lorenzi2025,Müllerian Mese,229,1926,2592,0.1189,0.0883
L3,Meso_Peritoneal_Fetal,Fetal peritoneum lining mesothelium,4720,celltype_Lorenzi2025,Uterus Mese,100,1926,29149,0.0519,0.0034
L3,Meso_Peritoneal_Fetal,Fetal peritoneum lining mesothelium,4720,celltype_Lorenzi2025,Fallopian Lig,22,1926,17659,0.0114,0.0012
L3,Meso_Peritoneal_Fetal,Fetal peritoneum lining mesothelium,4720,celltype_Lorenzi2025,Wolffian/Mesonephros Mese,11,1926,18850,0.0057,0.0006
L3,Meso_Peritoneal_Fetal,Fetal peritoneum lining mesothelium,4720,celltype_Lorenzi2025,Urogenital Sinus Lig,10,1926,5172,0.0052,0.0019
L3,Meso_Peritoneal_Fetal,Fetal peritoneum lining mesothelium,4720,celltype_Lorenzi2025,Uterus Lig,10,1926,10625,0.0052,0.0009
L3,Meso_Peritoneal_Fetal,Fetal peritoneum lining mesothelium,4720,celltype_Lorenzi2025,Wolffian/Mesonephros Lig,9,1926,614,0.0047,0.0147
L3,Meso_Peritoneal_Fetal,Fetal peritoneum lining mesothelium,4720,celltype_Lorenzi2025,Upper Urogenital Sinus Mese,8,1926,2667,0.0042,0.003
L3,Meso_Peritoneal_Fetal,Fetal peritoneum lining mesothelium,4720,celltype_Lorenzi2025,Fallopian Mese,7,1926,29799,0.0036,0.0002
L3,Meso_Peritoneal_Fetal,Fetal peritoneum lining mesothelium,4720,celltype_Lorenzi2025,Cervix/Vagina Lig,5,1926,7698,0.0026,0.0006
L3,Meso_Peritoneal_Fetal,Fetal peritoneum lining mesothelium,4720,celltype_Lorenzi2025,Lower Vagina Mese,4,1926,3228,0.0021,0.0012
L3,Meso_Peritoneal_Fetal,Fetal peritoneum lining mesothelium,4720,celltype_Lorenzi2025,Uterus SmMu,2,1926,7029,0.001,0.0003
L3,Meso_Peritoneal_Fetal,Fetal peritoneum lining mesothelium,4720,celltype_Lorenzi2025,Epoophron Mese,1,1926,12245,0.0005,0.0001
L3,Meso_Peritoneal_Fetal,Fetal peritoneum lining mesothelium,4720,celltype_Lorenzi2025,Fallopian Epi,1,1926,7650,0.0005,0.0001
L3,Meso_Peritoneal_Fetal,Fetal peritoneum lining mesothelium,4720,celltype_Lorenzi2025,Glans,1,1926,5648,0.0005,0.0002
L3,Meso_Peritoneal_Fetal,Fetal peritoneum lining mesothelium,4720,celltype_OvarySanger2026,Fallopian_lig_Fetal,1,1,3990,1.0,0.0003
L3,Meso_serosa,Peritoneum lining mesothelium,453,celltype_Ulrich2022,secretory cell,20,22,11019,0.9091,0.0018
L3,Meso_serosa,Peritoneum lining mesothelium,453,celltype_Ulrich2022,fibroblast,2,22,4969,0.0909,0.0004
L3,Meso_serosa,Peritoneum lining mesothelium,453,celltype_Ulrich2024,Myoepithelial,48,65,110,0.7385,0.4364
L3,Meso_serosa,Peritoneum lining mesothelium,453,celltype_Ulrich2024,dS2,15,65,23111,0.2308,0.0006
L3,Meso_serosa,Peritoneum lining mesothelium,453,celltype_Ulrich2024,PV-MYH11_CDKN1A+,1,65,10659,0.0154,0.0001
L3,Meso_serosa,Peritoneum lining mesothelium,453,celltype_Ulrich2024,dS3,1,65,15871,0.0154,0.0001
L3,Meso_serosa,Peritoneum lining mesothelium,453,celltype_Weigert2025,fallopian tube secretory epithelial cell,124,189,3364,0.6561,0.0369
L3,Meso_serosa,Peritoneum lining mesothelium,453,celltype_Weigert2025,peg cell,62,189,4600,0.328,0.0135
L3,Meso_serosa,Peritoneum lining mesothelium,453,celltype_Weigert2025,perivascular cell,2,189,8542,0.0106,0.0002
L3,Meso_serosa,Peritoneum lining mesothelium,453,celltype_Weigert2025,ciliated epithelial cell,1,189,5184,0.0053,0.0002
L4,Neural_Melanocyte_Fetal,Genital melanocytes fetal,88,celltype_Lorenzi2025,Schwann,87,88,7553,0.9886,0.0115
L4,Neural_Melanocyte_Fetal,Genital melanocytes fetal,88,celltype_Lorenzi2025,Labio-Scrotal Swelling,1,88,3319,0.0114,0.0003
L3,Neural_Schwann,Glials,781,celltype_GarciaAlonso2021,Fibroblast C7,4,4,678,1.0,0.0059
L3,Neural_Schwann,Glials,781,celltype_OvarySanger2026,Neural_Glia_Adult,425,502,650,0.8466,0.6538
L3,Neural_Schwann,Glials,781,celltype_OvarySanger2026,Neural_Glia_DHH+,76,502,639,0.1514,0.1189
L3,Neural_Schwann,Glials,781,celltype_OvarySanger2026,Neural_IPA_neurons_fetal,1,502,98,0.002,0.0102
L3,Neural_Schwann,Glials,781,celltype_Ulrich2022,fibroblast,9,9,4969,1.0,0.0018
L3,Neural_Schwann,Glials,781,celltype_Ulrich2024,RUNX3+_Fibroblast,5,16,23,0.3125,0.2174
L3,Neural_Schwann,Glials,781,celltype_Ulrich2024,PV-MYH11_CDKN1A+,3,16,10659,0.1875,0.0003
L3,Neural_Schwann,Glials,781,celltype_Ulrich2024,dS2,3,16,23111,0.1875,0.0001
L3,Neural_Schwann,Glials,781,celltype_Ulrich2024,dS3,2,16,15871,0.125,0.0001
L3,Neural_Schwann,Glials,781,celltype_Ulrich2024,EndoMT,1,16,125,0.0625,0.008
L3,Neural_Schwann,Glials,781,celltype_Ulrich2024,C7-Fibroblast,1,16,1120,0.0625,0.0009
L3,Neural_Schwann,Glials,781,celltype_Ulrich2024,Myoepithelial,1,16,110,0.0625,0.0091
L3,Neural_Schwann,Glials,781,celltype_Weigert2025,stromal cell,4,8,51072,0.5,0.0001
L3,Neural_Schwann,Glials,781,celltype_Weigert2025,fallopian tube secretory epithelial cell,2,8,3364,0.25,0.0006
L3,Neural_Schwann,Glials,781,celltype_Weigert2025,peg cell,1,8,4600,0.125,0.0002
L3,Neural_Schwann,Glials,781,celltype_Weigert2025,perivascular cell,1,8,8542,0.125,0.0001
L4,Neural_Schwann_Cyc,Schwanns cycling,2401,celltype_GarciaAlonso2022,Neural,320,320,1893,1.0,0.169
L4,Neural_Schwann_Cyc,Schwanns cycling,2401,celltype_Lardenois2026,Neuroendocrine,11,12,16,0.9167,0.6875
L4,Neural_Schwann_Cyc,Schwanns cycling,2401,celltype_Lardenois2026,Interstitial,1,12,9615,0.0833,0.0001
L4,Neural_Schwann_Cyc,Schwanns cycling,2401,celltype_Lorenzi2025,Schwann,1575,1956,7553,0.8052,0.2085
L4,Neural_Schwann_Cyc,Schwanns cycling,2401,celltype_Lorenzi2025,Neural,378,1956,4571,0.1933,0.0827
L4,Neural_Schwann_Cyc,Schwanns cycling,2401,celltype_Lorenzi2025,Corpus Cavernosum,1,1956,9075,0.0005,0.0001
L4,Neural_Schwann_Cyc,Schwanns cycling,2401,celltype_Lorenzi2025,Perivascular,1,1956,13206,0.0005,0.0001
L4,Neural_Schwann_Cyc,Schwanns cycling,2401,celltype_Lorenzi2025,Upper Vagina Mese,1,1956,7172,0.0005,0.0001
L4,Neural_Schwann_Cyc,Schwanns cycling,2401,celltype_OvarySanger2026,Neural_Glia_DHH+,35,41,639,0.8537,0.0548
L4,Neural_Schwann_Cyc,Schwanns cycling,2401,celltype_OvarySanger2026,Neural_Glia_Adult,4,41,650,0.0976,0.0062
L4,Neural_Schwann_Cyc,Schwanns cycling,2401,celltype_OvarySanger2026,OSE_cycling,2,41,581,0.0488,0.0034
L4,Neural_Schwann_Fetal,Schwanns mature fetal,5801,celltype_GarciaAlonso2022,Neural,801,801,1893,1.0,0.4231
L4,Neural_Schwann_Fetal,Schwanns mature fetal,5801,celltype_Lorenzi2025,Schwann,4976,4986,7553,0.998,0.6588
L4,Neural_Schwann_Fetal,Schwanns mature fetal,5801,celltype_Lorenzi2025,Neural,8,4986,4571,0.0016,0.0018
L4,Neural_Schwann_Fetal,Schwanns mature fetal,5801,celltype_Lorenzi2025,Glans,1,4986,5648,0.0002,0.0002
L4,Neural_Schwann_Fetal,Schwanns mature fetal,5801,celltype_Lorenzi2025,Preputial Lamina Epi,1,4986,2666,0.0002,0.0004
L4,Neural_Schwann_Fetal,Schwanns mature fetal,5801,celltype_OvarySanger2026,Neural_Glia_DHH+,514,723,639,0.7109,0.8044
L4,Neural_Schwann_Fetal,Schwanns mature fetal,5801,celltype_OvarySanger2026,Neural_Glia_Adult,208,723,650,0.2877,0.32
L4,Neural_Schwann_Fetal,Schwanns mature fetal,5801,celltype_OvarySanger2026,Stroma_Medulla,1,723,9919,0.0014,0.0001
L4,Neural_Schwann_Immature,Schwanns immature/promyelinating,35,celltype_Lorenzi2025,Schwann,35,35,7553,1.0,0.0046
L4,Neural_Schwann_Precursor,Schwann precursor,847,celltype_GarciaAlonso2022,Neural,1,1,1893,1.0,0.0005
L4,Neural_Schwann_Precursor,Schwann precursor,847,celltype_Lorenzi2025,Schwann,845,846,7553,0.9988,0.1119
L4,Neural_Schwann_Precursor,Schwann precursor,847,celltype_Lorenzi2025,Glans,1,846,5648,0.0012,0.0002
L4,Neural_Schwann_Precursor,Schwann precursor,847,celltype_OvarySanger2026,Neural_Glia_DHH+,1,1,639,1.0,0.0016
L4,Neural_Schwann_myelinating,Schwanns myelinating,22,celltype_OvarySanger2026,Neural_Glia_DHH+,8,8,639,1.0,0.0125
L4,Neural_SympatheticNeurons_Immature,Sympathetic neurons immature,4469,celltype_GarciaAlonso2022,Neural,701,703,1893,0.9972,0.3703
L4,Neural_SympatheticNeurons_Immature,Sympathetic neurons immature,4469,celltype_GarciaAlonso2022,GermCells,1,703,6937,0.0014,0.0001
L4,Neural_SympatheticNeurons_Immature,Sympathetic neurons immature,4469,celltype_GarciaAlonso2022,preGC_I,1,703,15678,0.0014,0.0001
L4,Neural_SympatheticNeurons_Immature,Sympathetic neurons immature,4469,celltype_Lardenois2026,Neuroendocrine,5,5,16,1.0,0.3125
L4,Neural_SympatheticNeurons_Immature,Sympathetic neurons immature,4469,celltype_Lorenzi2025,Neural,3609,3622,4571,0.9964,0.7895
L4,Neural_SympatheticNeurons_Immature,Sympathetic neurons immature,4469,celltype_Lorenzi2025,Schwann,10,3622,7553,0.0028,0.0013
L4,Neural_SympatheticNeurons_Immature,Sympathetic neurons immature,4469,celltype_Lorenzi2025,Urethral Epi,1,3622,2745,0.0003,0.0004
L4,Neural_SympatheticNeurons_Immature,Sympathetic neurons immature,4469,celltype_Lorenzi2025,Urogenital Sinus Epi,1,3622,1290,0.0003,0.0008
L4,Neural_SympatheticNeurons_Immature,Sympathetic neurons immature,4469,celltype_Lorenzi2025,Urogenital Sinus Lig,1,3622,5172,0.0003,0.0002
L4,Neural_SympatheticNeurons_Immature,Sympathetic neurons immature,4469,celltype_OvarySanger2026,Neural_Motor_NEURO_exc_fetal,161,270,161,0.5963,1.0
L4,Neural_SympatheticNeurons_Immature,Sympathetic neurons immature,4469,celltype_OvarySanger2026,Neural_IPA_neurons_fetal,97,270,98,0.3593,0.9898
L4,Neural_SympatheticNeurons_Immature,Sympathetic neurons immature,4469,celltype_OvarySanger2026,Neural_Glia_Adult,10,270,650,0.037,0.0154
L4,Neural_SympatheticNeurons_Immature,Sympathetic neurons immature,4469,celltype_OvarySanger2026,Neural_Glia_DHH+,2,270,639,0.0074,0.0031
L4,Neural_SympatheticNeurons_Immature_Cyc,Sympathetic neurons cycling,394,celltype_GarciaAlonso2022,Neural,53,53,1893,1.0,0.028
L4,Neural_SympatheticNeurons_Immature_Cyc,Sympathetic neurons cycling,394,celltype_Lorenzi2025,Neural,333,337,4571,0.9881,0.0729
L4,Neural_SympatheticNeurons_Immature_Cyc,Sympathetic neurons cycling,394,celltype_Lorenzi2025,Schwann,4,337,7553,0.0119,0.0005
L4,Neural_SympatheticNeurons_Immature_Cyc,Sympathetic neurons cycling,394,celltype_OvarySanger2026,Fallopian_mesen_Fetal,2,3,7774,0.6667,0.0003
L4,Neural_SympatheticNeurons_Immature_Cyc,Sympathetic neurons cycling,394,celltype_OvarySanger2026,Neural_Glia_DHH+,1,3,639,0.3333,0.0016
L4,Neural_SympatheticNeurons_Noradrenergic,Sympathetic neurons noradrenergic,246,celltype_GarciaAlonso2022,Neural,9,9,1893,1.0,0.0048
L4,Neural_SympatheticNeurons_Noradrenergic,Sympathetic neurons noradrenergic,246,celltype_Lorenzi2025,Neural,237,237,4571,1.0,0.0518
